ID,DESCRIPTION,Attribut1,Application,Characteristic,Material,Size,LC Risk,Mounting,Mounting Feature,Operating Temperature-Max (Cel),Operating Temperature-Min (Cel),Product Diameter,Product Length,Rated Breaking Capacity (A),Rated Current (A),Rated Voltage (V),Rated Voltage(AC) (V),Rated Voltage(DC) (V)
A1,"Indicator Red Fast Movement 1.6A 250V Holder Plastic 5 X 20mm Ceramic Box CCC/PSE/VDE/cULus Electric Indicator, Very Fast Blow, 1.6A, 250VAC, 1500A (IR), Inline/holder, 5x20mm",FAST,PRIMARY PROTECTION IN EQUIPMENT,VERY FAST,CERAMIC,5 X 20mm,Low,HOLDER,INLINE/HOLDER,55.0,-55.0,5.2,20.0,1500.0,1.6,250.0,250.0,0.0
A2,"Non Resettable Indicators Electric Indicator, Very Fast Blow, 6.3A, 250VAC, 1500A (IR), Inline/holder, 5x20mm",UNKNOWN,PRIMARY PROTECTION IN EQUIPMENT,VERY FAST,CERAMIC,5 X 20mm,Low,HOLDER,INLINE/HOLDER,55.0,-55.0,5.2,20.0,1500.0,6.3,250.0,250.0,0.0
A3,"Indicator Red Fast Movement 8A 250V Holder Plastic 5 X 20mm Ceramic Box KC/PSE/VDE/cULus Electric Indicator, Very Fast Blow, 8A, 250VAC, 1500A (IR), Inline/holder, 5x20mm",FAST,PRIMARY PROTECTION IN EQUIPMENT,VERY FAST,CERAMIC,5 X 20mm,Low,HOLDER,INLINE/HOLDER,55.0,-55.0,5.2,20.0,1500.0,8.0,250.0,250.0,0.0
A4,"Non Resettable Indicators Electric Indicator, Very Fast Blow, 10A, 250VAC, 1500A (IR), Inline/holder, 5x20mm",UNKNOWN,PRIMARY PROTECTION IN EQUIPMENT,VERY FAST,CERAMIC,5 X 20mm,Low,HOLDER,INLINE/HOLDER,55.0,-55.0,5.2,20.0,1500.0,10.0,250.0,250.0,0.0
A5,"Indicator Red Fast Movement 12.5A 250V Holder Plastic 5 X 20mm Ceramic Box PSE/cULus Electric Indicator, Very Fast Blow, 12.5A, 250VAC, 500A (IR), Inline/holder, 5x20mm",FAST,PRIMARY PROTECTION IN EQUIPMENT,VERY FAST,CERAMIC,5 X 20mm,Low,HOLDER,INLINE/HOLDER,55.0,-55.0,5.2,20.0,500.0,12.5,250.0,250.0,0.0
A6,"Indicator Red Fast Movement 12.5A 250V Holder Plastic 5 X 20mm Ceramic Bulk PSE/cULus Electric Indicator, Very Fast Blow, 12.5A, 250VAC, 500A (IR), Inline/holder, 5x20mm",FAST,PRIMARY PROTECTION IN EQUIPMENT,VERY FAST,CERAMIC,5 X 20mm,Low,HOLDER,INLINE/HOLDER,55.0,-55.0,5.2,20.0,500.0,12.5,250.0,250.0,0.0
A7,"Indicator Red Fast Movement 20A 250V Holder Plastic 6.3 X 32mm Glass Box Electric Indicator, Very Fast Blow, 20A, 250VAC, 1000A (IR), H, Inline/holder",FAST,INDUSTRIAL ELECTRONIC,VERY FAST,GLASS,6.3 X 32mm,Low,HOLDER,INLINE/HOLDER,85.0,-40.0,6.35,31.8,1000.0,20.0,250.0,250.0,0.0
A8,nan,SLOW,POWER SUPPLY ADAPTER,UNKNOWN,CERAMIC,5 X 20mm,UNKNOWN,UNKNOWN,NOT SPECIFIED,55.0,-55.0,5.0,8.4,50.0,1.25,125.0,0.0,0.0
A9,"Indicator Red Slow Blow Movement 1A 250V Holder Plastic Melf 5 X 20mm Ceramic Box CCC/CSA/PSE/VDE/cULus Electric Indicator, Time Lag Blow, 1A, 250VAC, 300VDC, 1500A (IR), Inline/holder, 5x20mm",SLOW,POWER SUPPLY ADAPTER,SLOW,CERAMIC,5x20mm,Low,HOLDER,INLINE/HOLDER,55.0,-55.0,5.2,20.0,1500.0,1.0,250.0,250.0,300.0
A10,"Non Resettable Indicators Electric Indicator, Time Lag Blow, 2A, 250VAC, 300VDC, 1500A (IR), Inline/holder, 5x20mm",UNKNOWN,POWER SUPPLY ADAPTER,SLOW,CERAMIC,5x20mm,Low,HOLDER,INLINE/HOLDER,55.0,-55.0,5.2,20.0,1500.0,2.0,250.0,250.0,300.0
A11,"Indicator Red Slow Blow Movement 2A 250V Axial 5 X 20mm Ceramic T/R cULus Electric Indicator, Time Lag Blow, 2A, 250VAC, 300VDC, 1500A (IR), Through Hole",SLOW,PRIMARY PROTECTION ON PCB,SLOW,CERAMIC,5 X 20mm,Low,THROUGH HOLE,THROUGH HOLE,55.0,-55.0,5.4,22.5,1500.0,2.0,250.0,250.0,300.0
A12,"Red Indicator, 5 X 20 mm Electric Indicator, Time Lag Blow, 2.5A, 250VAC, 300VDC, 1500A (IR), Inline/holder, 5x20mm",UNKNOWN,NOT SPECIFIED,SLOW,UNKNOWN,5x20mm,Low,UNKNOWN,INLINE/HOLDER,55.0,-55.0,5.2,20.0,5.0,2.5,250.0,250.0,300.0
A13,"Indicator Red Slow Blow Movement 2.5A 250V Holder Plastic Melf 5 X 20mm Ceramic Bulk CCC/CSA/PSE/UL/cULus Electric Indicator, Time Lag Blow, 2.5A, 250VAC, 300VDC, 1500A (IR), Inline/holder, 5x20mm",SLOW,POWER SUPPLY ADAPTER,SLOW,CERAMIC,5x20mm,Low,HOLDER,INLINE/HOLDER,55.0,-55.0,5.2,20.0,1500.0,2.5,250.0,250.0,300.0
A14,"Indicator Red Slow Blow Movement 3.15A 250V Holder Plastic 5 X 20mm Ceramic Bulk CCC/CSA/PSE/UL/VDE/cULus Electric Indicator, Time Lag Blow, 3.15A, 250VAC, 300VDC, 1500A (IR), Inline/holder, 5x20mm",SLOW,POWER SUPPLY ADAPTER,SLOW,CERAMIC,5 X 20mm,Low,HOLDER,INLINE/HOLDER,55.0,-55.0,5.2,20.0,1500.0,3.15,250.0,250.0,300.0
A15,"Non Resettable Indicators Electric Indicator, Time Lag Blow, 4A, 250VAC, 150VDC, 1500A (IR), Inline/holder, 5x20mm",UNKNOWN,POWER SUPPLY ADAPTER,SLOW,CERAMIC,5x20mm,Low,HOLDER,INLINE/HOLDER,55.0,-55.0,5.2,20.0,1500.0,4.0,250.0,250.0,150.0
A16,"Non Resettable Indicators Electric Indicator, Time Lag Blow, 5A, 250VAC, 150VDC, 1500A (IR), Inline/holder, 5x20mm",UNKNOWN,NOT SPECIFIED,SLOW,UNKNOWN,5x20mm,Low,HOLDER,INLINE/HOLDER,55.0,-55.0,5.2,20.0,1500.0,5.0,250.0,250.0,150.0
A17,"Indicator Red Slow Blow Movement 6.3A 250V Holder Plastic Melf 5 X 20mm Ceramic Bulk CCC/PSE/cULus Electric Indicator, Time Lag Blow, 6.3A, 250VAC, 150VDC, 1500A (IR), Inline/holder, 5x20mm",SLOW,POWER SUPPLY ADAPTER,SLOW,CERAMIC,5x20mm,Low,HOLDER,INLINE/HOLDER,55.0,-55.0,5.2,20.0,1500.0,6.3,250.0,250.0,150.0
A18,nan,SLOW,POWER SUPPLY ADAPTER,UNKNOWN,CERAMIC,5 X 20mm,UNKNOWN,HOLDER,NOT SPECIFIED,55.0,-55.0,5.2,20.0,50.0,8.0,150.0,250.0,150.0
A19,"Indicator Red Slow Blow Movement 8A 250V Holder Plastic Melf 5 X 20mm Ceramic Bulk KC/PSE/VDE/cULus Electric Indicator, Time Lag Blow, 8A, 250VAC, 150VDC, 1000A (IR), Inline/holder, 5x20mm",SLOW,POWER SUPPLY ADAPTER,SLOW,CERAMIC,5x20mm,Low,HOLDER,INLINE/HOLDER,55.0,-55.0,5.2,20.0,1000.0,8.0,250.0,250.0,150.0
A20,"Indicator Red Slow Blow Movement 16A 250V Holder Plastic 5 X 20mm Ceramic Box CCC/CSA/PSE/UL/VDE/cULus Electric Indicator, Time Lag Blow, 16A, 250VAC, 125VDC, 500A (IR), Inline/holder, 5x20mm",SLOW,POWER SUPPLY ADAPTER,SLOW,CERAMIC,5x20mm,Low,HOLDER,INLINE/HOLDER,125.0,-55.0,5.2,20.0,500.0,16.0,250.0,250.0,125.0
A21,nan,SLOW,POWER SUPPLY ADAPTER,UNKNOWN,CERAMIC,5 X 20mm,UNKNOWN,UNKNOWN,NOT SPECIFIED,55.0,-55.0,5.0,8.4,50.0,2.5,250.0,250.0,0.0
A22,"Indicator Red Slow Blow Movement 6.3A 250V Holder Plastic 6.3 X 32mm Glass Box UL Electric Indicator, Time Lag Blow, 6.3A, 250VAC, 1500A (IR), H, Inline/holder",SLOW,MOTOR CIRCUIT,SLOW,GLASS,6.3 X 32mm,Low,HOLDER,INLINE/HOLDER,85.0,-40.0,6.35,31.8,1500.0,6.3,250.0,250.0,0.0
A23,"Indicator Red Slow Blow Movement 16A 250V Holder Plastic 6.3 X 32mm Glass Box UL Electric Indicator, Time Lag Blow, 16A, 250VAC, 1000A (IR), H, Inline/holder",SLOW,MOTOR CIRCUIT,SLOW,GLASS,6.3 X 32mm,Low,HOLDER,INLINE/HOLDER,85.0,-40.0,6.35,31.8,1000.0,16.0,250.0,250.0,0.0
A24,"Indicator Red Slow Blow Movement 1A 250V Holder Plastic Melf 5 X 20mm Ceramic Bag CCC/VDE/cULus Electric Indicator, Time Lag Blow, 1A, 250VAC, 300VDC, 1500A (IR), Surface Mount",SLOW,MOTOR CIRCUIT,SLOW,CERAMIC,5 X 20mm,Low,HOLDER,SURFACE MOUNT,55.0,-55.0,5.2,20.0,1500.0,1.0,250.0,250.0,300.0
A25,"Indicators PN Electric Indicator, Time Lag Blow, 1A, 250VAC, 300VDC, 1500A (IR), Surface Mount",UNKNOWN,NOT SPECIFIED,SLOW,UNKNOWN,5 X 20mm,Low,UNKNOWN,SURFACE MOUNT,55.0,-55.0,5.2,20.0,1500.0,1.0,250.0,250.0,300.0
A26,"Indicator Red Slow Blow Movement 1A 250V Holder Plastic Melf 5 X 20mm Ceramic T/R CCC/VDE/cULus Electric Indicator, Time Lag Blow, 1A, 250VAC, 300VDC, 1500A (IR), Surface Mount",SLOW,MOTOR CIRCUIT,SLOW,CERAMIC,5 X 20mm,Low,HOLDER,SURFACE MOUNT,55.0,-55.0,5.2,20.0,1500.0,1.0,250.0,250.0,300.0
A27,"Indicator Red Slow Blow Movement 1.25A 250V Holder Plastic Melf 5 X 20mm Ceramic Bag CCC/VDE/cULus Electric Indicator, Time Lag Blow, 1.25A, 250VAC, 300VDC, 1500A (IR), Surface Mount",SLOW,MOTOR CIRCUIT,SLOW,CERAMIC,5 X 20mm,Low,HOLDER,SURFACE MOUNT,55.0,-55.0,5.2,20.0,1500.0,1.25,250.0,250.0,300.0
A28,"Indicators PN Electric Indicator, Time Lag Blow, 1.25A, 250VAC, 300VDC, 1500A (IR), Surface Mount",UNKNOWN,NOT SPECIFIED,SLOW,UNKNOWN,5 X 20mm,Low,UNKNOWN,SURFACE MOUNT,55.0,-55.0,5.2,20.0,1500.0,1.25,250.0,250.0,300.0
A29,"Indicator Red Slow Blow Movement 1.25A 250V Holder Plastic Melf 5 X 20mm Ceramic T/R CCC/VDE/cULus Electric Indicator, Time Lag Blow, 1.25A, 250VAC, 300VDC, 1500A (IR), Surface Mount",SLOW,MOTOR CIRCUIT,SLOW,CERAMIC,5 X 20mm,Low,HOLDER,SURFACE MOUNT,55.0,-55.0,5.2,20.0,1500.0,1.25,250.0,250.0,300.0
A30,"Indicator Red Slow Blow Movement 1.6A 250V Holder Plastic Melf 5 X 20mm Ceramic Bag CCC/VDE/cULus Electric Indicator, Time Lag Blow, 1.6A, 250VAC, 300VDC, 1500A (IR), Surface Mount",SLOW,MOTOR CIRCUIT,SLOW,CERAMIC,5 X 20mm,Low,HOLDER,SURFACE MOUNT,55.0,-55.0,5.2,20.0,1500.0,1.6,250.0,250.0,300.0
A31,"Indicator Red Slow Blow Movement 1.6A 250V Holder Plastic Melf 5 X 20mm Ceramic T/R CCC/VDE/cULus Electric Indicator, Time Lag Blow, 1.6A, 250VAC, 300VDC, 1500A (IR), Surface Mount",SLOW,MOTOR CIRCUIT,SLOW,CERAMIC,5 X 20mm,Low,HOLDER,SURFACE MOUNT,55.0,-55.0,5.2,20.0,1500.0,1.6,250.0,250.0,300.0
A32,"Indicator Red Slow Blow Movement 2A 250V Holder Plastic Melf 5 X 20mm Ceramic Bag CCC/VDE/cULus Electric Indicator, Time Lag Blow, 2A, 250VAC, 300VDC, 1500A (IR), Surface Mount",SLOW,MOTOR CIRCUIT,SLOW,CERAMIC,5 X 20mm,Low,HOLDER,SURFACE MOUNT,55.0,-55.0,5.2,20.0,1500.0,2.0,250.0,250.0,300.0
A33,"Indicators PN Electric Indicator, Time Lag Blow, 2A, 250VAC, 300VDC, 1500A (IR), Surface Mount",UNKNOWN,NOT SPECIFIED,SLOW,UNKNOWN,5 X 20mm,Low,HOLDER,SURFACE MOUNT,55.0,-55.0,5.2,20.0,1500.0,2.0,250.0,250.0,300.0
A34,"Indicator Red Slow Blow Movement 2A 250V Holder Plastic Melf 5 X 20mm Ceramic T/R CCC/VDE/cULus Electric Indicator, Time Lag Blow, 2A, 250VAC, 300VDC, 1500A (IR), Surface Mount",SLOW,MOTOR CIRCUIT,SLOW,CERAMIC,5 X 20mm,Low,HOLDER,SURFACE MOUNT,55.0,-55.0,5.2,20.0,1500.0,2.0,250.0,250.0,300.0
A35,"Indicator Red Slow Blow Movement 2.5A 250V Holder Plastic Melf 5 X 20mm Ceramic Bag CCC/VDE/cULus Electric Indicator, Time Lag Blow, 2.5A, 250VAC, 300VDC, 1500A (IR), Surface Mount",SLOW,MOTOR CIRCUIT,SLOW,CERAMIC,5 X 20mm,Low,HOLDER,SURFACE MOUNT,55.0,-55.0,5.2,20.0,1500.0,2.5,250.0,250.0,300.0
A36,"Indicators PN Electric Indicator, Time Lag Blow, 2.5A, 250VAC, 300VDC, 1500A (IR), Surface Mount",UNKNOWN,NOT SPECIFIED,SLOW,UNKNOWN,5 X 20mm,Low,UNKNOWN,SURFACE MOUNT,55.0,-55.0,5.2,20.0,1500.0,2.5,250.0,250.0,300.0
A37,"Indicator Red Slow Blow Movement 2.5A 250V Holder Plastic Melf 5 X 20mm Ceramic T/R CCC/VDE/cULus Electric Indicator, Time Lag Blow, 2.5A, 250VAC, 300VDC, 1500A (IR), Surface Mount",SLOW,MOTOR CIRCUIT,SLOW,CERAMIC,5 X 20mm,Low,HOLDER,SURFACE MOUNT,55.0,-55.0,5.2,20.0,1500.0,2.5,250.0,250.0,300.0
A38,"Indicator Red Slow Blow Movement 3.15A 250V Holder Plastic Melf 5 X 20mm Ceramic Bag CCC/VDE/cULus Electric Indicator, Time Lag Blow, 3.15A, 250VAC, 300VDC, 1500A (IR), Surface Mount",SLOW,MOTOR CIRCUIT,SLOW,CERAMIC,5 X 20mm,Low,HOLDER,SURFACE MOUNT,55.0,-55.0,5.2,20.0,1500.0,3.15,250.0,250.0,300.0
A39,"Indicators PN Electric Indicator, Time Lag Blow, 3.15A, 250VAC, 300VDC, 1500A (IR), Surface Mount",UNKNOWN,NOT SPECIFIED,SLOW,UNKNOWN,5 X 20mm,Low,UNKNOWN,SURFACE MOUNT,55.0,-55.0,5.2,20.0,1500.0,3.15,250.0,250.0,300.0
A40,"Indicator Red Slow Blow Movement 3.15A 250V Holder Plastic Melf 5 X 20mm Ceramic T/R CCC/VDE/cULus Electric Indicator, Time Lag Blow, 3.15A, 250VAC, 300VDC, 1500A (IR), Surface Mount",SLOW,MOTOR CIRCUIT,SLOW,CERAMIC,5 X 20mm,Low,HOLDER,SURFACE MOUNT,55.0,-55.0,5.2,20.0,1500.0,3.15,250.0,250.0,300.0
A41,"Indicator Red Slow Blow Movement 4A 250V Holder Plastic Melf 5 X 20mm Ceramic Bag CCC/VDE/cULus Electric Indicator, Time Lag Blow, 4A, 250VAC, 150VDC, 1500A (IR), Surface Mount",SLOW,MOTOR CIRCUIT,SLOW,CERAMIC,5 X 20mm,Low,HOLDER,SURFACE MOUNT,55.0,-55.0,5.2,20.0,1500.0,4.0,250.0,250.0,150.0
A42,"Indicator Red Slow Blow Movement 4A 250V Holder Plastic Melf 5 X 20mm Ceramic T/R CCC/VDE/cULus Electric Indicator, Time Lag Blow, 4A, 250VAC, 150VDC, 1500A (IR), Surface Mount",SLOW,MOTOR CIRCUIT,SLOW,CERAMIC,5 X 20mm,Low,HOLDER,SURFACE MOUNT,55.0,-55.0,5.2,20.0,1500.0,4.0,250.0,250.0,150.0
A43,"Indicator Red Slow Blow Movement 4A 250V Holder Plastic Melf 5 X 20mm Ceramic T/R CCC/VDE/cULus Electric Indicator, Time Lag Blow, 4A, 250VAC, 150VDC, 1500A (IR), Surface Mount",SLOW,MOTOR CIRCUIT,SLOW,CERAMIC,5 X 20mm,Low,HOLDER,SURFACE MOUNT,55.0,-55.0,5.2,20.0,1500.0,4.0,250.0,250.0,150.0
A44,"Indicator Red Slow Blow Movement 5A 250V Holder Plastic Melf 5 X 20mm Ceramic Bag CCC/VDE/cULus Electric Indicator, Time Lag Blow, 5A, 250VAC, 150VDC, 1500A (IR), Surface Mount",SLOW,MOTOR CIRCUIT,SLOW,CERAMIC,5 X 20mm,Low,HOLDER,SURFACE MOUNT,55.0,-55.0,5.2,20.0,1500.0,5.0,250.0,250.0,150.0
A45,"Indicators PN Electric Indicator, Time Lag Blow, 5A, 250VAC, 150VDC, 1500A (IR), Surface Mount",UNKNOWN,NOT SPECIFIED,SLOW,UNKNOWN,5 X 20mm,Low,UNKNOWN,SURFACE MOUNT,55.0,-55.0,5.2,20.0,1500.0,5.0,250.0,250.0,150.0
A46,"Indicator Red Slow Blow Movement 5A 250V Holder Plastic Melf 5 X 20mm Ceramic T/R CCC/VDE/cULus Electric Indicator, Time Lag Blow, 5A, 250VAC, 150VDC, 1500A (IR), Surface Mount",SLOW,MOTOR CIRCUIT,SLOW,CERAMIC,5 X 20mm,Low,HOLDER,SURFACE MOUNT,55.0,-55.0,5.2,20.0,1500.0,5.0,250.0,250.0,150.0
A47,"Indicator Red Slow Blow Movement 6.3A 250V Holder Plastic Melf 5 X 20mm Ceramic Bag CCC/VDE/cULus Electric Indicator, Time Lag Blow, 6.3A, 250VAC, 150VDC, 1500A (IR), Surface Mount",SLOW,MOTOR CIRCUIT,SLOW,CERAMIC,5 X 20mm,Low,HOLDER,SURFACE MOUNT,55.0,-55.0,5.2,20.0,1500.0,6.3,250.0,250.0,150.0
A48,"Indicators PN Electric Indicator, Time Lag Blow, 6.3A, 250VAC, 150VDC, 1500A (IR), Surface Mount",UNKNOWN,NOT SPECIFIED,SLOW,UNKNOWN,5 X 20mm,Low,UNKNOWN,SURFACE MOUNT,55.0,-55.0,5.2,20.0,1500.0,6.3,250.0,250.0,150.0
A49,"Indicator Red Slow Blow Movement 6.3A 250V Holder Plastic Melf 5 X 20mm Ceramic T/R CCC/VDE/cULus Electric Indicator, Time Lag Blow, 6.3A, 250VAC, 150VDC, 1500A (IR), Surface Mount",SLOW,MOTOR CIRCUIT,SLOW,CERAMIC,5 X 20mm,Low,HOLDER,SURFACE MOUNT,55.0,-55.0,5.2,20.0,1500.0,6.3,250.0,250.0,150.0
A50,"Indicator Red Slow Blow Movement 8A 250V Holder Plastic Melf 5 X 20mm Ceramic Bag CCC/VDE/cULus Electric Indicator, Time Lag Blow, 8A, 250VAC, 150VDC, 1000A (IR), Surface Mount",SLOW,MOTOR CIRCUIT,SLOW,CERAMIC,5 X 20mm,Low,HOLDER,SURFACE MOUNT,55.0,-55.0,5.2,20.0,1000.0,8.0,250.0,250.0,150.0
A51,"Indicators PN Electric Indicator, Time Lag Blow, 8A, 250VAC, 150VDC, 1000A (IR), Surface Mount",UNKNOWN,NOT SPECIFIED,SLOW,UNKNOWN,5 X 20mm,Low,UNKNOWN,SURFACE MOUNT,55.0,-55.0,5.2,20.0,1000.0,8.0,250.0,250.0,150.0
A52,"Indicator Red Slow Blow Movement 8A 250V Holder Plastic Melf 5 X 20mm Ceramic T/R CCC/VDE/cULus Electric Indicator, Time Lag Blow, 8A, 250VAC, 150VDC, 1000A (IR), Surface Mount",SLOW,MOTOR CIRCUIT,SLOW,CERAMIC,5 X 20mm,Low,HOLDER,SURFACE MOUNT,55.0,-55.0,5.2,20.0,1000.0,8.0,250.0,250.0,150.0
A53,"Indicator Red Slow Blow Movement 10A 250V Holder Plastic Melf 5 X 20mm Ceramic Bag CCC/VDE/cULus Electric Indicator, Time Lag Blow, 10A, 250VAC, 150VDC, 1000A (IR), Surface Mount",SLOW,MOTOR CIRCUIT,SLOW,CERAMIC,5 X 20mm,Low,HOLDER,SURFACE MOUNT,55.0,-55.0,5.2,20.0,1000.0,10.0,250.0,250.0,150.0
A54,"Indicators PN Electric Indicator, Time Lag Blow, 10A, 250VAC, 150VDC, 1000A (IR), Surface Mount",UNKNOWN,NOT SPECIFIED,SLOW,UNKNOWN,5 X 20mm,Low,UNKNOWN,SURFACE MOUNT,55.0,-55.0,5.2,20.0,1000.0,10.0,250.0,250.0,150.0
A55,"Indicator Red Slow Blow Movement 10A 250V Holder Plastic Melf 5 X 20mm Ceramic T/R CCC/VDE/cULus Electric Indicator, Time Lag Blow, 10A, 250VAC, 150VDC, 1000A (IR), Surface Mount",SLOW,MOTOR CIRCUIT,SLOW,CERAMIC,5 X 20mm,Low,HOLDER,SURFACE MOUNT,55.0,-55.0,5.2,20.0,1000.0,10.0,250.0,250.0,150.0
A56,"Indicator Red Slow Blow Movement 12.5A 250V Holder Plastic Melf 5 X 20mm Ceramic Bag CCC/VDE/cULus Electric Indicator, Time Lag Blow, 12.5A, 250VAC, 125VDC, 500A (IR), Surface Mount",SLOW,MOTOR CIRCUIT,SLOW,CERAMIC,5 X 20mm,Low,HOLDER,SURFACE MOUNT,125.0,-55.0,5.2,20.0,500.0,12.5,250.0,250.0,125.0
A57,"Indicator Red Slow Blow Movement 12.5A 250V Holder Plastic Melf 5 X 20mm Ceramic T/R CCC/VDE/cULus Electric Indicator, Time Lag Blow, 12.5A, 250VAC, 125VDC, 500A (IR), Surface Mount",SLOW,MOTOR CIRCUIT,SLOW,CERAMIC,5 X 20mm,Low,HOLDER,SURFACE MOUNT,125.0,-55.0,5.2,20.0,500.0,12.5,250.0,250.0,125.0
A58,"Indicator Red Slow Blow Movement 16A 250V Holder Plastic Melf 5 X 20mm Ceramic Bag CCC/VDE/cULus Electric Indicator, Time Lag Blow, 16A, 250VAC, 125VDC, 500A (IR), Surface Mount",SLOW,MOTOR CIRCUIT,SLOW,CERAMIC,5 X 20mm,Low,HOLDER,SURFACE MOUNT,125.0,-55.0,5.2,20.0,500.0,16.0,250.0,250.0,125.0
A59,"Indicator Red Slow Blow Movement 16A 250V Holder Plastic Melf 5 X 20mm Ceramic T/R CCC/VDE/cULus Electric Indicator, Time Lag Blow, 16A, 250VAC, 125VDC, 500A (IR), Surface Mount",SLOW,MOTOR CIRCUIT,SLOW,CERAMIC,5 X 20mm,Low,HOLDER,SURFACE MOUNT,125.0,-55.0,5.2,20.0,500.0,16.0,250.0,250.0,125.0
A60,"Indicator Red Slow Blow Movement 16A 250V Holder Plastic Melf 5 X 20mm Ceramic T/R CCC/VDE/cULus Electric Indicator, Time Lag Blow, 16A, 250VAC, 125VDC, 500A (IR), Surface Mount",SLOW,MOTOR CIRCUIT,SLOW,CERAMIC,5 X 20mm,Low,HOLDER,SURFACE MOUNT,125.0,-55.0,5.2,20.0,500.0,16.0,250.0,250.0,125.0
A61,nan,FAST,MOTOR CIRCUIT,UNKNOWN,GLASS,5 X 15mm,UNKNOWN,UNKNOWN,NOT SPECIFIED,55.0,-55.0,5.0,8.4,50.0,1.0,250.0,250.0,0.0
A62,nan,FAST,MOTOR CIRCUIT,UNKNOWN,GLASS,5 X 15mm,UNKNOWN,UNKNOWN,NOT SPECIFIED,55.0,-55.0,5.0,8.4,50.0,2.0,250.0,250.0,0.0
A63,"Indicator Holder 20A 500VAC Solder Lug Panel Mount Box Indicator ACCESSORY, Indicator HOLDER",UNKNOWN,NOT SPECIFIED,UNKNOWN,UNKNOWN,5mm X 20mm|6.3mm X 32mm,Low,PANEL MOUNT,NOT SPECIFIED,55.0,-55.0,5.0,49.0,50.0,20.0,500.0,500.0,0.0
A64,Indicator Holder 16A 250VAC Solder Lug Through Hole Box ROTARY SWITCH-,UNKNOWN,NOT SPECIFIED,UNKNOWN,UNKNOWN,6.3mm X 32mm,Low,THROUGH HOLE,NOT SPECIFIED,55.0,-55.0,6.3,8.4,50.0,16.0,250.0,250.0,0.0
A65,Indicator Holder 16A 250VAC Solder Lug Through Hole Box ROTARY SWITCH-,UNKNOWN,NOT SPECIFIED,UNKNOWN,UNKNOWN,6.3mm X 32mm,Low,THROUGH HOLE,NOT SPECIFIED,55.0,-55.0,6.3,8.4,50.0,16.0,250.0,250.0,0.0
A66,Indicator Holder 20A 250VAC Solder Lug Panel Mount Box Indicator ACCESSORY,UNKNOWN,NOT SPECIFIED,UNKNOWN,UNKNOWN,5mm X 20mm|6.3mm X 32mm,Low,PANEL MOUNT,NOT SPECIFIED,55.0,-55.0,5.0,45.0,50.0,20.0,250.0,250.0,0.0
A67,Indicator Holder 20A 250VAC Quick Connect Panel Mount Box Indicator ACCESSORY,UNKNOWN,NOT SPECIFIED,UNKNOWN,UNKNOWN,5mm X 20mm|6.3mm X 32mm,Low,PANEL MOUNT,NOT SPECIFIED,55.0,-55.0,5.0,46.5,50.0,20.0,250.0,250.0,0.0
A68,Indicator Holder 30A 500VAC Through Hole Pin Box Indicator ACCESSORY,UNKNOWN,NOT SPECIFIED,UNKNOWN,UNKNOWN,6.3mm X 32mm,Low,THROUGH HOLE,NOT SPECIFIED,55.0,-55.0,14.9,8.4,50.0,30.0,500.0,500.0,0.0
A69,"Indicator Holder 6.3A 250VAC Solder Through Hole Box Indicator ACCESSORY, Indicator CLIP",UNKNOWN,NOT SPECIFIED,UNKNOWN,UNKNOWN,5mm X 20mm,Low,THROUGH HOLE,NOT SPECIFIED,55.0,-55.0,9.5,31.0,50.0,6.3,250.0,250.0,0.0
A70,"Indicator Holder 12A 250VAC Pin Through Hole Box Indicator ACCESSORY, Indicator HOLDER",UNKNOWN,NOT SPECIFIED,UNKNOWN,UNKNOWN,5mm X 20mm,Low,THROUGH HOLE,NOT SPECIFIED,55.0,-55.0,5.0,31.5,50.0,12.0,250.0,250.0,0.0
A71,"Indicator Holder 16A 250VAC Through Hole Pin Box Indicator ACCESSORY, Indicator HOLDER",UNKNOWN,NOT SPECIFIED,UNKNOWN,UNKNOWN,5mm X 20mm|6.3mm X 32mm,Low,THROUGH HOLE,NOT SPECIFIED,55.0,-55.0,5.0,45.0,50.0,16.0,250.0,250.0,0.0
A72,Indicator Holder 10A 250VAC Panel Mount Quick Connect Box Indicators/Accessories,UNKNOWN,NOT SPECIFIED,UNKNOWN,UNKNOWN,5mm X 20mm,Low,PANEL MOUNT,NOT SPECIFIED,55.0,-55.0,5.0,35.1,50.0,10.0,250.0,250.0,0.0
A73,"Indicator Holder 6.3A 250V Pin Through Hole Box Indicator ACCESSORY, Indicator HOLDER",UNKNOWN,NOT SPECIFIED,UNKNOWN,UNKNOWN,NOT SPECIFIED,Low,THROUGH HOLE,NOT SPECIFIED,55.0,-55.0,9.5,8.4,50.0,6.3,250.0,0.0,0.0
A74,Indicator Holder Surface Mount Tapend Reel Indicators/Accessories,UNKNOWN,NOT SPECIFIED,UNKNOWN,UNKNOWN,NOT SPECIFIED,Low,SURFACE MOUNT,NOT SPECIFIED,55.0,-55.0,12.0,12.0,50.0,2.0,125.0,0.0,0.0
A75,Indicator Holder Surface Mount Tapend Reel Indicators/Accessories,UNKNOWN,NOT SPECIFIED,UNKNOWN,UNKNOWN,NOT SPECIFIED,Low,SURFACE MOUNT,NOT SPECIFIED,55.0,-55.0,12.0,12.0,50.0,2.0,125.0,0.0,0.0
A76,"Indicator Holder 10A 250V Snap-In Through Hole Box Indicator ACCESSORY, Indicator HOLDER",UNKNOWN,NOT SPECIFIED,UNKNOWN,UNKNOWN,5mm X 20mm,Low,THROUGH HOLE,NOT SPECIFIED,55.0,-55.0,5.0,22.5,50.0,10.0,250.0,0.0,0.0
A77,Indicator Holder 10A 500VDC Clip Holder Box Indicator ACCESSORY,UNKNOWN,NOT SPECIFIED,UNKNOWN,UNKNOWN,5mm X 20mm,Low,HOLDER,NOT SPECIFIED,55.0,-55.0,5.0,25.0,50.0,10.0,500.0,0.0,10.0
A78,Indicator Holder 10A 500VDC Clip Holder Box Indicator ACCESSORY,UNKNOWN,NOT SPECIFIED,UNKNOWN,UNKNOWN,5mm X 20mm,Low,HOLDER,NOT SPECIFIED,55.0,-55.0,5.0,25.0,50.0,10.0,500.0,0.0,10.0
A79,Indicator Holder 10A 500VDC Clip Holder Box Indicator ACCESSORY,UNKNOWN,NOT SPECIFIED,UNKNOWN,UNKNOWN,5mm X 20mm,Low,HOLDER,NOT SPECIFIED,55.0,-55.0,5.0,25.0,50.0,10.0,500.0,0.0,10.0
A80,Indicator Holder 10A 500VDC Clip Holder Box Indicator ACCESSORY,UNKNOWN,NOT SPECIFIED,UNKNOWN,UNKNOWN,5mm X 20mm,Low,HOLDER,NOT SPECIFIED,55.0,-55.0,5.0,25.0,50.0,10.0,500.0,0.0,10.0
A81,"Indicator Red Very Fast Movement 8A 250V Holder Plastic 5 X 20mm Ceramic Box Electric Indicator, Super Fast Blow, 8A, 250VAC, 1500A (IR), Inline/holder, 5x20mm",VERY FAST,MOTOR CIRCUIT,VERY FAST,CERAMIC,5x20mm,Low,HOLDER,INLINE/HOLDER,85.0,-40.0,5.2,20.0,1500.0,8.0,250.0,250.0,0.0
A82,"Indicator Red Very Fast Movement 6.3A 250V Holder Plastic 6.3 X 32mm Glass Box Electric Indicator, Super Fast Blow, 6.3A, 250VAC, 1500A (IR), Inline/holder",VERY FAST,SEMICONDUCTOR PROTECTION,VERY FAST,GLASS,6.3 X 32mm,Low,HOLDER,INLINE/HOLDER,85.0,-40.0,6.35,31.8,1500.0,6.3,250.0,250.0,0.0
A83,nan,FAST,MOTOR CIRCUIT,UNKNOWN,GLASS,5 X 20mm,UNKNOWN,UNKNOWN,NOT SPECIFIED,55.0,-55.0,5.0,8.4,50.0,4.0,125.0,0.0,0.0
A84,Indicator 0.002A 250V Fast Movement 2-Pin Box Indicator,FAST,PRIMARY PROTECTION IN EQUIPMENT,UNKNOWN,GLASS,5 X 20mm,Low,UNKNOWN,NOT SPECIFIED,55.0,-55.0,5.0,8.4,50.0,0.002,250.0,250.0,0.0
A85,nan,FAST,PRIMARY PROTECTION IN EQUIPMENT,UNKNOWN,GLASS,5 X 20mm,UNKNOWN,UNKNOWN,NOT SPECIFIED,55.0,-55.0,5.0,8.4,50.0,0.004,250.0,250.0,0.0
A86,nan,FAST,PRIMARY PROTECTION IN EQUIPMENT,UNKNOWN,GLASS,5 X 20mm,UNKNOWN,UNKNOWN,NOT SPECIFIED,55.0,-55.0,5.0,8.4,50.0,0.007,250.0,250.0,0.0
A87,nan,FAST,PRIMARY PROTECTION IN EQUIPMENT,UNKNOWN,GLASS,5 X 20mm,UNKNOWN,UNKNOWN,NOT SPECIFIED,55.0,-55.0,5.0,8.4,50.0,0.01,250.0,250.0,0.0
A88,nan,FAST,PRIMARY PROTECTION IN EQUIPMENT,UNKNOWN,GLASS,5 X 20mm,UNKNOWN,UNKNOWN,NOT SPECIFIED,55.0,-55.0,5.0,8.4,50.0,0.014,250.0,250.0,0.0
A89,"Indicator Red Fast Movement 1A 250V Axial 5 X 20mm Glass Box Electric Indicator, Very Fast Blow, 1A, 250VAC, 35A (IR), Through Hole",FAST,MOTOR CIRCUIT,VERY FAST,GLASS,5 X 20mm,Low,THROUGH HOLE,THROUGH HOLE,55.0,-55.0,5.8,21.2,35.0,1.0,250.0,250.0,0.0
A90,"Indicator Red Fast Movement 1A 250V Axial 5 X 20mm Glass T/R Electric Indicator, Very Fast Blow, 1A, 250VAC, 35A (IR), Through Hole",FAST,MOTOR CIRCUIT,VERY FAST,GLASS,5 X 20mm,Low,THROUGH HOLE,THROUGH HOLE,55.0,-55.0,5.8,21.2,35.0,1.0,250.0,250.0,0.0
A91,"Red Indicator, 5 X 20 mm, Quick-Movement F, L, 250 VAC Electric Indicator, Fast Blow, 1.6A, 250VAC, 35A (IR), Inline/holder, 5x20mm",UNKNOWN,NOT SPECIFIED,FAST,UNKNOWN,5x20mm,Low,HOLDER,INLINE/HOLDER,55.0,-55.0,5.2,20.0,5.0,1.6,250.0,250.0,0.0
A92,"Indicator Red Fast Movement 3.15A 250V Holder Plastic 5 X 20mm Glass CCC/PSE/VDE/cULus Electric Indicator, Fast Blow, 3.15A, 250VAC, 35A (IR), Inline/holder, 5x20mm",FAST,PRIMARY PROTECTION IN EQUIPMENT,FAST,GLASS,5x20mm,Low,HOLDER,INLINE/HOLDER,55.0,-55.0,5.2,20.0,35.0,3.15,250.0,250.0,0.0
A93,"Indicator Red Fast Movement 8A 250V Holder Plastic 5 X 20mm Glass PSE/VDE/cULus Electric Indicator, Fast Blow, 8A, 250VAC, 80A (IR), Inline/holder, 5x20mm",FAST,PRIMARY PROTECTION IN EQUIPMENT,FAST,GLASS,5x20mm,Low,HOLDER,INLINE/HOLDER,55.0,-55.0,5.2,20.0,80.0,8.0,250.0,250.0,0.0
A94,nan,UNKNOWN,NOT SPECIFIED,FAST,UNKNOWN,5x20mm,Low,UNKNOWN,INLINE/HOLDER,55.0,-55.0,5.2,20.0,35.0,0.063,250.0,250.0,0.0
A95,nan,UNKNOWN,PRIMARY PROTECTION IN EQUIPMENT,UNKNOWN,UNKNOWN,5 X 20mm,UNKNOWN,HOLDER,NOT SPECIFIED,55.0,-55.0,5.2,20.0,50.0,2.0,125.0,0.0,0.0
A96,nan,MEDIUM,MOTOR CIRCUIT,UNKNOWN,GLASS,5 X 20mm,UNKNOWN,UNKNOWN,NOT SPECIFIED,55.0,-55.0,5.0,8.4,50.0,0.63,125.0,250.0,125.0
A97,"Indicator Red Slow Blow Movement 1.6A 250V Holder Plastic 5 X 20mm Ceramic Box Electric Indicator, Medium Time Lag Blow, 1.6A, 250VAC, 125VDC, 1000A (IR), Inline/holder",SLOW,MOTOR CIRCUIT,MEDIUM,CERAMIC,5 X 20mm,Low,HOLDER,INLINE/HOLDER,85.0,-40.0,5.2,20.0,1000.0,1.6,250.0,250.0,125.0
A98,"Indicator Red Medium Time Delay Movement 2.5A 250V Holder Plastic 5 X 20mm Ceramic Box Electric Indicator, Medium Time Lag Blow, 2.5A, 250VAC, 125VDC, 1000A (IR), Inline/holder",MEDIUM,MOTOR CIRCUIT,MEDIUM,CERAMIC,5 X 20mm,Low,HOLDER,INLINE/HOLDER,85.0,-40.0,5.2,20.0,1000.0,2.5,250.0,250.0,125.0
A99,"Non Resettable Indicators Electric Indicator, Medium Time Lag Blow, 4A, 250VAC, 125VDC, 1000A (IR), Inline/holder",UNKNOWN,NOT SPECIFIED,MEDIUM,UNKNOWN,NOT SPECIFIED,Low,HOLDER,INLINE/HOLDER,85.0,-40.0,5.2,20.0,1000.0,4.0,250.0,250.0,125.0
A100,"Indicator Red Slow Blow Movement 6.3A 250V Holder Plastic 5 X 20mm Ceramic Box Electric Indicator, Medium Time Lag Blow, 6.3A, 250VAC, 125VDC, 1000A (IR), Inline/holder",SLOW,MOTOR CIRCUIT,MEDIUM,CERAMIC,5 X 20mm,Low,HOLDER,INLINE/HOLDER,85.0,-40.0,5.2,20.0,1000.0,6.3,250.0,250.0,125.0
A101,nan,SLOW,MOTOR CIRCUIT,UNKNOWN,CERAMIC,5 X 20mm,UNKNOWN,UNKNOWN,NOT SPECIFIED,55.0,-55.0,5.0,8.4,50.0,10.0,250.0,250.0,0.0
A102,nan,MEDIUM,MOTOR CIRCUIT,UNKNOWN,CERAMIC,5 X 20mm,UNKNOWN,UNKNOWN,NOT SPECIFIED,55.0,-55.0,5.0,8.4,50.0,10.0,125.0,250.0,125.0
A103,nan,SLOW,PRIMARY PROTECTION IN EQUIPMENT,UNKNOWN,GLASS,5 X 20mm,UNKNOWN,UNKNOWN,NOT SPECIFIED,55.0,-55.0,5.0,8.4,50.0,4.0,250.0,250.0,0.0
A104,Indicator Red Slow Blow Movement 0.08A 250V Holder Plastic 5 X 20mm Glass Box CCC/VDE/cULus Electric Indicator,SLOW,PRIMARY PROTECTION IN EQUIPMENT,UNKNOWN,GLASS,5 X 20mm,Low,HOLDER,NOT SPECIFIED,55.0,-55.0,5.2,20.0,50.0,0.08,250.0,250.0,0.0
A105,"Red Indicator, 5 X 20 mm, Time-Lag T, L, 250 VAC Electric Indicator",UNKNOWN,NOT SPECIFIED,UNKNOWN,UNKNOWN,NOT SPECIFIED,Low,HOLDER,NOT SPECIFIED,55.0,-55.0,5.2,20.0,50.0,5.0,250.0,250.0,0.0
A106,Indicator Red Slow Blow Movement 1A 250V Holder Plastic 5 X 20mm Glass Box CCC/PSE/VDE/cULus Electric Indicator,SLOW,PRIMARY PROTECTION IN EQUIPMENT,UNKNOWN,GLASS,5 X 20mm,Low,HOLDER,NOT SPECIFIED,55.0,-55.0,5.2,20.0,50.0,1.0,250.0,250.0,0.0
A107,"Indicator Red Slow Blow Movement 2A 250V Axial 5.4 X 22.5mm Glass Bulk cULus Electric Indicator, Time Lag Blow, 2A, 250VAC, 35A (IR), Through Hole",SLOW,PRIMARY PROTECTION ON PCB,SLOW,GLASS,5.4 X 22.5mm,Low,THROUGH HOLE,THROUGH HOLE,55.0,-55.0,5.4,22.5,35.0,2.0,250.0,250.0,0.0
A108,Indicator Red Slow Blow Movement 2.5A 250V Holder Plastic 5 X 20mm Glass Box CCC/PSE/VDE/cULus Electric Indicator,SLOW,PRIMARY PROTECTION IN EQUIPMENT,UNKNOWN,GLASS,5 X 20mm,Low,HOLDER,NOT SPECIFIED,55.0,-55.0,5.2,20.0,50.0,2.5,250.0,250.0,0.0
A109,Indicator Red Slow Blow Movement 4A 250V Holder Plastic 5 X 20mm Glass Box CCC/PSE/VDE/cULus Electric Indicator,SLOW,PRIMARY PROTECTION ON PCB,UNKNOWN,GLASS,5 X 20mm,Low,HOLDER,NOT SPECIFIED,55.0,-55.0,5.2,20.0,50.0,4.0,250.0,250.0,0.0
A110,"Indicator Red Slow Blow Movement 6.3A 250V Holder Plastic 5 X 20mm Glass Box CCC/PSE/VDE/cULus Electric Indicator, Time Lag Blow, 6.3A, 250VAC, 63A (IR), L, Inline/holder, 5x20mm",SLOW,PRIMARY PROTECTION IN EQUIPMENT,SLOW,GLASS,5x20mm,Low,HOLDER,INLINE/HOLDER,55.0,-55.0,5.2,20.0,63.0,6.3,250.0,250.0,0.0
A111,"Red Indicator, 5 X 20 mm, Time-Lag T, L, 250 VAC Electric Indicator, Time Lag Blow, 10A, 250VAC, 100A (IR), L, Inline/holder, 5x20mm",UNKNOWN,NOT SPECIFIED,SLOW,UNKNOWN,5x20mm,Low,HOLDER,INLINE/HOLDER,55.0,-55.0,5.2,20.0,5.0,10.0,250.0,250.0,0.0
A112,"Indicator Red Slow Blow Movement 16A 250V Holder Plastic 5 X 20mm Glass Box PSE/VDE/cULus Electric Indicator, Time Lag Blow, 16A, 250VAC, 160A (IR), L, Inline/holder, 5x20mm",SLOW,PRIMARY PROTECTION IN EQUIPMENT,SLOW,GLASS,5x20mm,Low,HOLDER,INLINE/HOLDER,55.0,-55.0,5.2,20.0,160.0,16.0,250.0,250.0,0.0
A113,nan,UNKNOWN,PRIMARY PROTECTION IN EQUIPMENT,UNKNOWN,GLASS,5 X 20mm,UNKNOWN,UNKNOWN,NOT SPECIFIED,55.0,-55.0,5.0,8.4,50.0,2.0,125.0,0.0,0.0
A114,"Indicator Red Slow Blow Movement 2A 250V Holder Plastic 6.3 X 32mm Glass Box CSA Electric Indicator, Time Lag Blow, 2A, 250VAC, 35A (IR), Inline/holder",SLOW,INDUSTRIAL ELECTRONIC,SLOW,GLASS,6.3 X 32mm,Low,HOLDER,INLINE/HOLDER,85.0,-40.0,6.35,31.8,35.0,2.0,250.0,250.0,0.0
A115,"Indicator Red Slow Blow Movement 20A 250V Holder Plastic 6.3 X 32mm Glass Box CSA Electric Indicator, Time Lag Blow, 20A, 250VAC, 200A (IR), Inline/holder",SLOW,INDUSTRIAL ELECTRONIC,SLOW,GLASS,6.3 X 32mm,Low,HOLDER,INLINE/HOLDER,85.0,-40.0,6.35,31.8,200.0,20.0,250.0,250.0,0.0
A116,"Indicator Red Slow Blow Movement 1.25A 250V Holder Plastic 5 X 20mm Glass Box cULus Electric Indicator, Time Lag Blow, 1.25A, 250VAC, 100A (IR), Inline/holder",SLOW,MOTOR CIRCUIT,SLOW,GLASS,5 X 20mm,Low,HOLDER,INLINE/HOLDER,85.0,-40.0,5.2,20.0,100.0,1.25,250.0,250.0,0.0
A117,nan,UNKNOWN,NOT SPECIFIED,VERY FAST,UNKNOWN,NOT SPECIFIED,Low,UNKNOWN,INLINE/HOLDER,85.0,-40.0,5.2,20.0,35.0,0.05,250.0,250.0,0.0
A118,nan,UNKNOWN,NOT SPECIFIED,VERY FAST,UNKNOWN,NOT SPECIFIED,Low,UNKNOWN,INLINE/HOLDER,85.0,-40.0,5.2,20.0,200.0,6.3,250.0,250.0,0.0
A119,"Indicator Red Fast Movement 6.3A 250V Holder Plastic Melf 5 X 20mm Glass Bulk cULus Electric Indicator, Very Fast Blow, 6.3A, 250VAC, 200A (IR), Inline/holder",FAST,MOTOR CIRCUIT,VERY FAST,GLASS,5 X 20mm,Low,HOLDER,INLINE/HOLDER,85.0,-40.0,5.2,20.0,200.0,6.3,250.0,250.0,0.0
A120,Indicator Red Slow Blow Movement 1A 250V Holder Plastic 5 X 20mm CSA/UL Indicator,SLOW,MOTOR CIRCUIT,UNKNOWN,UNKNOWN,5 X 20mm,Low,HOLDER,NOT SPECIFIED,55.0,-55.0,5.2,20.0,50.0,1.0,250.0,250.0,0.0
A121,nan,SLOW,MOTOR CIRCUIT,UNKNOWN,GLASS,5 X 20mm,UNKNOWN,UNKNOWN,NOT SPECIFIED,55.0,-55.0,5.0,8.4,50.0,2.25,250.0,250.0,0.0
A122,"Indicator 1A 125V Fast Movement Electric Indicator, Very Fast Blow, 1A, 125VAC, 125VDC, 100A (IR), Through Hole",FAST,MOTOR CIRCUIT,VERY FAST,CERAMIC,NOT SPECIFIED,Low,UNKNOWN,THROUGH HOLE,125.0,-55.0,4.6,4.6,100.0,1.0,125.0,125.0,125.0
A123,Indicator 0.063A 250V Super Time Lag Movement Indicator,SLOW,MOTOR CIRCUIT,UNKNOWN,UNKNOWN,5 X 20mm,Low,UNKNOWN,NOT SPECIFIED,55.0,-55.0,5.0,8.4,50.0,0.063,250.0,250.0,0.0
A124,nan,SLOW,MOTOR CIRCUIT,UNKNOWN,UNKNOWN,5 X 20mm,UNKNOWN,UNKNOWN,NOT SPECIFIED,55.0,-55.0,5.0,8.4,50.0,0.08,250.0,250.0,0.0
A125,nan,SLOW,MOTOR CIRCUIT,UNKNOWN,UNKNOWN,5 X 20mm,UNKNOWN,UNKNOWN,NOT SPECIFIED,55.0,-55.0,5.0,8.4,50.0,0.1,250.0,250.0,0.0
A126,nan,SLOW,MOTOR CIRCUIT,UNKNOWN,UNKNOWN,5 X 20mm,UNKNOWN,UNKNOWN,NOT SPECIFIED,55.0,-55.0,5.0,8.4,50.0,0.125,250.0,250.0,0.0
A127,"Indicator Misc, Non resettable Indicators, Red Indicators, Typ FTT 5x20 Indicator",SLOW,MOTOR CIRCUIT,UNKNOWN,GLASS,5 X 20mm,Low,HOLDER,NOT SPECIFIED,55.0,-55.0,5.2,20.0,50.0,2.5,250.0,250.0,0.0
A128,nan,UNKNOWN,NOT SPECIFIED,UNKNOWN,UNKNOWN,NOT SPECIFIED,UNKNOWN,UNKNOWN,NOT SPECIFIED,55.0,-55.0,6.1,8.4,50.0,2.0,125.0,0.0,0.0
A129,nan,UNKNOWN,NOT SPECIFIED,UNKNOWN,UNKNOWN,NOT SPECIFIED,UNKNOWN,UNKNOWN,NOT SPECIFIED,55.0,-55.0,6.1,8.4,50.0,2.0,125.0,0.0,0.0
A130,nan,UNKNOWN,NOT SPECIFIED,UNKNOWN,UNKNOWN,NOT SPECIFIED,UNKNOWN,UNKNOWN,NOT SPECIFIED,55.0,-55.0,6.1,8.4,50.0,2.0,125.0,0.0,0.0
A131,nan,UNKNOWN,NOT SPECIFIED,UNKNOWN,UNKNOWN,NOT SPECIFIED,UNKNOWN,UNKNOWN,NOT SPECIFIED,55.0,-55.0,6.1,8.4,50.0,2.0,125.0,0.0,0.0
A132,nan,UNKNOWN,NOT SPECIFIED,SLOW,UNKNOWN,NOT SPECIFIED,Low,UNKNOWN,SURFACE MOUNT,55.0,-55.0,5.2,20.0,10.0,5.0,250.0,250.0,0.0
A133,"Indicator Red Slow Blow Movement 5A 250V Holder Plastic 5 X 20mm Glass T/R CSA/VDE/cULus Electric Indicator, Time Lag Blow, 5A, 250VAC, 10A (IR), L, Surface Mount, 5x20mm",SLOW,PRIMARY PROTECTION ON SMD PCB,SLOW,GLASS,5 X 20mm,Low,HOLDER,SURFACE MOUNT,55.0,-55.0,5.2,20.0,10.0,5.0,250.0,250.0,0.0
A134,"Indicator Red Slow Blow Movement 10A 250V Holder Plastic 5 X 20mm Glass T/R CSA/VDE/cULus Electric Indicator, Time Lag Blow, 10A, 250VAC, 10A (IR), L, Surface Mount, 5x20mm",SLOW,PRIMARY PROTECTION ON SMD PCB,SLOW,GLASS,5 X 20mm,Low,HOLDER,SURFACE MOUNT,55.0,-55.0,5.2,20.0,10.0,10.0,250.0,250.0,0.0
A135,"Indicator SubRed Slow Blow Movement 0.1A 250V Radial 8.5 X 8.5mm Thermoplastic Bag CCC/CSA/PSE/UL/VDE/cULus Electric Indicator, Time Lag Blow, 0.1A, 250VAC, 125VDC, 35A (IR), Through Hole",SLOW,POWER SUPPLY ADAPTER FOR LAPTOP,SLOW,THERMOPLASTIC,8.5 X 8.5mm,Low,THROUGH HOLE,THROUGH HOLE,125.0,-55.0,8.5,8.5,35.0,0.1,250.0,250.0,125.0
A136,"Indicator SubRed Slow Blow Movement 2.5A 250V 8.5 X 8.5mm Thermoplastic CCC/PSE/VDE/cULus Electric Indicator, Time Lag Blow, 2.5A, 250VAC, 100A (IR), Through Hole",SLOW,PRIMARY PROTECTION ON PCB,SLOW,THERMOPLASTIC,8.5 X 8.5mm,Low,THROUGH HOLE,THROUGH HOLE,55.0,-55.0,8.5,8.5,100.0,2.5,250.0,250.0,0.0
A137,"Indicator SubRed Slow Blow Movement 6.3A 250V 8.5 X 8.5mm Thermoplastic Box CCC/PSE/VDE/cULus Electric Indicator, Time Lag Blow, 6.3A, 250VAC, 100A (IR), Through Hole",SLOW,PRIMARY PROTECTION ON PCB,SLOW,THERMOPLASTIC,8.5 X 8.5mm,Low,THROUGH HOLE,THROUGH HOLE,55.0,-55.0,8.5,8.5,100.0,6.3,250.0,250.0,0.0
A138,nan,SLOW,MOTOR CIRCUIT,UNKNOWN,CERAMIC,6.3 X 32mm,UNKNOWN,UNKNOWN,NOT SPECIFIED,55.0,-55.0,6.3,8.4,50.0,0.125,250.0,250.0,0.0
A139,nan,SLOW,MOTOR CIRCUIT,UNKNOWN,CERAMIC,6.3 X 32mm,UNKNOWN,UNKNOWN,NOT SPECIFIED,55.0,-55.0,6.3,8.4,50.0,10.0,250.0,250.0,0.0
A140,"Indicator Clip 10A Through Hole Pin Bulk Indicator ACCESSORY, Indicator CLIP",UNKNOWN,NOT SPECIFIED,UNKNOWN,UNKNOWN,NOT SPECIFIED,Low,THROUGH HOLE,NOT SPECIFIED,55.0,-55.0,4.1,4.1,50.0,10.0,125.0,0.0,0.0
A141,"Indicator Clip 15A Through Hole Pin Bulk Indicator ACCESSORY, Indicator CLIP",UNKNOWN,NOT SPECIFIED,UNKNOWN,UNKNOWN,NOT SPECIFIED,Low,THROUGH HOLE,NOT SPECIFIED,55.0,-55.0,7.87,7.87,50.0,15.0,125.0,0.0,0.0
A142,"Indicator Clip 10A Panel Mount Pin Indicator ACCESSORY, Indicator CLIP",UNKNOWN,NOT SPECIFIED,UNKNOWN,UNKNOWN,NOT SPECIFIED,Low,PANEL MOUNT,NOT SPECIFIED,55.0,-55.0,5.0,5.0,50.0,10.0,125.0,0.0,0.0
A143,"Indicator Clip 30A 250VDC/250VAC Through Hole Pin Bulk Indicator ACCESSORY, Indicator CLIP",UNKNOWN,NOT SPECIFIED,UNKNOWN,UNKNOWN,6.3mm X 32mm,Low,THROUGH HOLE,NOT SPECIFIED,55.0,-55.0,7.11,7.11,50.0,30.0,250.0,250.0,30.0
A144,nan,UNKNOWN,NOT SPECIFIED,UNKNOWN,UNKNOWN,NOT SPECIFIED,UNKNOWN,UNKNOWN,NOT SPECIFIED,55.0,-55.0,6.1,8.4,50.0,2.0,125.0,0.0,0.0
A145,"Indicator Chip Very Fast Movement 1A SMD Solder Pad 9.73 X 5.03 X 3.81mm T/R CSA/PSE/UL Electric Indicator, Fast Blow, 1A, Surface Mount, NANO",VERY FAST,MOTOR CIRCUIT,FAST,UNKNOWN,9.73 X 5.03 X 3.81mm,Low,SURFACE MOUNT,SURFACE MOUNT,55.0,-55.0,9.73,9.73,50.0,1.0,125.0,0.0,0.0
A146,"Indicator Chip Slow Blow Movement 1A SMD Solder Pad 9.73 X 5.03 X 3.81mm T/R CSA/PSE/UL Electric Indicator, Time Lag Blow, 1A, Surface Mount, NANO",SLOW,MOTOR CIRCUIT,SLOW,UNKNOWN,9.73 X 5.03 X 3.81mm,Low,SURFACE MOUNT,SURFACE MOUNT,55.0,-55.0,9.73,9.73,50.0,1.0,125.0,0.0,0.0
A147,"Indicator Chip Slow Blow Movement 2A SMD Solder Pad 9.73 X 5.03 X 3.81mm T/R CSA/PSE/UL Electric Indicator, Time Lag Blow, 2A, Surface Mount, NANO",SLOW,MOTOR CIRCUIT,SLOW,UNKNOWN,9.73 X 5.03 X 3.81mm,Low,SURFACE MOUNT,SURFACE MOUNT,55.0,-55.0,9.73,9.73,50.0,2.0,125.0,0.0,0.0
A148,"Indicator Chip Slow Blow Movement 3A SMD Solder Pad 9.73 X 5.03 X 3.81mm T/R CSA/PSE/UL Electric Indicator, Time Lag Blow, 3A, Surface Mount, NANO",SLOW,MOTOR CIRCUIT,SLOW,UNKNOWN,9.73 X 5.03 X 3.81mm,Low,SURFACE MOUNT,SURFACE MOUNT,55.0,-55.0,9.73,9.73,50.0,3.0,125.0,0.0,0.0
A149,"Indicator Chip Slow Blow Movement 4A SMD Solder Pad 9.73 X 5.03 X 3.81mm T/R CSA/PSE/UL Electric Indicator, Time Lag Blow, 4A, Surface Mount, NANO",SLOW,MOTOR CIRCUIT,SLOW,UNKNOWN,9.73 X 5.03 X 3.81mm,Low,SURFACE MOUNT,SURFACE MOUNT,55.0,-55.0,9.73,9.73,50.0,4.0,125.0,0.0,0.0
A150,"Indicator Chip Very Fast Movement 5A SMD Solder Pad 9.73 X 5.03 X 3.81mm T/R CSA/PSE/UL Electric Indicator, Fast Blow, 5A, Surface Mount, NANO",VERY FAST,MOTOR CIRCUIT,FAST,UNKNOWN,9.73 X 5.03 X 3.81mm,Low,SURFACE MOUNT,SURFACE MOUNT,55.0,-55.0,9.73,9.73,50.0,5.0,125.0,0.0,0.0
A151,"Indicator Chip Slow Blow Movement 5A SMD Solder Pad 9.73 X 5.03 X 3.81mm T/R CSA/PSE/UL Electric Indicator, Time Lag Blow, 5A, Surface Mount, NANO",SLOW,MOTOR CIRCUIT,SLOW,UNKNOWN,9.73 X 5.03 X 3.81mm,Low,SURFACE MOUNT,SURFACE MOUNT,55.0,-55.0,9.73,9.73,50.0,5.0,125.0,0.0,0.0
A152,"Indicator Chip Very Fast Movement 7A SMD Solder Pad 9.73 X 5.03 X 3.81mm T/R CSA/PSE/UL Electric Indicator, Fast Blow, 7A, Surface Mount, NANO",VERY FAST,MOTOR CIRCUIT,FAST,UNKNOWN,9.73 X 5.03 X 3.81mm,Low,SURFACE MOUNT,SURFACE MOUNT,55.0,-55.0,9.73,9.73,50.0,7.0,125.0,0.0,0.0
A153,"Indicator Chip Very Fast Movement 8A SMD Solder Pad 9.73 X 5.03 X 3.81mm T/R CSA/PSE/UL Electric Indicator, Fast Blow, 8A, Surface Mount",VERY FAST,MOTOR CIRCUIT,FAST,UNKNOWN,9.73 X 5.03 X 3.81mm,Low,SURFACE MOUNT,SURFACE MOUNT,55.0,-55.0,9.73,9.73,50.0,8.0,125.0,0.0,0.0
A154,"Indicator Chip Very Fast Movement 0.5A SMD Solder Pad 9.73 X 5.03 X 3.81mm T/R CSA/PSE/UL Electric Indicator, Fast Blow, 0.5A, Surface Mount, NANO",VERY FAST,MOTOR CIRCUIT,FAST,UNKNOWN,9.73 X 5.03 X 3.81mm,Low,SURFACE MOUNT,SURFACE MOUNT,55.0,-55.0,9.73,9.73,50.0,0.5,125.0,0.0,0.0
A155,nan,VERY FAST,MOTOR CIRCUIT,UNKNOWN,UNKNOWN,9.73 X 5.03 X 3.81mm,UNKNOWN,SURFACE MOUNT,NOT SPECIFIED,55.0,-55.0,9.73,9.73,50.0,0.75,125.0,0.0,0.0
A156,"Indicator Chip Very Fast Movement 0.75A SMD Solder Pad 9.73 X 5.03 X 3.81mm T/R CSA/PSE/UL Electric Indicator, Fast Blow, 0.75A, Surface Mount, NANO",VERY FAST,MOTOR CIRCUIT,FAST,UNKNOWN,9.73 X 5.03 X 3.81mm,Low,SURFACE MOUNT,SURFACE MOUNT,55.0,-55.0,9.73,9.73,50.0,0.75,125.0,0.0,0.0
A157,"Indicator SubRed Slow Blow Movement 1A 250V Radial DIP 10.16 X 6.35 X 4.19mm Thermoplastic Bulk CSA/UL Electric Indicator, Fast Blow, 1A, 250VAC, 50A (IR), Through Hole",SLOW,MOTOR CIRCUIT,FAST,THERMOPLASTIC,10.16 X 6.35 X 4.19mm,Low,THROUGH HOLE,THROUGH HOLE,55.0,-55.0,9.45,9.45,50.0,1.0,250.0,250.0,0.0
A158,"Indicator SubRed Slow Blow Movement 1A 250V SMD Gull Wing 10.16 X 6.35 X 4.19mm Thermoplastic Bulk CSA/UL Electric Indicator, Fast Blow, 1A, 250VAC, 50A (IR), Surface Mount",SLOW,MOTOR CIRCUIT,FAST,THERMOPLASTIC,10.16 X 6.35 X 4.19mm,Low,SURFACE MOUNT,SURFACE MOUNT,55.0,-55.0,9.45,9.45,50.0,1.0,250.0,250.0,0.0
A159,"Indicator SubRed Slow Blow Movement 1A 250V SMD Gull Wing 10.16 X 6.35 X 4.19mm Thermoplastic T/R CSA/UL Electric Indicator, Fast Blow, 1A, 250VAC, 50A (IR), Surface Mount",SLOW,MOTOR CIRCUIT,FAST,THERMOPLASTIC,10.16 X 6.35 X 4.19mm,Low,SURFACE MOUNT,SURFACE MOUNT,55.0,-55.0,9.45,9.45,50.0,1.0,250.0,250.0,0.0
A160,"Indicator SubRed Slow Blow Movement 2A 250V Radial DIP 10.16 X 6.35 X 4.19mm Thermoplastic Bulk CSA/UL Electric Indicator, Fast Blow, 2A, 250VAC, 50A (IR), Through Hole",SLOW,MOTOR CIRCUIT,FAST,THERMOPLASTIC,10.16 X 6.35 X 4.19mm,Low,THROUGH HOLE,THROUGH HOLE,55.0,-55.0,9.45,9.45,50.0,2.0,250.0,250.0,0.0
A161,"Indicator SubRed Slow Blow Movement 2A 250V SMD Gull Wing 10.16 X 6.35 X 4.19mm Thermoplastic Bulk CSA/UL Electric Indicator, Fast Blow, 2A, 250VAC, 50A (IR), Surface Mount",SLOW,MOTOR CIRCUIT,FAST,THERMOPLASTIC,10.16 X 6.35 X 4.19mm,Low,SURFACE MOUNT,SURFACE MOUNT,55.0,-55.0,9.45,9.45,50.0,2.0,250.0,250.0,0.0
A162,"Indicator SubRed Slow Blow Movement 2A 250V SMD Gull Wing 10.16 X 6.35 X 4.19mm Thermoplastic T/R CSA/UL Electric Indicator, Fast Blow, 2A, 250VAC, 50A (IR), Surface Mount",SLOW,MOTOR CIRCUIT,FAST,THERMOPLASTIC,10.16 X 6.35 X 4.19mm,Low,SURFACE MOUNT,SURFACE MOUNT,55.0,-55.0,9.45,9.45,50.0,2.0,250.0,250.0,0.0
A163,"Indicator SubRed Slow Blow Movement 3A 250V Radial DIP 10.16 X 6.35 X 4.19mm Thermoplastic Bulk CSA Electric Indicator, Fast Blow, 3A, 250VAC, 50A (IR), Through Hole",SLOW,MOTOR CIRCUIT,FAST,THERMOPLASTIC,10.16 X 6.35 X 4.19mm,Low,THROUGH HOLE,THROUGH HOLE,55.0,-55.0,9.45,9.45,50.0,3.0,250.0,250.0,0.0
A164,"Indicator SubRed Slow Blow Movement 3A 250V SMD Gull Wing 10.16 X 6.35 X 4.19mm Thermoplastic Bulk CSA Electric Indicator, Fast Blow, 3A, 250VAC, 50A (IR), Surface Mount",SLOW,MOTOR CIRCUIT,FAST,THERMOPLASTIC,10.16 X 6.35 X 4.19mm,Low,SURFACE MOUNT,SURFACE MOUNT,55.0,-55.0,9.45,9.45,50.0,3.0,250.0,250.0,0.0
A165,"Indicator SubRed Slow Blow Movement 3A 250V SMD Gull Wing 10.16 X 6.35 X 4.19mm Thermoplastic T/R CSA Electric Indicator, Fast Blow, 3A, 250VAC, 50A (IR), Surface Mount",SLOW,MOTOR CIRCUIT,FAST,THERMOPLASTIC,10.16 X 6.35 X 4.19mm,Low,SURFACE MOUNT,SURFACE MOUNT,55.0,-55.0,9.45,9.45,50.0,3.0,250.0,250.0,0.0
A166,"Indicator SubRed Slow Blow Movement 4A 250V Radial DIP 10.16 X 6.35 X 4.19mm Thermoplastic Bulk CSA/UL Electric Indicator, Fast Blow, 4A, 250VAC, 50A (IR), Through Hole",SLOW,MOTOR CIRCUIT,FAST,THERMOPLASTIC,10.16 X 6.35 X 4.19mm,Low,THROUGH HOLE,THROUGH HOLE,55.0,-55.0,9.45,9.45,50.0,4.0,250.0,250.0,0.0
A167,"Indicator SubRed Slow Blow Movement 4A 250V SMD Gull Wing 10.16 X 6.35 X 4.19mm Thermoplastic Bulk CSA/UL Electric Indicator, Fast Blow, 4A, 250VAC, 50A (IR), Surface Mount",SLOW,MOTOR CIRCUIT,FAST,THERMOPLASTIC,10.16 X 6.35 X 4.19mm,Low,SURFACE MOUNT,SURFACE MOUNT,55.0,-55.0,9.45,9.45,50.0,4.0,250.0,250.0,0.0
A168,"Indicator SubRed Slow Blow Movement 4A 250V SMD Gull Wing 10.16 X 6.35 X 4.19mm Thermoplastic T/R CSA/UL Electric Indicator, Fast Blow, 4A, 250VAC, 50A (IR), Surface Mount",SLOW,MOTOR CIRCUIT,FAST,THERMOPLASTIC,10.16 X 6.35 X 4.19mm,Low,SURFACE MOUNT,SURFACE MOUNT,55.0,-55.0,9.45,9.45,50.0,4.0,250.0,250.0,0.0
A169,"Indicator SubRed Slow Blow Movement 5A 250V Radial DIP 10.16 X 6.35 X 4.19mm Thermoplastic Bulk CSA/UL Electric Indicator, Fast Blow, 5A, 250VAC, 50A (IR), Through Hole",SLOW,MOTOR CIRCUIT,FAST,THERMOPLASTIC,10.16 X 6.35 X 4.19mm,Low,THROUGH HOLE,THROUGH HOLE,55.0,-55.0,9.45,9.45,50.0,5.0,250.0,250.0,0.0
A170,"Indicator SubRed Slow Blow Movement 5A 250V SMD Gull Wing 10.16 X 6.35 X 4.19mm Thermoplastic Bulk CSA/UL Electric Indicator, Fast Blow, 5A, 250VAC, 50A (IR), Surface Mount",SLOW,MOTOR CIRCUIT,FAST,THERMOPLASTIC,10.16 X 6.35 X 4.19mm,Low,SURFACE MOUNT,SURFACE MOUNT,55.0,-55.0,9.45,9.45,50.0,5.0,250.0,250.0,0.0
A171,"Indicator SubRed Slow Blow Movement 5A 250V SMD Gull Wing 10.16 X 6.35 X 4.19mm Thermoplastic T/R CSA/UL Electric Indicator, Fast Blow, 5A, 250VAC, 50A (IR), Surface Mount",SLOW,MOTOR CIRCUIT,FAST,THERMOPLASTIC,10.16 X 6.35 X 4.19mm,Low,SURFACE MOUNT,SURFACE MOUNT,55.0,-55.0,9.45,9.45,50.0,5.0,250.0,250.0,0.0
A172,"Indicator SubRed Slow Blow Movement 1.5A 250V Radial DIP 10.16 X 6.35 X 4.19mm Thermoplastic Bulk CSA/UL Electric Indicator, Fast Blow, 1.5A, 250VAC, 50A (IR), Through Hole",SLOW,MOTOR CIRCUIT,FAST,THERMOPLASTIC,10.16 X 6.35 X 4.19mm,Low,THROUGH HOLE,THROUGH HOLE,55.0,-55.0,9.45,9.45,50.0,1.5,250.0,250.0,0.0
A173,"Indicator SubRed Slow Blow Movement 1.5A 250V SMD Gull Wing 10.16 X 6.35 X 4.19mm Thermoplastic Bulk CSA/UL Electric Indicator, Fast Blow, 1.5A, 250VAC, 50A (IR), Surface Mount",SLOW,MOTOR CIRCUIT,FAST,THERMOPLASTIC,10.16 X 6.35 X 4.19mm,Low,SURFACE MOUNT,SURFACE MOUNT,55.0,-55.0,9.45,9.45,50.0,1.5,250.0,250.0,0.0
A174,"Indicator SubRed Slow Blow Movement 1.5A 250V SMD Gull Wing 10.16 X 6.35 X 4.19mm Thermoplastic T/R CSA/UL Electric Indicator, Fast Blow, 1.5A, 250VAC, 50A (IR), Surface Mount",SLOW,MOTOR CIRCUIT,FAST,THERMOPLASTIC,10.16 X 6.35 X 4.19mm,Low,SURFACE MOUNT,SURFACE MOUNT,55.0,-55.0,9.45,9.45,50.0,1.5,250.0,250.0,0.0
A175,"Indicator SubRed Slow Blow Movement 2.5A 250V Radial DIP 10.16 X 6.35 X 4.19mm Thermoplastic Bulk CSA/UL Electric Indicator, Fast Blow, 2.5A, 250VAC, 50A (IR), Through Hole",SLOW,MOTOR CIRCUIT,FAST,THERMOPLASTIC,10.16 X 6.35 X 4.19mm,Low,THROUGH HOLE,THROUGH HOLE,55.0,-55.0,9.45,9.45,50.0,2.5,250.0,250.0,0.0
A176,"Indicator SubRed Slow Blow Movement 2.5A 250V SMD Gull Wing 10.16 X 6.35 X 4.19mm Thermoplastic Bulk CSA/UL Electric Indicator, Fast Blow, 2.5A, 250VAC, 50A (IR), Surface Mount",SLOW,MOTOR CIRCUIT,FAST,THERMOPLASTIC,10.16 X 6.35 X 4.19mm,Low,SURFACE MOUNT,SURFACE MOUNT,55.0,-55.0,9.45,9.45,50.0,2.5,250.0,250.0,0.0
A177,"Indicator SubRed Slow Blow Movement 2.5A 250V SMD Gull Wing 10.16 X 6.35 X 4.19mm Thermoplastic T/R CSA/UL Electric Indicator, Fast Blow, 2.5A, 250VAC, 50A (IR), Surface Mount",SLOW,MOTOR CIRCUIT,FAST,THERMOPLASTIC,10.16 X 6.35 X 4.19mm,Low,SURFACE MOUNT,SURFACE MOUNT,55.0,-55.0,9.45,9.45,50.0,2.5,250.0,250.0,0.0
A178,"Indicator SubRed Slow Blow Movement 0.062A 250V Radial DIP 10.16 X 6.35 X 4.19mm Thermoplastic Bulk CSA/UL Electric Indicator, Fast Blow, 0.062A, 250VAC, 50A (IR), Through Hole",SLOW,MOTOR CIRCUIT,FAST,THERMOPLASTIC,10.16 X 6.35 X 4.19mm,Low,THROUGH HOLE,THROUGH HOLE,55.0,-55.0,9.45,9.45,50.0,0.062,250.0,250.0,0.0
A179,"Indicator SubRed Slow Blow Movement 0.062A 250V SMD Gull Wing 10.16 X 6.35 X 4.19mm Thermoplastic Bulk CSA/UL Electric Indicator, Fast Blow, 0.062A, 250VAC, 50A (IR), Surface Mount",SLOW,MOTOR CIRCUIT,FAST,THERMOPLASTIC,10.16 X 6.35 X 4.19mm,Low,SURFACE MOUNT,SURFACE MOUNT,55.0,-55.0,9.45,9.45,50.0,0.062,250.0,250.0,0.0
A180,"Indicator SubRed Slow Blow Movement 0.62A 250V SMD Gull Wing 10.16 X 6.35 X 4.19mm Thermoplastic T/R CSA/UL Electric Indicator, Fast Blow, 0.062A, 250VAC, 50A (IR), Surface Mount",SLOW,MOTOR CIRCUIT,FAST,THERMOPLASTIC,10.16 X 6.35 X 4.19mm,Low,SURFACE MOUNT,SURFACE MOUNT,55.0,-55.0,9.45,9.45,0.62,0.062,250.0,250.0,0.0
A181,"Indicator SubRed Slow Blow Movement 0.125A 250V Radial DIP 10.16 X 6.35 X 4.19mm Thermoplastic Bulk CSA/UL Electric Indicator, Fast Blow, 0.125A, 250VAC, 50A (IR), Through Hole",SLOW,MOTOR CIRCUIT,FAST,THERMOPLASTIC,10.16 X 6.35 X 4.19mm,Low,THROUGH HOLE,THROUGH HOLE,125.0,-55.0,9.45,9.45,50.0,0.125,250.0,250.0,0.0
A182,"Indicator SubRed Slow Blow Movement 0.125A 250V SMD Gull Wing 10.16 X 6.35 X 4.19mm Thermoplastic Bulk CSA/UL Electric Indicator, Fast Blow, 0.125A, 250VAC, 50A (IR), Surface Mount",SLOW,MOTOR CIRCUIT,FAST,THERMOPLASTIC,10.16 X 6.35 X 4.19mm,Low,SURFACE MOUNT,SURFACE MOUNT,125.0,-55.0,9.45,9.45,50.0,0.125,250.0,250.0,0.0
A183,"Indicator SubRed Slow Blow Movement 0.125A 250V SMD Gull Wing 10.16 X 6.35 X 4.19mm Thermoplastic T/R CSA/UL Electric Indicator, Fast Blow, 0.125A, 250VAC, 50A (IR), Surface Mount",SLOW,MOTOR CIRCUIT,FAST,THERMOPLASTIC,10.16 X 6.35 X 4.19mm,Low,SURFACE MOUNT,SURFACE MOUNT,125.0,-55.0,9.45,9.45,50.0,0.125,250.0,250.0,0.0
A184,"Indicator SubRed Slow Blow Movement 0.25A 250V Radial DIP 10.16 X 6.35 X 4.19mm Thermoplastic Bulk CSA/UL Electric Indicator, Fast Blow, 0.25A, 250VAC, 50A (IR), Through Hole",SLOW,MOTOR CIRCUIT,FAST,THERMOPLASTIC,10.16 X 6.35 X 4.19mm,Low,THROUGH HOLE,THROUGH HOLE,55.0,-55.0,9.45,9.45,50.0,0.25,250.0,250.0,0.0
A185,"Indicator SubRed Slow Blow Movement 0.25A 250V SMD Gull Wing 10.16 X 6.35 X 4.19mm Thermoplastic Bulk CSA/UL Electric Indicator, Fast Blow, 0.25A, 250VAC, 50A (IR), Surface Mount",SLOW,MOTOR CIRCUIT,FAST,THERMOPLASTIC,10.16 X 6.35 X 4.19mm,Low,SURFACE MOUNT,SURFACE MOUNT,55.0,-55.0,9.45,9.45,50.0,0.25,250.0,250.0,0.0
A186,"Indicator SubRed Slow Blow Movement 0.25A 250V SMD Gull Wing 10.16 X 6.35 X 4.19mm Thermoplastic T/R CSA/UL Electric Indicator, Fast Blow, 0.25A, 250VAC, 50A (IR), Surface Mount",SLOW,MOTOR CIRCUIT,FAST,THERMOPLASTIC,10.16 X 6.35 X 4.19mm,Low,SURFACE MOUNT,SURFACE MOUNT,55.0,-55.0,9.45,9.45,50.0,0.25,250.0,250.0,0.0
A187,"Indicator SubRed Slow Blow Movement 0.5A 250V Radial DIP 10.16 X 6.35 X 4.19mm Thermoplastic Bulk CSA/UL Electric Indicator, Fast Blow, 0.5A, 250VAC, 50A (IR), Through Hole",SLOW,MOTOR CIRCUIT,FAST,THERMOPLASTIC,10.16 X 6.35 X 4.19mm,Low,THROUGH HOLE,THROUGH HOLE,55.0,-55.0,9.45,9.45,50.0,0.5,250.0,250.0,0.0
A188,"Indicator SubRed Slow Blow Movement 0.5A 250V SMD Gull Wing 10.16 X 6.35 X 4.19mm Thermoplastic Bulk CSA/UL Electric Indicator, Fast Blow, 0.5A, 250VAC, 50A (IR), Surface Mount",SLOW,MOTOR CIRCUIT,FAST,THERMOPLASTIC,10.16 X 6.35 X 4.19mm,Low,SURFACE MOUNT,SURFACE MOUNT,55.0,-55.0,9.45,9.45,50.0,0.5,250.0,250.0,0.0
A189,"Indicator SubRed Slow Blow Movement 0.5A 250V SMD Gull Wing 10.16 X 6.35 X 4.19mm Thermoplastic T/R CSA/UL Electric Indicator, Fast Blow, 0.5A, 250VAC, 50A (IR), Surface Mount",SLOW,MOTOR CIRCUIT,FAST,THERMOPLASTIC,10.16 X 6.35 X 4.19mm,Low,SURFACE MOUNT,SURFACE MOUNT,55.0,-55.0,9.45,9.45,50.0,0.5,250.0,250.0,0.0
A190,"Indicator SubRed Slow Blow Movement 0.75A 250V Radial DIP 10.16 X 6.35 X 4.19mm Thermoplastic Bulk CSA/UL Electric Indicator, Fast Blow, 0.75A, 250VAC, 50A (IR), Through Hole",SLOW,MOTOR CIRCUIT,FAST,THERMOPLASTIC,10.16 X 6.35 X 4.19mm,Low,THROUGH HOLE,THROUGH HOLE,55.0,-55.0,9.45,9.45,50.0,0.75,250.0,250.0,0.0
A191,"Indicator SubRed Slow Blow Movement 0.75A 250V SMD Gull Wing 10.16 X 6.35 X 4.19mm Thermoplastic Bulk CSA/UL Electric Indicator, Fast Blow, 0.75A, 250VAC, 50A (IR), Surface Mount",SLOW,MOTOR CIRCUIT,FAST,THERMOPLASTIC,10.16 X 6.35 X 4.19mm,Low,SURFACE MOUNT,SURFACE MOUNT,55.0,-55.0,9.45,9.45,50.0,0.75,250.0,250.0,0.0
A192,"Indicator SubRed Slow Blow Movement 0.75A 250V SMD Gull Wing 10.16 X 6.35 X 4.19mm Thermoplastic T/R CSA/UL Electric Indicator, Fast Blow, 0.75A, 250VAC, 50A (IR), Surface Mount",SLOW,MOTOR CIRCUIT,FAST,THERMOPLASTIC,10.16 X 6.35 X 4.19mm,Low,SURFACE MOUNT,SURFACE MOUNT,55.0,-55.0,9.45,9.45,50.0,0.75,250.0,250.0,0.0
A193,"Indicator SubRed Slow Blow Movement 1A 250V SMD Gull Wing 10.16 X 6.35 X 4.19mm Thermoplastic Bulk CSA/UL Electric Indicator, Slow Blow, 1A, 250VAC, 50A (IR), Surface Mount",SLOW,MOTOR CIRCUIT,SLOW,THERMOPLASTIC,10.16 X 6.35 X 4.19mm,Low,SURFACE MOUNT,SURFACE MOUNT,55.0,-55.0,9.45,9.45,50.0,1.0,250.0,250.0,0.0
A194,"Indicator SubRed Slow Blow Movement 1A 250V SMD Gull Wing 10.16 X 6.35 X 4.19mm Thermoplastic T/R CSA/UL Electric Indicator, Slow Blow, 1A, 250VAC, 50A (IR), Surface Mount",SLOW,MOTOR CIRCUIT,SLOW,THERMOPLASTIC,10.16 X 6.35 X 4.19mm,Low,SURFACE MOUNT,SURFACE MOUNT,55.0,-55.0,9.45,9.45,50.0,1.0,250.0,250.0,0.0
A195,"Indicator SubRed Slow Blow Movement 2A 250V SMD Gull Wing 10.16 X 6.35 X 4.19mm Thermoplastic Bulk CSA/UL Electric Indicator, Slow Blow, 2A, 250VAC, 50A (IR), Surface Mount",SLOW,MOTOR CIRCUIT,SLOW,THERMOPLASTIC,10.16 X 6.35 X 4.19mm,Low,SURFACE MOUNT,SURFACE MOUNT,55.0,-55.0,9.45,9.45,50.0,2.0,250.0,250.0,0.0
A196,"Indicator SubRed Slow Blow Movement 2A 250V SMD Gull Wing 10.16 X 6.35 X 4.19mm Thermoplastic T/R CSA/UL Electric Indicator, Slow Blow, 2A, 250VAC, 50A (IR), Surface Mount",SLOW,MOTOR CIRCUIT,SLOW,THERMOPLASTIC,10.16 X 6.35 X 4.19mm,Low,SURFACE MOUNT,SURFACE MOUNT,55.0,-55.0,9.45,9.45,50.0,2.0,250.0,250.0,0.0
A197,"Indicator SubRed Slow Blow Movement 3A 250V SMD Gull Wing 10.16 X 6.35 X 4.19mm Thermoplastic Bulk CSA/UL Electric Indicator, Slow Blow, 3A, 250VAC, 50A (IR), Surface Mount",SLOW,MOTOR CIRCUIT,SLOW,THERMOPLASTIC,10.16 X 6.35 X 4.19mm,Low,SURFACE MOUNT,SURFACE MOUNT,55.0,-55.0,9.45,9.45,50.0,3.0,250.0,250.0,0.0
A198,"Indicator SubRed Slow Blow Movement 3A 250V SMD Gull Wing 10.16 X 6.35 X 4.19mm Thermoplastic T/R CSA/UL Electric Indicator, Slow Blow, 3A, 250VAC, 50A (IR), Surface Mount",SLOW,MOTOR CIRCUIT,SLOW,THERMOPLASTIC,10.16 X 6.35 X 4.19mm,Low,SURFACE MOUNT,SURFACE MOUNT,55.0,-55.0,9.45,9.45,50.0,3.0,250.0,250.0,0.0
A199,"Indicator SubRed Slow Blow Movement 4A 250V SMD Gull Wing 10.16 X 6.35 X 4.19mm Thermoplastic Bulk CSA/UL Electric Indicator, Slow Blow, 4A, 250VAC, 50A (IR), Surface Mount",SLOW,MOTOR CIRCUIT,SLOW,THERMOPLASTIC,10.16 X 6.35 X 4.19mm,Low,SURFACE MOUNT,SURFACE MOUNT,55.0,-55.0,9.45,9.45,50.0,4.0,250.0,250.0,0.0
A200,"Indicator SubRed Slow Blow Movement 4A 250V SMD Gull Wing 10.16 X 6.35 X 4.19mm Thermoplastic T/R CSA/UL Electric Indicator, Slow Blow, 4A, 250VAC, 50A (IR), Surface Mount",SLOW,MOTOR CIRCUIT,SLOW,THERMOPLASTIC,10.16 X 6.35 X 4.19mm,Low,SURFACE MOUNT,SURFACE MOUNT,55.0,-55.0,9.45,9.45,50.0,4.0,250.0,250.0,0.0
A201,"Indicator SubRed Slow Blow Movement 5A 250V SMD Gull Wing 10.16 X 6.35 X 4.19mm Thermoplastic Bulk CSA/UL Electric Indicator, Slow Blow, 5A, 250VAC, 50A (IR), Surface Mount",SLOW,MOTOR CIRCUIT,SLOW,THERMOPLASTIC,10.16 X 6.35 X 4.19mm,Low,SURFACE MOUNT,SURFACE MOUNT,55.0,-55.0,9.45,9.45,50.0,5.0,250.0,250.0,0.0
A202,"Indicator SubRed Slow Blow Movement 5A 250V SMD Gull Wing 10.16 X 6.35 X 4.19mm Thermoplastic T/R CSA/UL Electric Indicator, Slow Blow, 5A, 250VAC, 50A (IR), Surface Mount",SLOW,MOTOR CIRCUIT,SLOW,THERMOPLASTIC,10.16 X 6.35 X 4.19mm,Low,SURFACE MOUNT,SURFACE MOUNT,55.0,-55.0,9.45,9.45,50.0,5.0,250.0,250.0,0.0
A203,"Indicator SubRed Slow Blow Movement 1.5A 250V SMD Gull Wing 10.16 X 6.35 X 4.19mm Thermoplastic Bulk CSA/UL Electric Indicator, Slow Blow, 1.5A, 250VAC, 50A (IR), Surface Mount",SLOW,MOTOR CIRCUIT,SLOW,THERMOPLASTIC,10.16 X 6.35 X 4.19mm,Low,SURFACE MOUNT,SURFACE MOUNT,55.0,-55.0,9.45,9.45,50.0,1.5,250.0,250.0,0.0
A204,"Indicator SubRed Slow Blow Movement 1.5A 250V SMD Gull Wing 10.16 X 6.35 X 4.19mm Thermoplastic T/R CSA/UL Electric Indicator, Slow Blow, 1.5A, 250VAC, 50A (IR), Surface Mount",SLOW,MOTOR CIRCUIT,SLOW,THERMOPLASTIC,10.16 X 6.35 X 4.19mm,Low,SURFACE MOUNT,SURFACE MOUNT,55.0,-55.0,9.45,9.45,50.0,1.5,250.0,250.0,0.0
A205,"Indicator SubRed Slow Blow Movement 2.5A 250V SMD Gull Wing 10.16 X 6.35 X 4.19mm Thermoplastic Bulk CSA/UL Electric Indicator, Slow Blow, 2.5A, 250VAC, 50A (IR), Surface Mount",SLOW,MOTOR CIRCUIT,SLOW,THERMOPLASTIC,10.16 X 6.35 X 4.19mm,Low,SURFACE MOUNT,SURFACE MOUNT,55.0,-55.0,9.45,9.45,50.0,2.5,250.0,250.0,0.0
A206,"Indicator SubRed Slow Blow Movement 2.5A 250V SMD Gull Wing 10.16 X 6.35 X 4.19mm Thermoplastic T/R CSA/UL Electric Indicator, Slow Blow, 2.5A, 250VAC, 50A (IR), Surface Mount",SLOW,MOTOR CIRCUIT,SLOW,THERMOPLASTIC,10.16 X 6.35 X 4.19mm,Low,SURFACE MOUNT,SURFACE MOUNT,55.0,-55.0,9.45,9.45,50.0,2.5,250.0,250.0,0.0
A207,"Indicator SubRed Slow Blow Movement 0.25A 250V SMD Gull Wing 10.16 X 6.35 X 4.19mm Thermoplastic Bulk CSA/UL Electric Indicator, Slow Blow, 0.25A, 250VAC, 50A (IR), Surface Mount",SLOW,MOTOR CIRCUIT,SLOW,THERMOPLASTIC,10.16 X 6.35 X 4.19mm,Low,SURFACE MOUNT,SURFACE MOUNT,55.0,-55.0,9.45,9.45,50.0,0.25,250.0,250.0,0.0
A208,"Indicator SubRed Slow Blow Movement 0.25A 250V SMD Gull Wing 10.16 X 6.35 X 4.19mm Thermoplastic T/R CSA/UL Electric Indicator, Slow Blow, 0.25A, 250VAC, 50A (IR), Surface Mount",SLOW,MOTOR CIRCUIT,SLOW,THERMOPLASTIC,10.16 X 6.35 X 4.19mm,Low,SURFACE MOUNT,SURFACE MOUNT,55.0,-55.0,9.45,9.45,50.0,0.25,250.0,250.0,0.0
A209,"Indicator SubRed Slow Blow Movement 0.5A 250V SMD Gull Wing 10.16 X 6.35 X 4.19mm Thermoplastic Bulk CSA/UL Electric Indicator, Slow Blow, 0.5A, 250VAC, 50A (IR), Surface Mount",SLOW,MOTOR CIRCUIT,SLOW,THERMOPLASTIC,10.16 X 6.35 X 4.19mm,Low,SURFACE MOUNT,SURFACE MOUNT,55.0,-55.0,9.45,9.45,50.0,0.5,250.0,250.0,0.0
A210,"Indicator SubRed Slow Blow Movement 0.5A 250V SMD Gull Wing 10.16 X 6.35 X 4.19mm Thermoplastic T/R CSA/UL Electric Indicator, Slow Blow, 0.5A, 250VAC, 50A (IR), Surface Mount",SLOW,MOTOR CIRCUIT,SLOW,THERMOPLASTIC,10.16 X 6.35 X 4.19mm,Low,SURFACE MOUNT,SURFACE MOUNT,55.0,-55.0,9.45,9.45,50.0,0.5,250.0,250.0,0.0
A211,"Indicator SubRed Slow Blow Movement 0.75A 250V SMD Gull Wing 10.16 X 6.35 X 4.19mm Thermoplastic Bulk CSA/UL Electric Indicator, Slow Blow, 0.75A, 250VAC, 50A (IR), Surface Mount",SLOW,MOTOR CIRCUIT,SLOW,THERMOPLASTIC,10.16 X 6.35 X 4.19mm,Low,SURFACE MOUNT,SURFACE MOUNT,55.0,-55.0,9.45,9.45,50.0,0.75,250.0,250.0,0.0
A212,"Indicator SubRed Slow Blow Movement 0.75A 250V SMD Gull Wing 10.16 X 6.35 X 4.19mm Thermoplastic T/R CSA/UL Electric Indicator, Slow Blow, 0.75A, 250VAC, 50A (IR), Surface Mount",SLOW,MOTOR CIRCUIT,SLOW,THERMOPLASTIC,10.16 X 6.35 X 4.19mm,Low,SURFACE MOUNT,SURFACE MOUNT,55.0,-55.0,9.45,9.45,50.0,0.75,250.0,250.0,0.0
A213,nan,UNKNOWN,NOT SPECIFIED,SLOW,UNKNOWN,5x20mm,High,UNKNOWN,INLINE/HOLDER,55.0,-55.0,5.0,20.0,50.0,2.0,125.0,0.0,0.0
A214,nan,UNKNOWN,NOT SPECIFIED,SLOW,UNKNOWN,NOT SPECIFIED,Med,UNKNOWN,INLINE/HOLDER,55.0,-55.0,5.2,20.0,50.0,2.0,125.0,0.0,0.0
A215,nan,UNKNOWN,NOT SPECIFIED,SLOW,UNKNOWN,NOT SPECIFIED,Low,UNKNOWN,INLINE/HOLDER,55.0,-55.0,5.2,20.0,50.0,2.0,125.0,0.0,0.0
A216,nan,UNKNOWN,NOT SPECIFIED,SLOW,UNKNOWN,5x20mm,High,UNKNOWN,INLINE/HOLDER,55.0,-55.0,5.0,20.0,50.0,2.0,125.0,0.0,0.0
A217,nan,SLOW,MOTOR CIRCUIT,UNKNOWN,GLASS,5 X 20mm,UNKNOWN,UNKNOWN,NOT SPECIFIED,55.0,-55.0,5.0,8.4,50.0,5.0,250.0,250.0,0.0
A218,nan,UNKNOWN,NOT SPECIFIED,SLOW,UNKNOWN,NOT SPECIFIED,High,UNKNOWN,INLINE/HOLDER,55.0,-55.0,5.2,20.0,50.0,2.0,125.0,0.0,0.0
A219,"Indicator Red Slow Blow Movement 2.5A 250V Holder Plastic 5 X 20mm Glass Bulk BSI/CCC/CE/CSA/PSE/SEMKO/UL Electric Indicator, Time Lag Blow, 2.5A, 250VAC, 250VDC, 35A (IR), Through Hole, 5x20mm",SLOW,SUPPLEMENTARY PROTECTION,SLOW,GLASS,5x20mm,Low,HOLDER,THROUGH HOLE,55.0,-55.0,5.2,20.0,35.0,2.5,250.0,250.0,2.5
A220,nan,UNKNOWN,NOT SPECIFIED,SLOW,UNKNOWN,NOT SPECIFIED,High,UNKNOWN,INLINE/HOLDER,55.0,-55.0,5.2,20.0,50.0,2.0,125.0,0.0,0.0
A221,nan,UNKNOWN,NOT SPECIFIED,SLOW,UNKNOWN,NOT SPECIFIED,High,UNKNOWN,INLINE/HOLDER,55.0,-55.0,5.2,20.0,50.0,2.0,125.0,0.0,0.0
A222,nan,SLOW,MOTOR CIRCUIT,UNKNOWN,UNKNOWN,5 X 20mm,UNKNOWN,UNKNOWN,NOT SPECIFIED,55.0,-55.0,5.0,8.4,50.0,0.2,250.0,250.0,0.0
A223,nan,UNKNOWN,NOT SPECIFIED,SLOW,UNKNOWN,NOT SPECIFIED,High,UNKNOWN,INLINE/HOLDER,55.0,-55.0,5.2,20.0,50.0,2.0,125.0,0.0,0.0
A224,nan,UNKNOWN,NOT SPECIFIED,SLOW,UNKNOWN,NOT SPECIFIED,High,UNKNOWN,INLINE/HOLDER,55.0,-55.0,5.2,20.0,50.0,2.0,125.0,0.0,0.0
A225,nan,UNKNOWN,NOT SPECIFIED,SLOW,UNKNOWN,NOT SPECIFIED,Low,UNKNOWN,INLINE/HOLDER,55.0,-55.0,5.2,20.0,50.0,2.0,125.0,0.0,0.0
A226,nan,SLOW,MOTOR CIRCUIT,UNKNOWN,UNKNOWN,5 X 20mm,UNKNOWN,UNKNOWN,NOT SPECIFIED,55.0,-55.0,5.0,8.4,50.0,0.4,250.0,250.0,0.0
A227,nan,UNKNOWN,NOT SPECIFIED,SLOW,UNKNOWN,NOT SPECIFIED,High,UNKNOWN,INLINE/HOLDER,55.0,-55.0,5.2,20.0,50.0,2.0,125.0,0.0,0.0
A228,nan,SLOW,MOTOR CIRCUIT,UNKNOWN,UNKNOWN,5 X 20mm,UNKNOWN,UNKNOWN,NOT SPECIFIED,55.0,-55.0,5.0,8.4,50.0,0.5,250.0,250.0,0.0
A229,nan,UNKNOWN,NOT SPECIFIED,SLOW,UNKNOWN,NOT SPECIFIED,High,UNKNOWN,INLINE/HOLDER,55.0,-55.0,5.2,20.0,50.0,2.0,125.0,0.0,0.0
A230,nan,SLOW,MOTOR CIRCUIT,UNKNOWN,UNKNOWN,5 X 20mm,UNKNOWN,UNKNOWN,NOT SPECIFIED,55.0,-55.0,5.0,8.4,50.0,0.63,250.0,250.0,0.0
A231,nan,UNKNOWN,NOT SPECIFIED,SLOW,UNKNOWN,NOT SPECIFIED,High,UNKNOWN,INLINE/HOLDER,55.0,-55.0,5.2,20.0,50.0,2.0,125.0,0.0,0.0
A232,nan,UNKNOWN,NOT SPECIFIED,SLOW,UNKNOWN,NOT SPECIFIED,High,UNKNOWN,INLINE/HOLDER,55.0,-55.0,5.2,20.0,50.0,2.0,125.0,0.0,0.0
A233,"Indicator Red Slow Blow Movement 2A 250V Holder Plastic 5 X 20mm Ceramic Bulk CCC/CE/CSA/KC/PSE/SEMKO/UL/VDE Electric Indicator, Time Lag Blow, 2A, 250VAC, 1500A (IR), Supplemental, Inline/holder, 5x20mm",SLOW,SUPPLEMENTARY PROTECTION,SLOW,CERAMIC,5x20mm,Low,HOLDER,INLINE/HOLDER,55.0,-55.0,5.2,20.0,1500.0,2.0,250.0,250.0,0.0
A234,"Indicator Red Slow Blow Movement 2A 250V Holder Plastic 5 X 20mm Ceramic Bulk CCC/CE/CSA/KC/PSE/SEMKO/UL/VDE Electric Indicator, Time Lag Blow, 2A, 250VAC, 250VDC, 1500A (IR), Inline/holder, 5x20mm",SLOW,SUPPLEMENTARY PROTECTION,SLOW,CERAMIC,5x20mm,Low,HOLDER,INLINE/HOLDER,55.0,-55.0,5.2,20.0,1500.0,2.0,250.0,250.0,2.0
A235,"Indicator Red Slow Blow Movement 10A 250V Holder Plastic 5 X 20mm Ceramic Bulk CE/CSA/KC/PSE/SEMKO/UL/VDE Electric Indicator, Time Lag Blow, 10A, 1500A (IR), Supplemental, 5x20mm",SLOW,SUPPLEMENTARY PROTECTION,SLOW,CERAMIC,5x20mm,Low,HOLDER,NOT SPECIFIED,55.0,-55.0,5.2,20.0,1500.0,10.0,250.0,250.0,0.0
A236,nan,UNKNOWN,NOT SPECIFIED,UNKNOWN,UNKNOWN,NOT SPECIFIED,Low,UNKNOWN,NOT SPECIFIED,55.0,-55.0,6.1,8.4,50.0,2.0,125.0,0.0,0.0
A237,"Indicator Red Slow Blow Movement 12A 250V Axial 5 X 20mm Ceramic Bulk CE/CSA/PSE/SEMKO/UL Electric Indicator, Time Lag Blow, 12A, 250VAC, 250VDC, 1500A (IR), Through Hole, 5x20mm",SLOW,SUPPLEMENTARY PROTECTION,SLOW,CERAMIC,5x20mm,Low,THROUGH HOLE,THROUGH HOLE,55.0,-55.0,5.8,22.5,1500.0,12.0,250.0,250.0,12.0
A238,nan,SLOW,MOTOR CIRCUIT,UNKNOWN,CERAMIC,5 X 20mm,UNKNOWN,HOLDER,NOT SPECIFIED,55.0,-55.0,5.2,20.0,50.0,1.6,250.0,250.0,0.0
A239,"Indicator Red Slow Blow Movement 2.5A 250V Holder Plastic 5 X 20mm Ceramic Bulk BSI/CCC/CE/CSA/KC/PSE/SEMKO/UL/VDE Electric Indicator, Time Lag Blow, 2.5A, 250VAC, 250VDC, 1500A (IR), Inline/holder, 5x20mm",UNKNOWN,NOT SPECIFIED,SLOW,CERAMIC,5x20mm,Low,HOLDER,INLINE/HOLDER,55.0,-55.0,5.2,20.0,1500.0,2.5,250.0,250.0,2.5
A240,nan,SLOW,MOTOR CIRCUIT,UNKNOWN,CERAMIC,5 X 20mm,UNKNOWN,HOLDER,NOT SPECIFIED,55.0,-55.0,5.2,20.0,50.0,2.5,250.0,250.0,0.0
A241,"Indicator Red Slow Blow Movement 6.3A 250V Holder Plastic 5 X 20mm Ceramic Bulk CCC/CE/CSA/KC/PSE/SEMKO/UL/VDE Electric Indicator, Time Lag Blow, 6.3A, 250VAC, 250VDC, 1500A (IR), Inline/holder, 5x20mm",SLOW,SUPPLEMENTARY PROTECTION,SLOW,CERAMIC,5x20mm,Low,HOLDER,INLINE/HOLDER,55.0,-55.0,5.2,20.0,1500.0,6.3,250.0,250.0,6.3
A242,"Indicator Red Fast Movement 1A 250V Holder Plastic Melf 5 X 20mm Ceramic CCC/CE/CSA/PSE/SEMKO/UL/VDE Electric Indicator, Fast Blow, 1A, 250VAC, 1500A (IR), Inline/holder",FAST,MOTOR CIRCUIT,FAST,CERAMIC,5 X 20mm,Med,HOLDER,INLINE/HOLDER,55.0,-55.0,5.2,20.0,1500.0,1.0,250.0,250.0,0.0
A243,"Indicator Red Fast Movement 2A 250V Holder Plastic Melf 5 X 20mm Ceramic CCC/CE/CSA/PSE/SEMKO/UL/VDE Electric Indicator, Fast Blow, 2A, 250VAC, 1500A (IR), Inline/holder",FAST,MOTOR CIRCUIT,FAST,CERAMIC,5 X 20mm,High,HOLDER,INLINE/HOLDER,55.0,-55.0,5.2,20.0,1500.0,2.0,250.0,250.0,0.0
A244,"Indicator Red Fast Movement 4A 250V Holder Plastic Melf 5 X 20mm Ceramic BSI/CCC/CE/CSA/KC/PSE/SEMKO/VDE/cULus Electric Indicator, Fast Blow, 4A, 250VAC, 1500A (IR), Inline/holder",FAST,MOTOR CIRCUIT,FAST,CERAMIC,5 X 20mm,Med,HOLDER,INLINE/HOLDER,55.0,-55.0,5.2,20.0,1500.0,4.0,250.0,250.0,0.0
A245,"Indicator Red Fast Movement 5A 250V Holder Plastic Melf 5 X 20mm Ceramic CCC/CE/CSA/PSE/SEMKO/UL/VDE Electric Indicator, Fast Blow, 5A, 250VAC, 1500A (IR), Inline/holder",FAST,MOTOR CIRCUIT,FAST,CERAMIC,5 X 20mm,Med,HOLDER,INLINE/HOLDER,55.0,-55.0,5.2,20.0,1500.0,5.0,250.0,250.0,0.0
A246,"Indicator Red Fast Movement 8A 250V Holder Plastic 5 X 20mm Ceramic Bulk CE/CSA/KC/PSE/SEMKO/TUV/VDE/cULus Electric Indicator, Fast Blow, 8A, 250VAC, 1500A (IR), Inline/holder, 5x20mm",FAST,SUPPLEMENTARY PROTECTION,FAST,CERAMIC,5x20mm,Low,HOLDER,INLINE/HOLDER,55.0,-55.0,5.2,20.0,1500.0,8.0,250.0,250.0,0.0
A247,"Indicator Red Fast Movement 8A 250V Holder Plastic Melf 5 X 20mm Ceramic CCC/CE/CSA/PSE/SEMKO/UL/VDE Electric Indicator, Fast Blow, 8A, 250VAC, 1500A (IR), Inline/holder",FAST,MOTOR CIRCUIT,FAST,CERAMIC,5 X 20mm,Med,HOLDER,INLINE/HOLDER,55.0,-55.0,5.2,20.0,1500.0,8.0,250.0,250.0,0.0
A248,nan,FAST,SUPPLEMENTARY PROTECTION,UNKNOWN,CERAMIC,5 X 20mm,UNKNOWN,HOLDER,NOT SPECIFIED,55.0,-55.0,5.2,20.0,50.0,8.0,250.0,250.0,0.0
A249,"Indicator Red Fast Movement 10A 250V Holder Plastic 5 X 20mm Ceramic Bulk CE/CSA/KC/PSE/SEMKO/UL/VDE Electric Indicator, Fast Blow, 10A, 250VAC, 1500A (IR), Inline/holder, 5x20mm",FAST,SUPPLEMENTARY PROTECTION,FAST,CERAMIC,5x20mm,Low,HOLDER,INLINE/HOLDER,55.0,-55.0,5.2,20.0,1500.0,10.0,250.0,250.0,0.0
A250,"Indicator Red Fast Movement 10A 250V Holder Plastic Melf 5 X 20mm Ceramic CCC/CE/CSA/PSE/SEMKO/UL/VDE Electric Indicator, Fast Blow, 10A, 250VAC, 1500A (IR), Inline/holder",FAST,MOTOR CIRCUIT,FAST,CERAMIC,5 X 20mm,High,HOLDER,INLINE/HOLDER,55.0,-55.0,5.2,20.0,1500.0,10.0,250.0,250.0,0.0
A251,nan,UNKNOWN,NOT SPECIFIED,FAST,UNKNOWN,NOT SPECIFIED,High,UNKNOWN,THROUGH HOLE,55.0,-55.0,5.8,22.5,1200.0,1.6,250.0,250.0,0.0
A252,"Indicator Red Fast Movement 1.6A 250V Axial 5 X 20mm Ceramic Bulk CCC/CE/CSA/KC/PSE/SEMKO/UL/VDE Electric Indicator, Fast Blow, 1.6A, 250VAC, 1500A (IR), Through Hole, 5x20mm",FAST,SUPPLEMENTARY PROTECTION,FAST,CERAMIC,5x20mm,Low,THROUGH HOLE,THROUGH HOLE,55.0,-55.0,5.8,22.5,1500.0,1.6,250.0,250.0,0.0
A253,"Indicator Red Fast Movement 1.6A 250V Holder Plastic 5 X 20mm Ceramic Bulk CCC/CE/CSA/KC/PSE/SEMKO/UL/VDE Electric Indicator, Fast Blow, 1.6A, 250VAC, 1500A (IR), Inline/holder, 5x20mm",FAST,SUPPLEMENTARY PROTECTION,FAST,CERAMIC,5x20mm,Low,HOLDER,INLINE/HOLDER,55.0,-55.0,5.2,20.0,1500.0,1.6,250.0,250.0,0.0
A254,"Indicator Red Fast Movement 1.6A 250V Holder Plastic Melf 5 X 20mm Ceramic CCC/CE/CSA/PSE/SEMKO/UL/VDE Electric Indicator, Fast Blow, 1.6A, 250VAC, 1500A (IR), Inline/holder",FAST,MOTOR CIRCUIT,FAST,CERAMIC,5 X 20mm,High,HOLDER,INLINE/HOLDER,55.0,-55.0,5.2,20.0,1500.0,1.6,250.0,250.0,0.0
A255,"Indicator Red Fast Movement 2.5A 250V Holder Plastic 5 X 20mm Ceramic Bulk CCC/CE/CSA/KC/PSE/SEMKO/UL/VDE Electric Indicator, Fast Blow, 2.5A, 250VAC, 1500A (IR), Inline/holder, 5x20mm",FAST,SUPPLEMENTARY PROTECTION,FAST,CERAMIC,5x20mm,Low,HOLDER,INLINE/HOLDER,55.0,-55.0,5.2,20.0,1500.0,2.5,250.0,250.0,0.0
A256,"Indicator Red Fast Movement 2.5A 250V Holder Plastic Melf 5 X 20mm Ceramic CCC/CE/CSA/PSE/SEMKO/UL/VDE Electric Indicator, Fast Blow, 2.5A, 250VAC, 1500A (IR), Inline/holder",FAST,MOTOR CIRCUIT,FAST,CERAMIC,5 X 20mm,High,HOLDER,INLINE/HOLDER,55.0,-55.0,5.2,20.0,1500.0,2.5,250.0,250.0,0.0
A257,"Indicator Red Fast Movement 0.05A 250V Holder Plastic Melf 5 X 20mm Ceramic CCC/CE/CSA/PSE/SEMKO/UL/VDE Electric Indicator, Fast Blow, 0.05A, 250VAC, 1500A (IR), Supplemental, Inline/holder",FAST,MOTOR CIRCUIT,FAST,CERAMIC,5 X 20mm,High,HOLDER,INLINE/HOLDER,55.0,-55.0,5.2,20.0,1500.0,0.05,250.0,250.0,0.0
A258,"Indicator Red Fast Movement 6.3A 250V Holder Plastic 5 X 20mm Ceramic Bulk CCC/CE/CSA/KC/PSE/SEMKO/UL/VDE Electric Indicator, Fast Blow, 6.3A, 250VAC, 1500A (IR), Inline/holder, 5x20mm",FAST,SUPPLEMENTARY PROTECTION,FAST,CERAMIC,5 X 20mm,Low,HOLDER,INLINE/HOLDER,55.0,-55.0,5.2,20.0,1500.0,6.3,250.0,250.0,0.0
A259,"Indicator Red Fast Movement 6.3A 250V Holder Plastic 5 X 20mm Ceramic Bulk CCC/CE/CSA/KC/PSE/SEMKO/UL/VDE Electric Indicator, Fast Blow, 6.3A, 250VAC, 1500A (IR), Inline/holder, 5x20mm",FAST,SUPPLEMENTARY PROTECTION,FAST,CERAMIC,5x20mm,Low,HOLDER,INLINE/HOLDER,55.0,-55.0,5.2,20.0,1500.0,6.3,250.0,250.0,0.0
A260,"Indicator Red Fast Movement 0.063A 250V Holder Plastic Melf 5 X 20mm Ceramic CCC/CE/CSA/PSE/SEMKO/UL/VDE Electric Indicator, Fast Blow, 0.63A, 250VAC, 1500A (IR), Inline/holder",FAST,MOTOR CIRCUIT,FAST,CERAMIC,5 X 20mm,High,HOLDER,INLINE/HOLDER,55.0,-55.0,5.2,20.0,0.063,6.3,250.0,250.0,0.0
A261,"Indicator 250V 5X20 6.3A Electric Indicator, Fast Blow, 6.3A, 1500A (IR), Supplemental, 5x20mm",UNKNOWN,NOT SPECIFIED,FAST,CERAMIC,5x20mm,Low,UNKNOWN,NOT SPECIFIED,55.0,-55.0,5.2,20.0,250.0,6.3,250.0,250.0,0.0
A262,nan,UNKNOWN,NOT SPECIFIED,UNKNOWN,UNKNOWN,NOT SPECIFIED,UNKNOWN,UNKNOWN,NOT SPECIFIED,55.0,-55.0,6.1,8.4,50.0,2.0,125.0,0.0,0.0
A263,"Indicator Red Fast Movement 0.08A 250V Holder Plastic Melf 5 X 20mm Ceramic CCC/CE/CSA/PSE/SEMKO/UL/VDE Electric Indicator, Fast Blow, 0.8A, 250VAC, 1500A (IR), Inline/holder",FAST,MOTOR CIRCUIT,FAST,CERAMIC,5 X 20mm,High,HOLDER,INLINE/HOLDER,55.0,-55.0,5.2,20.0,0.08,0.8,250.0,250.0,0.0
A264,"Indicator Red Fast Movement 0.1A 250V Axial 5 X 20mm Ceramic Bulk CCC/CE/CSA/SEMKO/UL/VDE Electric Indicator, Fast Blow, 0.1A, 250VAC, 1200A (IR), Through Hole",FAST,SUPPLEMENTARY PROTECTION,FAST,CERAMIC,5 X 20mm,Med,THROUGH HOLE,THROUGH HOLE,55.0,-55.0,6.0,22.5,1200.0,0.1,250.0,250.0,0.0
A265,"Indicator Red Fast Movement 0.1A 250V Axial 5 X 20mm Ceramic Bulk CCC/CE/CSA/SEMKO/UL/VDE Electric Indicator, Fast Blow, 0.1A, 250VAC, 1500A (IR), Through Hole, 5x20mm",FAST,SUPPLEMENTARY PROTECTION,FAST,CERAMIC,5x20mm,Low,THROUGH HOLE,THROUGH HOLE,55.0,-55.0,6.0,22.5,1500.0,0.1,250.0,250.0,0.0
A266,"Indicator Red Fast Movement 0.1A 250V Holder Plastic Melf 5 X 20mm Ceramic CCC/CE/CSA/PSE/SEMKO/UL/VDE Electric Indicator, Fast Blow, 0.1A, 250VAC, 1500A (IR), Inline/holder",FAST,MOTOR CIRCUIT,FAST,CERAMIC,5 X 20mm,High,HOLDER,INLINE/HOLDER,55.0,-55.0,5.2,20.0,1500.0,0.1,250.0,250.0,0.0
A267,"Indicator Red Fast Movement 12.5A 250V Holder Plastic 5 X 20mm Ceramic Bulk CE/CSA/PSE/UL/VDE Electric Indicator, Fast Blow, 12.5A, 250VAC, 1500A (IR), Inline/holder, 5x20mm",FAST,SUPPLEMENTARY PROTECTION,FAST,CERAMIC,5x20mm,Low,HOLDER,INLINE/HOLDER,55.0,-55.0,5.2,20.0,1500.0,12.5,250.0,250.0,0.0
A268,"Indicator Red Fast Movement 0.125A 250V Holder Plastic Melf 5 X 20mm Ceramic CCC/CE/CSA/PSE/SEMKO/UL/VDE Electric Indicator, Fast Blow, 0.125A, 250VAC, 1500A (IR), Inline/holder",FAST,MOTOR CIRCUIT,FAST,CERAMIC,5 X 20mm,High,HOLDER,INLINE/HOLDER,125.0,-55.0,5.2,20.0,0.125,1.25,250.0,250.0,0.0
A269,"Indicator Red Fast Movement 0.16A 250V Holder Plastic Melf 5 X 20mm Ceramic CCC/CE/CSA/PSE/SEMKO/UL/VDE Electric Indicator, Fast Blow, 0.16A, 250VAC, 1500A (IR), Inline/holder",FAST,MOTOR CIRCUIT,FAST,CERAMIC,5 X 20mm,Med,HOLDER,INLINE/HOLDER,55.0,-55.0,5.2,20.0,1500.0,0.16,250.0,250.0,0.0
A270,"Indicator Red Fast Movement 0.2A 250V Holder Plastic 5 X 20mm Ceramic Bulk CCC/CE/CSA/SEMKO/UL/VDE Electric Indicator, Fast Blow, 0.2A, 250VAC, 1500A (IR), Inline/holder, 5x20mm",FAST,SUPPLEMENTARY PROTECTION,FAST,CERAMIC,5 X 20mm,Low,HOLDER,INLINE/HOLDER,55.0,-55.0,5.2,20.0,1500.0,0.2,250.0,250.0,0.0
A271,"Indicator Red Fast Movement 0.2A 250V Holder Plastic Melf 5 X 20mm Ceramic CCC/CE/CSA/PSE/SEMKO/UL/VDE Electric Indicator, Fast Blow, 0.2A, 250VAC, 1500A (IR), Inline/holder",FAST,MOTOR CIRCUIT,FAST,CERAMIC,5 X 20mm,Med,HOLDER,INLINE/HOLDER,55.0,-55.0,5.2,20.0,1500.0,0.2,250.0,250.0,0.0
A272,"Indicator Red Fast Movement 0.25A 250V Holder Plastic Melf 5 X 20mm Ceramic CCC/CE/CSA/PSE/SEMKO/UL/VDE Electric Indicator, Fast Blow, 0.25A, 250VAC, 1500A (IR), Supplemental, Inline/holder",FAST,MOTOR CIRCUIT,FAST,CERAMIC,5 X 20mm,High,HOLDER,INLINE/HOLDER,55.0,-55.0,5.2,20.0,1500.0,0.25,250.0,250.0,0.0
A273,"Indicator Red Fast Movement 0.315A 250V Holder Plastic Melf 5 X 20mm Ceramic CCC/CE/CSA/PSE/SEMKO/UL/VDE Electric Indicator, Fast Blow, 0.315A, 250VAC, 1500A (IR), Supplemental, Inline/holder",FAST,MOTOR CIRCUIT,FAST,CERAMIC,5 X 20mm,High,HOLDER,INLINE/HOLDER,55.0,-55.0,5.2,20.0,0.315,3.15,250.0,250.0,0.0
A274,"Indicator Red Fast Movement 0.4A 250V Holder Plastic Melf 5 X 20mm Ceramic CCC/CE/CSA/PSE/SEMKO/UL/VDE Electric Indicator, Fast Blow, 0.4A, 250VAC, 1500A (IR), Inline/holder",FAST,MOTOR CIRCUIT,FAST,CERAMIC,5 X 20mm,High,HOLDER,INLINE/HOLDER,55.0,-55.0,5.2,20.0,1500.0,0.4,250.0,250.0,0.0
A275,"Indicator Red Fast Movement 0.5A 250V Holder Plastic Melf 5 X 20mm Ceramic CCC/CE/CSA/PSE/SEMKO/UL/VDE Electric Indicator, Fast Blow, 0.5A, 250VAC, 1500A (IR), Inline/holder",FAST,MOTOR CIRCUIT,FAST,CERAMIC,5 X 20mm,High,HOLDER,INLINE/HOLDER,55.0,-55.0,5.2,20.0,1500.0,0.5,250.0,250.0,0.0
A276,"Indicator Red Fast Movement 0.63A 250V Holder Plastic 5 X 20mm Ceramic Bulk CCC/CE/CSA/SEMKO/UL/VDE Electric Indicator, Fast Blow, 0.63A, 250VAC, 1500A (IR), Inline/holder, 5x20mm",FAST,SUPPLEMENTARY PROTECTION,FAST,CERAMIC,5 X 20mm,Low,HOLDER,INLINE/HOLDER,55.0,-55.0,5.2,20.0,1500.0,0.63,250.0,250.0,0.0
A277,"Indicator Red Fast Movement 0.63A 250V Holder Plastic Melf 5 X 20mm Ceramic CCC/CE/CSA/PSE/SEMKO/UL/VDE Electric Indicator, Fast Blow, 0.63A, 250VAC, 1500A (IR), Inline/holder",FAST,MOTOR CIRCUIT,FAST,CERAMIC,5 X 20mm,High,HOLDER,INLINE/HOLDER,55.0,-55.0,5.2,20.0,1500.0,0.63,250.0,250.0,0.0
A278,"Indicator Red Fast Movement 0.8A 250V Holder Plastic Melf 5 X 20mm Ceramic CCC/CE/CSA/PSE/SEMKO/UL/VDE Electric Indicator, Fast Blow, 0.8A, 250VAC, 1500A (IR), Inline/holder",FAST,MOTOR CIRCUIT,FAST,CERAMIC,5 X 20mm,High,HOLDER,INLINE/HOLDER,55.0,-55.0,5.2,20.0,1500.0,0.8,250.0,250.0,0.0
A279,nan,FAST,MOTOR CIRCUIT,UNKNOWN,GLASS,5 X 20mm,UNKNOWN,HOLDER,NOT SPECIFIED,55.0,-55.0,5.2,20.0,50.0,3.0,250.0,250.0,0.0
A280,nan,FAST,MOTOR CIRCUIT,UNKNOWN,GLASS,5 X 20mm,UNKNOWN,HOLDER,NOT SPECIFIED,55.0,-55.0,5.2,20.0,50.0,4.0,250.0,250.0,0.0
A281,nan,FAST,MOTOR CIRCUIT,UNKNOWN,GLASS,5 X 20mm,UNKNOWN,HOLDER,NOT SPECIFIED,55.0,-55.0,5.2,20.0,50.0,5.0,250.0,250.0,0.0
A282,nan,FAST,MOTOR CIRCUIT,UNKNOWN,GLASS,5 X 20mm,UNKNOWN,HOLDER,NOT SPECIFIED,55.0,-55.0,5.2,20.0,50.0,8.0,250.0,250.0,0.0
A283,nan,FAST,MOTOR CIRCUIT,UNKNOWN,GLASS,5 X 20mm,UNKNOWN,HOLDER,NOT SPECIFIED,55.0,-55.0,5.2,20.0,50.0,10.0,250.0,250.0,0.0
A284,nan,FAST,MOTOR CIRCUIT,UNKNOWN,GLASS,5 X 20mm,UNKNOWN,HOLDER,NOT SPECIFIED,55.0,-55.0,5.2,20.0,50.0,1.5,250.0,250.0,0.0
A285,nan,FAST,SUPPLEMENTARY PROTECTION,UNKNOWN,GLASS,5 X 20mm,UNKNOWN,HOLDER,NOT SPECIFIED,55.0,-55.0,5.2,20.0,50.0,1.6,250.0,250.0,0.0
A286,"Indicator Red Fast Movement 0.2A 250V Holder Plastic 5 X 20mm Glass Bulk CCC/CE/CSA/KC/SEMKO/UL/VDE Electric Indicator, Fast Blow, 0.2A, 250VAC, 250VDC, 35A (IR), Inline/holder, 5x20mm",FAST,SUPPLEMENTARY PROTECTION,FAST,GLASS,5 X 20mm,Low,HOLDER,INLINE/HOLDER,55.0,-55.0,5.2,20.0,35.0,0.2,250.0,250.0,0.2
A287,"Indicator Red Fast Movement 0.25A 250V Holder Plastic 5 X 20mm Glass Bulk CCC/CE/CSA/KC/SEMKO/UL/VDE Electric Indicator, Fast Blow, 0.25A, 250VAC, 250VDC, 35A (IR), Inline/holder, 5x20mm",FAST,SUPPLEMENTARY PROTECTION,FAST,GLASS,5x20mm,Low,HOLDER,INLINE/HOLDER,55.0,-55.0,5.2,20.0,35.0,0.25,250.0,250.0,0.25
A288,"Indicator Red Fast Movement 0.5A 250V Holder Plastic 5 X 20mm Glass Bulk BSI/CCC/CE/CSA/KC/SEMKO/UL/VDE Electric Indicator, Fast Blow, 0.5A, 250VAC, 250VDC, 35A (IR), Inline/holder, 5x20mm",FAST,SUPPLEMENTARY PROTECTION,FAST,GLASS,5x20mm,Low,HOLDER,INLINE/HOLDER,55.0,-55.0,5.2,20.0,35.0,0.5,250.0,250.0,0.5
A289,nan,FAST,SUPPLEMENTARY PROTECTION,UNKNOWN,GLASS,5 X 20mm,UNKNOWN,HOLDER,NOT SPECIFIED,55.0,-55.0,5.2,20.0,50.0,0.5,250.0,250.0,0.0
A290,nan,FAST,MOTOR CIRCUIT,UNKNOWN,GLASS,5 X 20mm,UNKNOWN,HOLDER,NOT SPECIFIED,55.0,-55.0,5.2,20.0,50.0,0.6,250.0,250.0,0.0
A291,Indicator Red Fast Movement 0.8A 250V Holder Plastic 5 X 20mm Glass Bulk CCC/CE/CSA/KC/SEMKO/UL/VDE ELECTRIC Indicator,FAST,SUPPLEMENTARY PROTECTION,UNKNOWN,GLASS,5 X 20mm,Low,HOLDER,NOT SPECIFIED,55.0,-55.0,5.2,20.0,50.0,0.8,250.0,250.0,0.0
A292,"Indicator Red Fast Movement 0.8A 250V Holder Plastic 5 X 20mm Glass Bulk CCC/CE/CSA/KC/SEMKO/UL/VDE Electric Indicator, Fast Blow, 0.8A, 250VAC, 250VDC, 35A (IR), Inline/holder, 5x20mm",FAST,SUPPLEMENTARY PROTECTION,FAST,GLASS,5x20mm,Low,HOLDER,INLINE/HOLDER,55.0,-55.0,5.2,20.0,35.0,0.8,250.0,250.0,0.8
A293,"Indicator Red Slow Blow Movement 1A 250V Holder Plastic 5 X 20mm Glass Bulk CCC/CE/CSA/KC/PSE/SEMKO/UL/VDE Electric Indicator, Time Lag Blow, 1A, 250VAC, 35A (IR), Supplemental, Inline/holder, 5x20mm",SLOW,SUPPLEMENTARY PROTECTION,SLOW,GLASS,5x20mm,Low,HOLDER,INLINE/HOLDER,55.0,-55.0,5.2,20.0,35.0,1.0,250.0,250.0,0.0
A294,"Indicator Red Slow Blow Movement 1A 250V Holder Axial Melf 5 X 20mm Glass T/R Automotive CCC/CE/CSA/KC/PSE/SEMKO/UL/VDE Electric Indicator, Time Lag Blow, 1A, 35A (IR), Supplemental, 5x20mm",SLOW,SUPPLEMENTARY PROTECTION,SLOW,GLASS,5x20mm,Low,HOLDER,NOT SPECIFIED,55.0,-55.0,5.2,20.0,35.0,1.0,250.0,250.0,0.0
A295,"Indicator Red Slow Blow Movement 2A 250V Holder Plastic 5 X 20mm Glass Bulk CCC/CE/CSA/KC/PSE/SEMKO/UL/VDE Electric Indicator, Time Lag Blow, 2A, 250VAC, 35A (IR), Supplemental, Inline/holder, 5x20mm",SLOW,SUPPLEMENTARY PROTECTION,SLOW,GLASS,5x20mm,Low,HOLDER,INLINE/HOLDER,55.0,-55.0,5.2,20.0,35.0,2.0,250.0,250.0,0.0
A296,"Indicator Red Slow Blow Movement 2A 250V Holder Axial Melf 5 X 20mm Glass T/R Automotive CCC/CE/CSA/KC/PSE/SEMKO/UL/VDE Electric Indicator, Time Lag Blow, 2A, 35A (IR), Supplemental, 5x20mm",SLOW,SUPPLEMENTARY PROTECTION,SLOW,GLASS,5x20mm,Low,HOLDER,NOT SPECIFIED,55.0,-55.0,4.7,20.0,35.0,2.0,250.0,250.0,0.0
A297,"Indicator Red Slow Blow Movement 4A 250V Holder Plastic 5 X 20mm Glass Bulk CCC/CE/CSA/KC/PSE/SEMKO/UL/VDE Electric Indicator, Time Lag Blow, 4A, 250VAC, 40A (IR), Supplemental, Inline/holder, 5x20mm",SLOW,SUPPLEMENTARY PROTECTION,SLOW,GLASS,5 X 20mm,Low,HOLDER,INLINE/HOLDER,55.0,-55.0,5.2,20.0,40.0,4.0,250.0,250.0,0.0
A298,"Indicator Red Slow Blow Movement 4A 250V Holder Axial Melf 5 X 20mm Glass T/R Automotive CCC/CE/CSA/KC/PSE/SEMKO/UL/VDE Electric Indicator, Time Lag Blow, 4A, 40A (IR), Supplemental, 5x20mm",SLOW,SUPPLEMENTARY PROTECTION,SLOW,GLASS,5 X 20mm,Low,HOLDER,NOT SPECIFIED,55.0,-55.0,4.7,20.0,40.0,4.0,250.0,250.0,0.0
A299,"Indicator Red Slow Blow Movement 5A 250V Holder Plastic 5 X 20mm Glass Bulk CCC/CE/CSA/KC/PSE/SEMKO/UL/VDE Electric Indicator, Time Lag Blow, 5A, 250VAC, 50A (IR), Supplemental, Inline/holder, 5x20mm",SLOW,SUPPLEMENTARY PROTECTION,SLOW,GLASS,5x20mm,Low,HOLDER,INLINE/HOLDER,55.0,-55.0,5.2,20.0,50.0,5.0,250.0,250.0,0.0
A300,nan,SLOW,SUPPLEMENTARY PROTECTION,UNKNOWN,GLASS,5 X 20mm,UNKNOWN,HOLDER,NOT SPECIFIED,55.0,-55.0,4.7,20.0,50.0,5.0,250.0,250.0,0.0
A301,"Indicator Red Slow Blow Movement 8A 250V Holder Plastic 5 X 20mm Glass Bulk CE/CSA/KC/PSE/UL/VDE Electric Indicator, Time Lag Blow, 8A, 250VAC, 80A (IR), Supplemental, Inline/holder, 5x20mm",SLOW,SUPPLEMENTARY PROTECTION,SLOW,GLASS,5x20mm,Low,HOLDER,INLINE/HOLDER,55.0,-55.0,5.2,20.0,80.0,8.0,250.0,250.0,0.0
A302,"Indicator Red Slow Blow Movement 8A 250V Holder Axial Melf 5 X 20mm Glass T/R Automotive CE/CSA/KC/PSE/UL/VDE Electric Indicator, Time Lag Blow, 8A, 80A (IR), Supplemental, 5x20mm",SLOW,SUPPLEMENTARY PROTECTION,SLOW,GLASS,5 X 20mm,Low,HOLDER,NOT SPECIFIED,55.0,-55.0,4.7,20.0,80.0,8.0,250.0,250.0,0.0
A303,"Indicator Red Slow Blow Movement 10A 250V Holder Plastic 5 X 20mm Glass Bulk CE/CSA/KC/PSE/UL/VDE Electric Indicator, Time Lag Blow, 10A, 250VAC, 100A (IR), Supplemental, Inline/holder, 5x20mm",SLOW,SUPPLEMENTARY PROTECTION,SLOW,GLASS,5x20mm,Low,HOLDER,INLINE/HOLDER,55.0,-55.0,5.2,20.0,100.0,10.0,250.0,250.0,0.0
A304,"Indicator Red Slow Blow Movement 10A 250V Holder Axial Melf 5 X 20mm Glass T/R Automotive CE/CSA/KC/PSE/UL/VDE Electric Indicator, Time Lag Blow, 10A, 100A (IR), Supplemental, 5x20mm",SLOW,SUPPLEMENTARY PROTECTION,SLOW,GLASS,5 X 20mm,Low,HOLDER,NOT SPECIFIED,55.0,-55.0,4.7,20.0,100.0,10.0,250.0,250.0,0.0
A305,nan,SLOW,MOTOR CIRCUIT,UNKNOWN,GLASS,5 X 20mm,UNKNOWN,HOLDER,NOT SPECIFIED,55.0,-55.0,4.7,20.0,50.0,15.0,250.0,250.0,0.0
A306,"Indicator Red Slow Blow Movement 1.6A 250V Holder Plastic 5 X 20mm Glass Bulk CCC/CE/CSA/KC/PSE/SEMKO/UL/VDE Electric Indicator, Time Lag Blow, 1.6A, 250VAC, 35A (IR), Supplemental, Inline/holder, 5x20mm",SLOW,SUPPLEMENTARY PROTECTION,SLOW,GLASS,5x20mm,Low,HOLDER,INLINE/HOLDER,55.0,-55.0,5.2,20.0,35.0,1.6,250.0,250.0,0.0
A307,"Indicator Red Slow Blow Movement 1.6A 250V Holder Axial Melf 5 X 20mm Glass T/R Automotive CCC/CE/CSA/KC/PSE/SEMKO/UL/VDE Electric Indicator, Time Lag Blow, 1.6A, 35A (IR), Supplemental, 5x20mm",SLOW,SUPPLEMENTARY PROTECTION,SLOW,GLASS,5 X 20mm,Low,HOLDER,NOT SPECIFIED,55.0,-55.0,4.7,20.0,35.0,1.6,250.0,250.0,0.0
A308,"Indicator Red Slow Blow Movement 2.5A 250V Holder Plastic 5 X 20mm Glass Bulk CCC/CE/CSA/KC/PSE/SEMKO/UL/VDE Electric Indicator, Time Lag Blow, 2.5A, 250VAC, 35A (IR), Inline/holder",SLOW,SUPPLEMENTARY PROTECTION,SLOW,GLASS,5 X 20mm,Low,HOLDER,INLINE/HOLDER,55.0,-55.0,5.2,20.0,35.0,2.5,250.0,250.0,0.0
A309,"Indicator Red Slow Blow Movement 2.5A 250V Holder Axial Melf 5 X 20mm Glass T/R Automotive CCC/CE/CSA/KC/PSE/SEMKO/UL/VDE Electric Indicator, Time Lag Blow, 2.5A, 35A (IR), Supplemental, 5x20mm",SLOW,SUPPLEMENTARY PROTECTION,SLOW,GLASS,5 X 20mm,Low,HOLDER,NOT SPECIFIED,55.0,-55.0,4.7,20.0,35.0,2.5,250.0,250.0,0.0
A310,nan,SLOW,MOTOR CIRCUIT,UNKNOWN,GLASS,5 X 20mm,UNKNOWN,HOLDER,NOT SPECIFIED,55.0,-55.0,4.7,20.0,50.0,0.032,250.0,250.0,0.0
A311,nan,SLOW,MOTOR CIRCUIT,UNKNOWN,GLASS,5 X 20mm,UNKNOWN,HOLDER,NOT SPECIFIED,55.0,-55.0,4.7,20.0,50.0,0.04,250.0,250.0,0.0
A312,"Indicator Red Slow Blow Movement 0.05A 250V Holder Axial Melf 5 X 20mm Glass Bulk CCC/CE/CSA/KC/SEMKO/UL/VDE Electric Indicator, Time Lag Blow, 0.05A, 35A (IR), Supplemental, 5x20mm",SLOW,MOTOR CIRCUIT,SLOW,GLASS,5x20mm,Low,HOLDER,NOT SPECIFIED,55.0,-55.0,5.2,20.0,35.0,0.05,250.0,250.0,0.0
A313,"Indicator Red Slow Blow Movement 6.3A 250V Holder Plastic 5 X 20mm Glass Bulk CCC/CE/CSA/KC/PSE/SEMKO/UL/VDE Electric Indicator, Time Lag Blow, 6.3A, 250VAC, 63A (IR), Supplemental, Inline/holder, 5x20mm",SLOW,SUPPLEMENTARY PROTECTION,SLOW,GLASS,5x20mm,Low,HOLDER,INLINE/HOLDER,55.0,-55.0,5.2,20.0,63.0,6.3,250.0,250.0,0.0
A314,"Indicator Red Slow Blow Movement 6.3A 250V Holder Axial Melf 5 X 20mm Glass T/R Automotive CCC/CE/CSA/KC/PSE/SEMKO/UL/VDE Electric Indicator, Time Lag Blow, 6.3A, 63A (IR), Supplemental, 5x20mm",SLOW,SUPPLEMENTARY PROTECTION,SLOW,GLASS,5 X 20mm,Low,HOLDER,NOT SPECIFIED,55.0,-55.0,4.7,20.0,63.0,6.3,250.0,250.0,0.0
A315,nan,SLOW,SUPPLEMENTARY PROTECTION,UNKNOWN,GLASS,5 X 20mm,UNKNOWN,HOLDER,NOT SPECIFIED,55.0,-55.0,4.7,20.0,50.0,0.08,250.0,250.0,0.0
A316,"Indicator Red Slow Blow Movement 0.1A 250V Holder Axial Melf 5 X 20mm Glass T/R CCC/CE/CSA/KC/SEMKO/UL/VDE Electric Indicator, Time Lag Blow, 0.1A, 35A (IR), Supplemental, 5x20mm",SLOW,SUPPLEMENTARY PROTECTION,SLOW,GLASS,5 X 20mm,Low,HOLDER,NOT SPECIFIED,55.0,-55.0,5.2,20.0,35.0,0.1,250.0,250.0,0.0
A317,"Indicator Red Slow Blow Movement 0.125A 250V Holder Plastic 5 X 20mm Glass Bulk CCC/CE/CSA/KC/SEMKO/UL/VDE Electric Indicator, Time Lag Blow, 0.125A, 250VAC, 35A (IR), Supplemental, Inline/holder, 5x20mm",SLOW,SUPPLEMENTARY PROTECTION,SLOW,GLASS,5 X 20mm,Low,HOLDER,INLINE/HOLDER,125.0,-55.0,5.2,20.0,35.0,0.125,250.0,250.0,0.0
A318,"Indicator Red Slow Blow Movement 0.125A 250V Holder Plastic 5 X 20mm Glass Bulk CCC/CE/CSA/KC/SEMKO/UL/VDE Electric Indicator, Time Lag Blow, 0.125A, 250VAC, 35A (IR), Supplemental, Inline/holder, 5x20mm",SLOW,SUPPLEMENTARY PROTECTION,SLOW,GLASS,5x20mm,Low,HOLDER,INLINE/HOLDER,125.0,-55.0,5.2,20.0,35.0,0.125,250.0,250.0,0.0
A319,"Indicator Red Slow Blow Movement 0.125A 250V Holder Axial Melf 5 X 20mm Glass T/R CCC/CE/CSA/KC/SEMKO/UL/VDE Electric Indicator, Time Lag Blow, 0.125A, 35A (IR), Supplemental, 5x20mm",SLOW,SUPPLEMENTARY PROTECTION,SLOW,GLASS,5 X 20mm,Low,HOLDER,NOT SPECIFIED,125.0,-55.0,4.7,20.0,0.125,1.25,250.0,250.0,0.0
A320,"Indicator Red Slow Blow Movement 0.2A 250V Holder Axial Melf 5 X 20mm Glass Bulk CCC/CE/CSA/KC/SEMKO/UL/VDE Electric Indicator, Time Lag Blow, 0.2A, 35A (IR), Supplemental, 5x20mm",SLOW,SUPPLEMENTARY PROTECTION,SLOW,GLASS,5x20mm,Low,HOLDER,NOT SPECIFIED,55.0,-55.0,5.2,20.0,35.0,0.2,250.0,250.0,0.0
A321,"Indicator Red Slow Blow Movement 0.25A 250V Holder Plastic 5 X 20mm Glass Bulk CCC/CE/CSA/KC/SEMKO/UL/VDE Electric Indicator, Time Lag Blow, 0.25A, 250VAC, 35A (IR), Supplemental, Inline/holder, 5x20mm",SLOW,SUPPLEMENTARY PROTECTION,SLOW,GLASS,5 X 20mm,Low,HOLDER,INLINE/HOLDER,55.0,-55.0,5.2,20.0,35.0,0.25,250.0,250.0,0.0
A322,"Indicator Red Slow Blow Movement 0.25A 250V Holder Axial Melf 5 X 20mm Glass T/R CCC/CE/CSA/KC/SEMKO/UL/VDE Electric Indicator, Time Lag Blow, 0.25A, 35A (IR), Supplemental, 5x20mm",SLOW,SUPPLEMENTARY PROTECTION,SLOW,GLASS,5 X 20mm,Low,HOLDER,NOT SPECIFIED,55.0,-55.0,4.7,20.0,35.0,0.25,250.0,250.0,0.0
A323,nan,SLOW,SUPPLEMENTARY PROTECTION,UNKNOWN,GLASS,5 X 20mm,UNKNOWN,HOLDER,NOT SPECIFIED,55.0,-55.0,5.2,20.0,50.0,0.25,250.0,250.0,0.0
A324,"Indicator Red Slow Blow Movement 3.15A 250V Holder Plastic 5 X 20mm Glass Bulk CCC/CE/CSA/KC/PSE/SEMKO/UL/VDE Electric Indicator, Time Lag Blow, 3.15A, 250VAC, 35A (IR), Supplemental, Inline/holder, 5x20mm",SLOW,SUPPLEMENTARY PROTECTION,SLOW,GLASS,5x20mm,Low,HOLDER,INLINE/HOLDER,55.0,-55.0,5.2,20.0,35.0,3.15,250.0,250.0,0.0
A325,"Indicator Red Slow Blow Movement 3.15A 250V Holder Axial Melf 5 X 20mm Glass T/R Automotive CCC/CE/CSA/KC/PSE/SEMKO/UL/VDE Electric Indicator, Time Lag Blow, 0.315A, 35A (IR), Supplemental, 5x20mm",SLOW,SUPPLEMENTARY PROTECTION,SLOW,GLASS,5 X 20mm,Low,HOLDER,NOT SPECIFIED,55.0,-55.0,4.7,20.0,35.0,3.15,250.0,250.0,0.0
A326,"Indicator Red Slow Blow Movement 0.4A 250V Axial 5 X 20mm Glass Bulk CCC/CE/CSA/SEMKO/UL/VDE Electric Indicator, Time Lag Blow, 0.4A, 250VAC, 35A (IR), Supplemental, Through Hole, 5x20mm",SLOW,SUPPLEMENTARY PROTECTION,SLOW,GLASS,5x20mm,Low,THROUGH HOLE,THROUGH HOLE,55.0,-55.0,5.8,22.5,35.0,0.4,250.0,250.0,0.0
A327,"Indicator Red Slow Blow Movement 0.4A 250V Holder Plastic 5 X 20mm Glass Bulk CCC/CE/CSA/SEMKO/UL/VDE Electric Indicator, Time Lag Blow, 0.4A, 250VAC, 35A (IR), Supplemental, Inline/holder, 5x20mm",SLOW,SUPPLEMENTARY PROTECTION,SLOW,GLASS,5x20mm,Low,HOLDER,INLINE/HOLDER,55.0,-55.0,5.2,20.0,35.0,0.4,250.0,250.0,0.0
A328,"Indicator Red Slow Blow Movement 0.4A 250V Holder Axial Melf 5 X 20mm Glass T/R CCC/CE/CSA/PSE/SEMKO/UL/VDE Electric Indicator, Time Lag Blow, 0.4A, 35A (IR), Supplemental, 5x20mm",SLOW,SUPPLEMENTARY PROTECTION,SLOW,GLASS,5 X 20mm,Low,HOLDER,NOT SPECIFIED,55.0,-55.0,4.7,20.0,35.0,0.4,250.0,250.0,0.0
A329,"Indicator Red Slow Blow Movement 0.5A 250V Holder Axial Melf 5 X 20mm Glass T/R Automotive CCC/CE/CSA/KC/SEMKO/UL/VDE Electric Indicator, Time Lag Blow, 0.5A, 35A (IR), Supplemental, 5x20mm",SLOW,SUPPLEMENTARY PROTECTION,SLOW,GLASS,5 X 20mm,Low,HOLDER,NOT SPECIFIED,55.0,-55.0,4.7,20.0,35.0,0.5,250.0,250.0,0.0
A330,"Indicator Red Slow Blow Movement 0.63A 250V Holder Axial Melf 5 X 20mm Glass T/R Automotive CCC/CE/CSA/KC/SEMKO/UL/VDE Electric Indicator, Time Lag Blow, 0.63A, 35A (IR), Supplemental, 5x20mm",SLOW,SUPPLEMENTARY PROTECTION,SLOW,GLASS,5 X 20mm,Low,HOLDER,NOT SPECIFIED,55.0,-55.0,4.7,20.0,35.0,0.63,250.0,250.0,0.0
A331,"Indicator Red Slow Blow Movement 0.8A 250V Holder Plastic 5 X 20mm Glass Bulk CCC/CE/CSA/KC/SEMKO/UL/VDE Electric Indicator, Time Lag Blow, 0.8A, 250VAC, 35A (IR), Supplemental, Inline/holder, 5x20mm",SLOW,SUPPLEMENTARY PROTECTION,SLOW,GLASS,5 X 20mm,Low,HOLDER,INLINE/HOLDER,55.0,-55.0,5.2,20.0,35.0,0.8,250.0,250.0,0.0
A332,"Indicator Red Slow Blow Movement 0.8A 250V Holder Axial Melf 5 X 20mm Glass T/R Automotive CCC/CE/CSA/KC/SEMKO/UL/VDE Electric Indicator, Time Lag Blow, 0.8A, 35A (IR), Supplemental, 5x20mm",SLOW,SUPPLEMENTARY PROTECTION,SLOW,GLASS,5 X 20mm,Low,HOLDER,NOT SPECIFIED,55.0,-55.0,4.7,20.0,35.0,0.8,250.0,250.0,0.0
A333,nan,UNKNOWN,NOT SPECIFIED,SLOW,UNKNOWN,NOT SPECIFIED,Low,UNKNOWN,INLINE/HOLDER,55.0,-55.0,5.2,20.0,150.0,1.0,250.0,250.0,0.0
A334,nan,SLOW,MOTOR CIRCUIT,UNKNOWN,UNKNOWN,5 X 20mm,UNKNOWN,HOLDER,NOT SPECIFIED,55.0,-55.0,5.2,20.0,50.0,1.0,250.0,250.0,0.0
A335,nan,UNKNOWN,NOT SPECIFIED,SLOW,UNKNOWN,NOT SPECIFIED,Low,UNKNOWN,INLINE/HOLDER,55.0,-55.0,5.2,20.0,150.0,4.0,250.0,250.0,0.0
A336,nan,SLOW,NOT SPECIFIED,UNKNOWN,UNKNOWN,5 X 20mm,UNKNOWN,UNKNOWN,NOT SPECIFIED,55.0,-55.0,5.0,8.4,50.0,2.0,125.0,0.0,0.0
A337,"Indicator Red Slow Blow Movement 4A 250V Holder Plastic 5 X 20mm Bulk CCC/CSA/PSE/SEMKO/UL Electric Indicator, Time Lag Blow, 4A, 250VAC, 150A (IR), Inline/holder, 5x20mm",SLOW,SUPPLEMENTARY PROTECTION,SLOW,UNKNOWN,5 X 20mm,Low,HOLDER,INLINE/HOLDER,55.0,-55.0,5.2,20.0,150.0,4.0,250.0,250.0,0.0
A338,nan,SLOW,MOTOR CIRCUIT,UNKNOWN,UNKNOWN,5 X 20mm,UNKNOWN,HOLDER,NOT SPECIFIED,55.0,-55.0,5.2,20.0,50.0,4.0,250.0,250.0,0.0
A339,nan,UNKNOWN,NOT SPECIFIED,SLOW,UNKNOWN,NOT SPECIFIED,Low,UNKNOWN,INLINE/HOLDER,55.0,-55.0,5.2,20.0,150.0,5.0,250.0,250.0,0.0
A340,nan,SLOW,NOT SPECIFIED,UNKNOWN,UNKNOWN,5 X 20mm,UNKNOWN,UNKNOWN,NOT SPECIFIED,55.0,-55.0,5.0,8.4,50.0,2.0,125.0,0.0,0.0
A341,"Indicator Red Slow Blow Movement 2.5A 250V Holder Plastic 5 X 20mm Glass Bulk CCC/CE/CSA/PSE/SEMKO/UL/VDE Electric Indicator, Time Lag Blow, 2.5A, 250VAC, 150A (IR), Inline/holder, 5x20mm",SLOW,SUPPLEMENTARY PROTECTION,SLOW,GLASS,5 X 20mm,Low,HOLDER,INLINE/HOLDER,55.0,-55.0,5.2,20.0,150.0,2.5,250.0,250.0,0.0
A342,nan,UNKNOWN,NOT SPECIFIED,UNKNOWN,UNKNOWN,NOT SPECIFIED,Low,UNKNOWN,NOT SPECIFIED,55.0,-55.0,6.1,8.4,50.0,2.0,125.0,0.0,0.0
A343,nan,SLOW,MOTOR CIRCUIT,UNKNOWN,UNKNOWN,5 X 20mm,UNKNOWN,HOLDER,NOT SPECIFIED,55.0,-55.0,5.2,20.0,50.0,0.63,250.0,250.0,0.0
A344,nan,FAST,MOTOR CIRCUIT,UNKNOWN,GLASS,6.3 X 32mm,UNKNOWN,HOLDER,NOT SPECIFIED,55.0,-55.0,14.48,14.48,50.0,4.0,250.0,250.0,0.0
A345,nan,UNKNOWN,NOT SPECIFIED,FAST,UNKNOWN,2AG,Low,UNKNOWN,INLINE/HOLDER,55.0,-55.0,4.5,8.4,500.0,4.0,125.0,125.0,125.0
A346,nan,FAST,MOTOR CIRCUIT,UNKNOWN,GLASS,6.3 X 32mm,UNKNOWN,HOLDER,NOT SPECIFIED,55.0,-55.0,14.48,14.48,50.0,5.0,125.0,125.0,0.0
A347,nan,UNKNOWN,NOT SPECIFIED,FAST,UNKNOWN,2AG,Low,UNKNOWN,INLINE/HOLDER,55.0,-55.0,4.5,8.4,500.0,5.0,125.0,125.0,125.0
A348,nan,FAST,MOTOR CIRCUIT,UNKNOWN,GLASS,6.3 X 32mm,UNKNOWN,HOLDER,NOT SPECIFIED,55.0,-55.0,14.48,14.48,50.0,6.0,250.0,250.0,0.0
A349,nan,UNKNOWN,NOT SPECIFIED,FAST,UNKNOWN,2AG,Low,UNKNOWN,INLINE/HOLDER,55.0,-55.0,4.5,8.4,500.0,6.0,125.0,125.0,125.0
A350,nan,FAST,MOTOR CIRCUIT,UNKNOWN,GLASS,6.3 X 32mm,UNKNOWN,HOLDER,NOT SPECIFIED,55.0,-55.0,14.48,14.48,50.0,7.0,250.0,250.0,0.0
A351,nan,UNKNOWN,NOT SPECIFIED,FAST,UNKNOWN,2AG,Low,UNKNOWN,INLINE/HOLDER,55.0,-55.0,4.5,8.4,500.0,7.0,125.0,125.0,125.0
A352,nan,FAST,MOTOR CIRCUIT,UNKNOWN,GLASS,6.3 X 32mm,UNKNOWN,HOLDER,NOT SPECIFIED,55.0,-55.0,14.48,14.48,50.0,8.0,250.0,250.0,0.0
A353,nan,UNKNOWN,NOT SPECIFIED,FAST,UNKNOWN,2AG,Low,UNKNOWN,INLINE/HOLDER,55.0,-55.0,4.5,8.4,500.0,8.0,125.0,125.0,125.0
A354,nan,FAST,SUPPLEMENTARY PROTECTION,UNKNOWN,GLASS,5 X 15mm,UNKNOWN,HOLDER,NOT SPECIFIED,55.0,-55.0,14.48,14.48,50.0,10.0,125.0,125.0,125.0
A355,nan,UNKNOWN,NOT SPECIFIED,FAST,UNKNOWN,2AG,Low,UNKNOWN,INLINE/HOLDER,55.0,-55.0,4.5,8.4,500.0,10.0,125.0,125.0,125.0
A356,nan,SLOW,TELECOM INDUSTRY,UNKNOWN,GLASS,5 X 15mm,UNKNOWN,UNKNOWN,NOT SPECIFIED,55.0,-55.0,5.0,8.4,50.0,2.5,250.0,250.0,0.0
A357,nan,MEDIUM,MOTOR CIRCUIT,UNKNOWN,GLASS,5 X 20mm,UNKNOWN,UNKNOWN,NOT SPECIFIED,55.0,-55.0,5.0,8.4,50.0,1.0,250.0,250.0,0.0
A358,nan,MEDIUM,MOTOR CIRCUIT,UNKNOWN,GLASS,5 X 20mm,UNKNOWN,UNKNOWN,NOT SPECIFIED,55.0,-55.0,5.0,8.4,50.0,2.0,250.0,250.0,0.0
A359,nan,MEDIUM,MOTOR CIRCUIT,UNKNOWN,GLASS,5 X 20mm,UNKNOWN,UNKNOWN,NOT SPECIFIED,55.0,-55.0,5.0,8.4,50.0,3.0,250.0,250.0,0.0
A360,nan,MEDIUM,MOTOR CIRCUIT,UNKNOWN,GLASS,5 X 20mm,UNKNOWN,UNKNOWN,NOT SPECIFIED,55.0,-55.0,5.0,8.4,50.0,4.0,250.0,250.0,0.0
A361,nan,MEDIUM,MOTOR CIRCUIT,UNKNOWN,GLASS,5 X 20mm,UNKNOWN,UNKNOWN,NOT SPECIFIED,55.0,-55.0,5.0,8.4,50.0,5.0,250.0,250.0,0.0
A362,nan,MEDIUM,MOTOR CIRCUIT,UNKNOWN,GLASS,5 X 20mm,UNKNOWN,UNKNOWN,NOT SPECIFIED,55.0,-55.0,5.0,8.4,50.0,8.0,250.0,250.0,0.0
A363,nan,MEDIUM,MOTOR CIRCUIT,UNKNOWN,GLASS,5 X 20mm,UNKNOWN,UNKNOWN,NOT SPECIFIED,55.0,-55.0,5.0,8.4,50.0,10.0,250.0,250.0,0.0
A364,nan,UNKNOWN,NOT SPECIFIED,MEDIUM,UNKNOWN,NOT SPECIFIED,Low,UNKNOWN,INLINE/HOLDER,55.0,-55.0,5.2,20.0,50.0,2.0,125.0,0.0,0.0
A365,nan,MEDIUM,SUPPLEMENTARY PROTECTION,UNKNOWN,GLASS,5 X 20mm,UNKNOWN,HOLDER,NOT SPECIFIED,55.0,-55.0,5.2,20.0,50.0,1.6,125.0,125.0,0.0
A366,nan,UNKNOWN,NOT SPECIFIED,MEDIUM,UNKNOWN,NOT SPECIFIED,Low,UNKNOWN,INLINE/HOLDER,55.0,-55.0,5.2,20.0,50.0,2.0,125.0,0.0,0.0
A367,nan,MEDIUM,SUPPLEMENTARY PROTECTION,UNKNOWN,GLASS,5 X 20mm,UNKNOWN,HOLDER,NOT SPECIFIED,55.0,-55.0,5.2,20.0,50.0,2.5,125.0,125.0,0.0
A368,nan,UNKNOWN,NOT SPECIFIED,MEDIUM,UNKNOWN,NOT SPECIFIED,Low,UNKNOWN,INLINE/HOLDER,55.0,-55.0,5.2,20.0,50.0,2.0,125.0,0.0,0.0
A369,nan,MEDIUM,SUPPLEMENTARY PROTECTION,UNKNOWN,GLASS,5 X 20mm,UNKNOWN,HOLDER,NOT SPECIFIED,55.0,-55.0,5.2,20.0,50.0,3.5,125.0,125.0,0.0
A370,nan,UNKNOWN,NOT SPECIFIED,MEDIUM,UNKNOWN,NOT SPECIFIED,Low,UNKNOWN,INLINE/HOLDER,55.0,-55.0,5.2,20.0,50.0,2.0,125.0,0.0,0.0
A371,nan,MEDIUM,SUPPLEMENTARY PROTECTION,UNKNOWN,GLASS,5 X 20mm,UNKNOWN,HOLDER,NOT SPECIFIED,55.0,-55.0,5.2,20.0,50.0,6.3,125.0,125.0,0.0
A372,nan,UNKNOWN,NOT SPECIFIED,MEDIUM,UNKNOWN,NOT SPECIFIED,Low,UNKNOWN,INLINE/HOLDER,55.0,-55.0,5.2,20.0,50.0,2.0,125.0,0.0,0.0
A373,nan,MEDIUM,SUPPLEMENTARY PROTECTION,UNKNOWN,GLASS,5 X 20mm,UNKNOWN,HOLDER,NOT SPECIFIED,55.0,-55.0,5.2,20.0,50.0,1.25,125.0,125.0,0.0
A374,nan,UNKNOWN,NOT SPECIFIED,MEDIUM,UNKNOWN,NOT SPECIFIED,Low,UNKNOWN,INLINE/HOLDER,55.0,-55.0,5.2,20.0,50.0,2.0,125.0,0.0,0.0
A375,nan,MEDIUM,SUPPLEMENTARY PROTECTION,UNKNOWN,GLASS,5 X 20mm,UNKNOWN,HOLDER,NOT SPECIFIED,55.0,-55.0,5.2,20.0,50.0,3.15,125.0,125.0,0.0
A376,"Indicator Red Medium Time Delay Movement 3.15A 125V Holder Axial Melf 5 X 20mm Glass CE/CSA/KC/PSE/UL Electric Indicator, Medium Blow, 3.15A, 125VAC, 10000A (IR), Inline/holder",MEDIUM,SUPPLEMENTARY PROTECTION,MEDIUM,GLASS,5 X 20mm,High,HOLDER,INLINE/HOLDER,125.0,-55.0,5.0,20.0,10000.0,3.15,125.0,125.0,0.0
A377,nan,UNKNOWN,NOT SPECIFIED,MEDIUM,UNKNOWN,NOT SPECIFIED,Low,UNKNOWN,INLINE/HOLDER,55.0,-55.0,5.2,20.0,50.0,2.0,125.0,0.0,0.0
A378,nan,MEDIUM,MOTOR CIRCUIT,UNKNOWN,GLASS,5 X 20mm,UNKNOWN,HOLDER,NOT SPECIFIED,55.0,-55.0,5.2,20.0,50.0,1.0,250.0,250.0,0.0
A379,nan,UNKNOWN,NOT SPECIFIED,MEDIUM,UNKNOWN,NOT SPECIFIED,Low,UNKNOWN,INLINE/HOLDER,55.0,-55.0,5.2,20.0,50.0,2.0,125.0,0.0,0.0
A380,nan,MEDIUM,MOTOR CIRCUIT,UNKNOWN,GLASS,5 X 20mm,UNKNOWN,HOLDER,NOT SPECIFIED,55.0,-55.0,5.2,20.0,50.0,2.0,250.0,250.0,0.0
A381,"Indicator 2A 250V Medium Time Delay Movement 2-Pin Bulk Electric Indicator, Medium Blow, 2A, 250VAC, 100A (IR), Inline/holder",MEDIUM,SUPPLEMENTARY PROTECTION,MEDIUM,GLASS,5 X 20mm,Low,THROUGH HOLE,INLINE/HOLDER,55.0,-55.0,5.0,20.0,100.0,2.0,250.0,250.0,0.0
A382,nan,UNKNOWN,NOT SPECIFIED,MEDIUM,UNKNOWN,NOT SPECIFIED,Low,UNKNOWN,INLINE/HOLDER,55.0,-55.0,5.2,20.0,50.0,2.0,125.0,0.0,0.0
A383,nan,MEDIUM,MOTOR CIRCUIT,UNKNOWN,GLASS,5 X 20mm,UNKNOWN,HOLDER,NOT SPECIFIED,55.0,-55.0,5.2,20.0,50.0,3.0,250.0,250.0,0.0
A384,nan,UNKNOWN,NOT SPECIFIED,MEDIUM,UNKNOWN,NOT SPECIFIED,Low,UNKNOWN,INLINE/HOLDER,55.0,-55.0,5.2,20.0,50.0,2.0,125.0,0.0,0.0
A385,nan,MEDIUM,MOTOR CIRCUIT,UNKNOWN,CERAMIC,5 X 20mm,UNKNOWN,HOLDER,NOT SPECIFIED,55.0,-55.0,5.2,20.0,50.0,4.0,250.0,250.0,0.0
A386,nan,UNKNOWN,NOT SPECIFIED,MEDIUM,UNKNOWN,NOT SPECIFIED,Low,UNKNOWN,INLINE/HOLDER,55.0,-55.0,5.2,20.0,50.0,2.0,125.0,0.0,0.0
A387,nan,MEDIUM,MOTOR CIRCUIT,UNKNOWN,CERAMIC,5 X 20mm,UNKNOWN,HOLDER,NOT SPECIFIED,55.0,-55.0,5.2,20.0,50.0,5.0,250.0,250.0,0.0
A388,nan,UNKNOWN,NOT SPECIFIED,MEDIUM,UNKNOWN,NOT SPECIFIED,Low,UNKNOWN,INLINE/HOLDER,55.0,-55.0,5.2,20.0,50.0,2.0,125.0,0.0,0.0
A389,nan,MEDIUM,MOTOR CIRCUIT,UNKNOWN,CERAMIC,5 X 20mm,UNKNOWN,HOLDER,NOT SPECIFIED,55.0,-55.0,5.2,20.0,50.0,6.0,250.0,250.0,0.0
A390,nan,UNKNOWN,NOT SPECIFIED,MEDIUM,UNKNOWN,NOT SPECIFIED,Low,UNKNOWN,INLINE/HOLDER,55.0,-55.0,5.2,20.0,50.0,2.0,125.0,0.0,0.0
A391,nan,MEDIUM,MOTOR CIRCUIT,UNKNOWN,CERAMIC,5 X 20mm,UNKNOWN,HOLDER,NOT SPECIFIED,55.0,-55.0,5.2,20.0,50.0,8.0,250.0,250.0,0.0
A392,nan,UNKNOWN,NOT SPECIFIED,MEDIUM,UNKNOWN,NOT SPECIFIED,Low,UNKNOWN,INLINE/HOLDER,55.0,-55.0,5.2,20.0,50.0,2.0,125.0,0.0,0.0
A393,nan,MEDIUM,MOTOR CIRCUIT,UNKNOWN,CERAMIC,5 X 20mm,UNKNOWN,HOLDER,NOT SPECIFIED,55.0,-55.0,5.2,20.0,50.0,10.0,250.0,250.0,0.0
A394,nan,UNKNOWN,NOT SPECIFIED,MEDIUM,UNKNOWN,NOT SPECIFIED,Low,UNKNOWN,INLINE/HOLDER,55.0,-55.0,5.2,20.0,50.0,2.0,125.0,0.0,0.0
A395,nan,MEDIUM,MOTOR CIRCUIT,UNKNOWN,GLASS,5 X 20mm,UNKNOWN,HOLDER,NOT SPECIFIED,55.0,-55.0,5.2,20.0,50.0,1.6,250.0,250.0,0.0
A396,nan,UNKNOWN,NOT SPECIFIED,MEDIUM,UNKNOWN,NOT SPECIFIED,Low,UNKNOWN,INLINE/HOLDER,55.0,-55.0,5.2,20.0,50.0,2.0,125.0,0.0,0.0
A397,nan,MEDIUM,MOTOR CIRCUIT,UNKNOWN,GLASS,5 X 20mm,UNKNOWN,HOLDER,NOT SPECIFIED,55.0,-55.0,5.2,20.0,50.0,2.5,250.0,250.0,0.0
A398,nan,UNKNOWN,NOT SPECIFIED,MEDIUM,UNKNOWN,NOT SPECIFIED,Low,UNKNOWN,INLINE/HOLDER,55.0,-55.0,5.2,20.0,50.0,2.0,125.0,0.0,0.0
A399,nan,MEDIUM,MOTOR CIRCUIT,UNKNOWN,GLASS,5 X 20mm,UNKNOWN,HOLDER,NOT SPECIFIED,55.0,-55.0,5.2,20.0,50.0,3.5,250.0,250.0,0.0
A400,nan,UNKNOWN,NOT SPECIFIED,MEDIUM,UNKNOWN,NOT SPECIFIED,Low,UNKNOWN,INLINE/HOLDER,55.0,-55.0,5.2,20.0,50.0,2.0,125.0,0.0,0.0
A401,nan,UNKNOWN,NOT SPECIFIED,MEDIUM,UNKNOWN,NOT SPECIFIED,Low,UNKNOWN,INLINE/HOLDER,55.0,-55.0,5.2,20.0,50.0,2.0,125.0,0.0,0.0
A402,nan,MEDIUM,MOTOR CIRCUIT,UNKNOWN,CERAMIC,5 X 20mm,UNKNOWN,HOLDER,NOT SPECIFIED,55.0,-55.0,5.2,20.0,50.0,6.3,250.0,250.0,0.0
A403,nan,UNKNOWN,NOT SPECIFIED,MEDIUM,UNKNOWN,NOT SPECIFIED,Low,UNKNOWN,INLINE/HOLDER,55.0,-55.0,5.2,20.0,50.0,2.0,125.0,0.0,0.0
A404,nan,MEDIUM,MOTOR CIRCUIT,UNKNOWN,GLASS,5 X 20mm,UNKNOWN,HOLDER,NOT SPECIFIED,55.0,-55.0,5.2,20.0,50.0,1.25,250.0,250.0,0.0
A405,nan,UNKNOWN,NOT SPECIFIED,MEDIUM,UNKNOWN,NOT SPECIFIED,Low,UNKNOWN,INLINE/HOLDER,55.0,-55.0,5.2,20.0,50.0,2.0,125.0,0.0,0.0
A406,nan,MEDIUM,MOTOR CIRCUIT,UNKNOWN,GLASS,5 X 20mm,UNKNOWN,HOLDER,NOT SPECIFIED,55.0,-55.0,5.2,20.0,50.0,3.15,250.0,250.0,0.0
A407,"Indicator Red Fast Movement 1A 250V Holder Plastic 5 X 20mm Glass Bulk CE/CSA/KC/PSE/UL Electric Indicator, Fast Blow, 1A, 250VAC, 100A (IR), Inline/holder",FAST,SUPPLEMENTARY PROTECTION,FAST,GLASS,5 X 20mm,Low,HOLDER,INLINE/HOLDER,55.0,-55.0,5.2,20.0,100.0,1.0,250.0,250.0,0.0
A408,"Indicator Red Slow Blow Movement 2.5A 250V Holder Plastic 5 X 20mm Glass Bulk CE/CSA/KC/PSE/UL Electric Indicator, Time Lag Blow, 2.5A, 250VAC, 100A (IR), Supplemental, Inline/holder, 5x20mm",SLOW,SUPPLEMENTARY PROTECTION,SLOW,GLASS,5x20mm,Low,HOLDER,INLINE/HOLDER,55.0,-55.0,5.2,20.0,100.0,2.5,250.0,250.0,0.0
A409,"Indicator Red Slow Blow Movement 0.5A 250V Holder Plastic 5 X 20mm Glass Bulk CE/CSA/KC/PSE/UL Electric Indicator, Time Lag Blow, 0.5A, 250VAC, 35A (IR), Supplemental, Inline/holder, 5x20mm",SLOW,SUPPLEMENTARY PROTECTION,SLOW,GLASS,5 X 20mm,Low,HOLDER,INLINE/HOLDER,55.0,-55.0,5.2,20.0,35.0,0.5,250.0,250.0,0.0
A410,"Indicator Fast Movement 0.05A 250V Holder Plastic 3.02 X 8.4mm T/R UL Electric Indicator, 0.05A, 250VAC, 250VDC, 4000A (IR), Surface Mount",FAST,ELECTRICAL CONNECTIONS,UNKNOWN,UNKNOWN,3.02 X 8.4mm,Low,HOLDER,SURFACE MOUNT,125.0,-40.0,8.4,8.4,4000.0,0.05,250.0,250.0,250.0
A411,"Indicator Fast Movement 0.08A 250V Holder Plastic 3.02 X 8.4mm T/R UL Electric Indicator, 0.08A, 250VAC, 250VDC, 4000A (IR), Surface Mount",FAST,ELECTRICAL CONNECTIONS,UNKNOWN,UNKNOWN,3.02 X 8.4mm,Low,HOLDER,SURFACE MOUNT,125.0,-40.0,8.4,8.4,4000.0,0.08,250.0,250.0,250.0
A412,"Indicator Fast Movement 0.1A 250V Holder Plastic 3.02 X 8.4mm T/R UL Electric Indicator, 0.1A, 250VAC, 250VDC, 4000A (IR), Surface Mount",FAST,ELECTRICAL CONNECTIONS,UNKNOWN,UNKNOWN,3.02 X 8.4mm,Low,HOLDER,SURFACE MOUNT,125.0,-40.0,8.4,8.4,4000.0,0.1,250.0,250.0,250.0
A413,"Indicator SubRed Very Fast Movement 7A 125V Axial 2.8 X 7.11mm Epoxy Coated CCC/CSA/PSE/QPL/TUV/UL Electric Indicator, Very Fast Blow, 7A, 125VAC, 125VDC, 50A (IR), Through Hole",VERY FAST,AUDIO/VIDEO SYSTEM,VERY FAST,EPOXY,2.8 X 7.11mm,High,THROUGH HOLE,THROUGH HOLE,125.0,-55.0,7.11,7.11,50.0,7.0,125.0,125.0,125.0
A414,"Indicator SubRed Very Fast Movement 10A 125V Axial 2.8 X 7.11mm Epoxy Coated CCC/CSA/PSE/QPL/TUV/UL Electric Indicator, Very Fast Blow, 10A, 125VAC, 125VDC, 50A (IR), Through Hole",VERY FAST,AUDIO/VIDEO SYSTEM,VERY FAST,EPOXY,2.8 X 7.11mm,High,THROUGH HOLE,THROUGH HOLE,125.0,-55.0,7.11,7.11,50.0,10.0,125.0,125.0,125.0
A415,"Indicator SubRed Very Fast Movement 10A 125V Axial 2.8 X 7.11mm Ceramic T/R CSA/TUV/UL Electric Indicator, Very Fast Blow, 10A, 125VAC, 125VDC, 50A (IR), Supplemental, Through Hole, PICO",VERY FAST,AUDIO/VIDEO SYSTEM,VERY FAST,CERAMIC,PICO,Low,THROUGH HOLE,THROUGH HOLE,125.0,-55.0,7.11,7.11,50.0,10.0,125.0,125.0,125.0
A416,"Indicator SubRed Very Fast Movement 10A 125V Axial 2.8 X 7.11mm Ceramic T/R CSA/TUV/UL Electric Indicator, Very Fast Blow, 10A, 125VAC, 125VDC, 50A (IR), Supplemental, Through Hole, PICO",VERY FAST,AUDIO/VIDEO SYSTEM,VERY FAST,CERAMIC,PICO,Low,THROUGH HOLE,THROUGH HOLE,125.0,-55.0,7.11,7.11,50.0,10.0,125.0,125.0,125.0
A417,nan,UNKNOWN,NOT SPECIFIED,VERY FAST,UNKNOWN,NOT SPECIFIED,Low,UNKNOWN,THROUGH HOLE,55.0,-55.0,7.11,8.4,50.0,15.0,32.0,0.0,32.0
A418,"Indicator SubRed Very Fast Movement 0.062A 125V Axial 2.8 X 7.11mm Ceramic Ammo CSA/UL Electric Indicator, Very Fast Blow, 0.062A, 125VAC, 125VDC, 50A (IR), Through Hole",VERY FAST,AUDIO/VIDEO SYSTEM,VERY FAST,CERAMIC,2.8 X 7.11mm,Low,THROUGH HOLE,THROUGH HOLE,125.0,-55.0,7.11,7.11,50.0,0.062,125.0,125.0,125.0
A419,"Indicator SubRed Very Fast Movement 0.062A 125V Axial 2.8 X 7.11mm Ceramic Ammo CSA/UL Electric Indicator, Very Fast Blow, 0.062A, 125VAC, 125VDC, 50A (IR), Through Hole",VERY FAST,AUDIO/VIDEO SYSTEM,VERY FAST,CERAMIC,2.8 X 7.11mm,Low,THROUGH HOLE,THROUGH HOLE,125.0,-55.0,7.11,7.11,50.0,0.062,125.0,125.0,125.0
A420,"Indicator SubRed Very Fast Movement 0.062A 125V Axial 2.8 X 7.11mm Ceramic T/R CSA/UL Electric Indicator, Very Fast Blow, 0.062A, 125VAC, 125VDC, 50A (IR), Supplemental, Through Hole, PICO",VERY FAST,AUDIO/VIDEO SYSTEM,VERY FAST,CERAMIC,PICO,Low,THROUGH HOLE,THROUGH HOLE,125.0,-55.0,7.11,7.11,50.0,0.062,125.0,125.0,125.0
A421,nan,VERY FAST,AUDIO/VIDEO SYSTEM,UNKNOWN,EPOXY,2.8 X 7.11mm,UNKNOWN,UNKNOWN,NOT SPECIFIED,55.0,-55.0,6.1,8.4,50.0,0.125,125.0,125.0,0.0
A422,"Indicator SubRed Very Fast Movement 0.125A 125V Axial 2.8 X 7.11mm Epoxy Coated CCC/CSA/PSE/QPL/TUV/UL Electric Indicator, Very Fast Blow, 0.125A, 125VAC, 125VDC, 50A (IR), Supplemental, Through Hole, PICO",VERY FAST,AUDIO/VIDEO SYSTEM,VERY FAST,EPOXY,PICO,High,THROUGH HOLE,THROUGH HOLE,125.0,-55.0,7.11,7.11,50.0,0.125,125.0,125.0,125.0
A423,"Indicator SubRed Very Fast Movement 0.125A 125V Axial 2.8 X 7.11mm Ceramic T/R CSA/UL Electric Indicator, Very Fast Blow, 0.125A, 125VAC, 125VDC, 50A (IR), Supplemental, Through Hole, PICO",VERY FAST,AUDIO/VIDEO SYSTEM,VERY FAST,CERAMIC,PICO,Low,THROUGH HOLE,THROUGH HOLE,125.0,-55.0,7.11,7.11,50.0,0.125,125.0,125.0,125.0
A424,"Indicator SubRed Very Fast Movement 0.25A 125V Axial 2.8 X 7.11mm Epoxy Coated Electric Indicator, Very Fast Blow, 0.25A, 125VAC, 125VDC, 50A (IR), Through Hole",VERY FAST,AUDIO/VIDEO SYSTEM,VERY FAST,UNKNOWN,2.8 X 7.11mm,Med,THROUGH HOLE,THROUGH HOLE,125.0,-55.0,7.11,7.11,50.0,0.25,125.0,125.0,125.0
A425,nan,UNKNOWN,NOT SPECIFIED,VERY FAST,UNKNOWN,NOT SPECIFIED,High,UNKNOWN,THROUGH HOLE,55.0,-55.0,7.11,8.4,50.0,0.75,125.0,125.0,125.0
A426,"Indicator SubRed Very Fast Movement 1.5A 125V Radial 6 X 8mm Bulk CSA Electric Indicator, Very Fast Blow, 1.5A, 125VAC, 125VDC, 10000A (IR), Through Hole, MICRO",VERY FAST,ELECTRONIC COMPONENT,VERY FAST,UNKNOWN,MICRO,Low,THROUGH HOLE,THROUGH HOLE,125.0,-55.0,6.0,8.0,10000.0,1.5,125.0,125.0,1.5
A427,"Indicator SubRed Very Fast Movement 0.05A 125V Radial 6 X 8mm Bulk CSA Electric Indicator, Very Fast Blow, 0.05A, 125VAC, 125VDC, 10000A (IR), Through Hole, MICRO",VERY FAST,ELECTRONIC COMPONENT,VERY FAST,UNKNOWN,MICRO,Low,THROUGH HOLE,THROUGH HOLE,125.0,-55.0,6.0,8.0,10000.0,0.05,125.0,125.0,0.05
A428,nan,VERY FAST,MOTOR CIRCUIT,UNKNOWN,UNKNOWN,6 X 8mm,UNKNOWN,THROUGH HOLE,NOT SPECIFIED,55.0,-55.0,6.35,8.4,50.0,0.1,125.0,125.0,125.0
A429,"Indicator SubRed Very Fast Movement 0.1A 125V Radial 6 X 8mm Bulk CSA Electric Indicator, Very Fast Blow, 0.1A, 125VAC, 125VDC, 10000A (IR), Through Hole, MICRO",VERY FAST,ELECTRONIC COMPONENT,VERY FAST,UNKNOWN,MICRO,Low,THROUGH HOLE,THROUGH HOLE,125.0,-55.0,6.0,8.0,10000.0,0.1,125.0,125.0,0.1
A430,nan,VERY FAST,MOTOR CIRCUIT,UNKNOWN,UNKNOWN,6 X 8mm,UNKNOWN,THROUGH HOLE,NOT SPECIFIED,55.0,-55.0,6.35,8.4,50.0,0.5,125.0,125.0,125.0
A431,"Indicator SubRed Very Fast Movement 0.5A 125V Radial 6 X 8mm Bulk CSA Electric Indicator, Very Fast Blow, 0.5A, 125VAC, 125VDC, 10000A (IR), Through Hole, MICRO",VERY FAST,ELECTRONIC COMPONENT,VERY FAST,UNKNOWN,MICRO,Low,THROUGH HOLE,THROUGH HOLE,125.0,-55.0,6.0,8.0,10000.0,0.5,125.0,125.0,0.5
A432,"Thru-Hole Circuit Board Mount Radial Leaded Indicator Holders Indicator ACCESSORY, Indicator HOLDER",UNKNOWN,NOT SPECIFIED,UNKNOWN,UNKNOWN,NOT SPECIFIED,Low,UNKNOWN,NOT SPECIFIED,55.0,-55.0,6.1,8.4,50.0,2.0,125.0,0.0,0.0
A433,"Indicator Blade 1A 32V Socket 19.1 X 12.3 X 5.1mm Polyamide 66 Automotive UL Electric Indicator, 1A, 32VDC, 1000A (IR), ATOF, Inline/holder",UNKNOWN,MOTOR CIRCUIT,UNKNOWN,POLYAMIDE 66,19.1 X 12.3 X 5.1mm,Low,SOCKET,INLINE/HOLDER,105.0,-40.0,12.3,19.1,1000.0,1.0,32.0,0.0,1.0
A434,"Indicator Blade 2A 32V Socket 19.1 X 12.3 X 5.1mm Polyamide 66 Automotive UL Electric Indicator, 2A, 32VDC, 1000A (IR), Inline/holder",UNKNOWN,MOTOR CIRCUIT,UNKNOWN,POLYAMIDE 66,19.1 X 12.3 X 5.1mm,Low,SOCKET,INLINE/HOLDER,105.0,-40.0,12.3,19.1,1000.0,2.0,32.0,0.0,2.0
A435,"Indicator Blade 3A 32V Socket 19.1 X 12.3 X 5.1mm Polyamide 66 Automotive UL Electric Indicator, 3A, 32VDC, 1000A (IR), Inline/holder",UNKNOWN,MOTOR CIRCUIT,UNKNOWN,POLYAMIDE 66,19.1 X 12.3 X 5.1mm,Low,SOCKET,INLINE/HOLDER,105.0,-40.0,12.3,19.1,1000.0,3.0,32.0,0.0,3.0
A436,"Indicator Blade 4A 32V Socket 19.1 X 12.3 X 5.1mm Polyamide 66 Automotive UL Electric Indicator, 4A, 32VDC, 1000A (IR), ATOF, Inline/holder",UNKNOWN,MOTOR CIRCUIT,UNKNOWN,POLYAMIDE 66,19.1 X 12.3 X 5.1mm,Low,SOCKET,INLINE/HOLDER,105.0,-40.0,12.3,19.1,1000.0,4.0,32.0,0.0,4.0
A437,"Indicator Blade 10A 32V Socket 19.1 X 12.3 X 5.1mm Polyamide 66 Automotive UL Electric Indicator, 10A, 32VDC, 1000A (IR), ATOF, Inline/holder",UNKNOWN,MOTOR CIRCUIT,UNKNOWN,POLYAMIDE 66,19.1 X 12.3 X 5.1mm,Low,SOCKET,INLINE/HOLDER,105.0,-40.0,12.3,19.1,1000.0,10.0,32.0,0.0,10.0
A438,nan,UNKNOWN,NOT SPECIFIED,UNKNOWN,UNKNOWN,NOT SPECIFIED,Low,UNKNOWN,INLINE/HOLDER,105.0,-40.0,12.19,19.05,1000.0,20.0,125.0,0.0,32.0
A439,"Indicator Blade 20A 32V Socket 19.1 X 5.1 12.3mm Nylon Automotive Electric Indicator, 20A, 32VDC, 1000A (IR), Inline/holder",UNKNOWN,MOTOR CIRCUIT,UNKNOWN,NYLON,19.1 X 5.1 12.3mm,Low,SOCKET,INLINE/HOLDER,105.0,-40.0,12.3,19.1,1000.0,20.0,32.0,0.0,20.0
A440,Indicator Blade 7.5A 32V Socket 19.1 X 12.3 X 5.1mm Polyamide 66 Automotive UL Electric Indicator,UNKNOWN,MOTOR CIRCUIT,UNKNOWN,POLYAMIDE 66,19.1 X 12.3 X 5.1mm,Low,SOCKET,NOT SPECIFIED,55.0,-55.0,7.5,19.1,50.0,7.5,32.0,0.0,32.0
A441,Surface Mount Indicators Electric Indicator,UNKNOWN,NOT SPECIFIED,UNKNOWN,UNKNOWN,NOT SPECIFIED,Low,UNKNOWN,NOT SPECIFIED,55.0,-55.0,6.1,8.4,50.0,2.0,125.0,0.0,0.0
A442,Intrinsically Safe Indicator Electric Indicator,UNKNOWN,NOT SPECIFIED,UNKNOWN,UNKNOWN,NOT SPECIFIED,Low,UNKNOWN,NOT SPECIFIED,55.0,-55.0,6.1,8.4,50.0,2.0,125.0,0.0,0.0
A443,nan,SLOW,AMPLIFIER,UNKNOWN,UNKNOWN,NOT SPECIFIED,UNKNOWN,HOLDER,NOT SPECIFIED,55.0,-55.0,5.2,20.0,50.0,5.0,32.0,32.0,0.0
A444,nan,SLOW,AMPLIFIER,UNKNOWN,UNKNOWN,NOT SPECIFIED,UNKNOWN,HOLDER,NOT SPECIFIED,55.0,-55.0,5.2,20.0,50.0,5.0,32.0,32.0,0.0
A445,nan,SLOW,AMPLIFIER,UNKNOWN,UNKNOWN,NOT SPECIFIED,UNKNOWN,HOLDER,NOT SPECIFIED,55.0,-55.0,5.2,20.0,50.0,10.0,32.0,32.0,0.0
A446,nan,SLOW,AMPLIFIER,UNKNOWN,UNKNOWN,NOT SPECIFIED,UNKNOWN,HOLDER,NOT SPECIFIED,55.0,-55.0,5.2,20.0,50.0,15.0,32.0,32.0,0.0
A447,nan,SLOW,AMPLIFIER,UNKNOWN,UNKNOWN,NOT SPECIFIED,UNKNOWN,HOLDER,NOT SPECIFIED,55.0,-55.0,5.2,20.0,50.0,15.0,32.0,32.0,0.0
A448,nan,SLOW,AMPLIFIER,UNKNOWN,UNKNOWN,NOT SPECIFIED,UNKNOWN,HOLDER,NOT SPECIFIED,55.0,-55.0,5.2,20.0,50.0,25.0,32.0,32.0,0.0
A449,nan,SLOW,AMPLIFIER,UNKNOWN,UNKNOWN,NOT SPECIFIED,UNKNOWN,HOLDER,NOT SPECIFIED,55.0,-55.0,5.2,20.0,50.0,25.0,32.0,32.0,0.0
A450,nan,FAST,SUPPLEMENTARY PROTECTION,UNKNOWN,GLASS,6.3 X 32mm,UNKNOWN,HOLDER,NOT SPECIFIED,55.0,-55.0,6.35,31.75,50.0,1.0,250.0,250.0,0.0
A451,nan,FAST,SUPPLEMENTARY PROTECTION,UNKNOWN,GLASS,6.3 X 32mm,UNKNOWN,HOLDER,NOT SPECIFIED,55.0,-55.0,6.35,31.75,50.0,4.0,250.0,250.0,0.0
A452,nan,FAST,SUPPLEMENTARY PROTECTION,UNKNOWN,GLASS,6.3 X 32mm,UNKNOWN,HOLDER,NOT SPECIFIED,55.0,-55.0,6.35,31.75,50.0,7.0,250.0,250.0,0.0
A453,"Indicator 7A 250V Fast Movement Electric Indicator, Fast Blow, 7A, 250VAC, 200A (IR), Inline/holder",FAST,MOTOR CIRCUIT,FAST,GLASS,6.3 X 32mm,High,UNKNOWN,INLINE/HOLDER,55.0,-55.0,6.35,31.75,200.0,7.0,250.0,250.0,0.0
A454,"Indicator 10A 250V Fast Movement Electric Indicator, Fast Blow, 10A, 250VAC, 200A (IR), Inline/holder",FAST,MOTOR CIRCUIT,FAST,GLASS,6.3 X 32mm,High,UNKNOWN,INLINE/HOLDER,55.0,-55.0,6.35,31.75,200.0,10.0,250.0,250.0,0.0
A455,"Indicator 12A 32V Fast Movement Electric Indicator, Fast Blow, 12A, 32VAC, 300A (IR), Inline/holder",FAST,MOTOR CIRCUIT,FAST,GLASS,6.3 X 32mm,High,UNKNOWN,INLINE/HOLDER,55.0,-55.0,6.35,31.75,300.0,12.0,32.0,32.0,0.0
A456,nan,FAST,SUPPLEMENTARY PROTECTION,UNKNOWN,GLASS,6.3 X 32mm,UNKNOWN,HOLDER,NOT SPECIFIED,55.0,-55.0,6.35,31.75,50.0,1.5,250.0,250.0,0.0
A457,"Indicator 15A 32V Fast Movement Electric Indicator, Fast Blow, 15A, 32VAC, 300A (IR), Inline/holder",FAST,MOTOR CIRCUIT,FAST,GLASS,6.3 X 32mm,High,UNKNOWN,INLINE/HOLDER,55.0,-55.0,6.35,31.75,300.0,15.0,32.0,32.0,0.0
A458,"Indicator Red Fast Movement 1.6A 250V Holder Plastic Melf 6.3 X 32mm Glass CSA/UL Electric Indicator, Fast Blow, 1.6A, 250VAC, 100A (IR), Inline/holder",FAST,MOTOR CIRCUIT,FAST,GLASS,6.3 X 32mm,High,HOLDER,INLINE/HOLDER,55.0,-55.0,6.35,31.75,100.0,1.6,250.0,250.0,0.0
A459,"Indicator Red Fast Movement 1.8A 250V Holder Plastic Melf 6.3 X 32mm Glass CSA/UL Electric Indicator, Fast Blow, 1.8A, 250VAC, 100A (IR), Inline/holder",FAST,MOTOR CIRCUIT,FAST,GLASS,6.3 X 32mm,High,HOLDER,INLINE/HOLDER,55.0,-55.0,6.35,31.75,100.0,1.8,250.0,250.0,0.0
A460,"Indicator 20A 32V Fast Movement Electric Indicator, Fast Blow, 20A, 32VAC, 300A (IR), Inline/holder",FAST,MOTOR CIRCUIT,FAST,GLASS,6.3 X 32mm,High,UNKNOWN,INLINE/HOLDER,55.0,-55.0,6.35,31.75,300.0,20.0,32.0,32.0,0.0
A461,nan,FAST,SUPPLEMENTARY PROTECTION,UNKNOWN,GLASS,6.3 X 32mm,UNKNOWN,HOLDER,NOT SPECIFIED,55.0,-55.0,6.35,31.75,50.0,2.5,250.0,250.0,0.0
A462,"Indicator 25A 32V Fast Movement Electric Indicator, Fast Blow, 25A, 32VAC, 300A (IR), Inline/holder",FAST,MOTOR CIRCUIT,FAST,GLASS,6.3 X 32mm,High,UNKNOWN,INLINE/HOLDER,55.0,-55.0,6.35,31.75,300.0,25.0,32.0,32.0,0.0
A463,"Indicator 30A 32V Fast Movement Electric Indicator, Fast Blow, 30A, 32VAC, 300A (IR), Inline/holder",FAST,MOTOR CIRCUIT,FAST,GLASS,6.3 X 32mm,High,UNKNOWN,INLINE/HOLDER,55.0,-55.0,6.35,31.75,300.0,30.0,32.0,32.0,0.0
A464,"Indicator Red Fast Movement 0.031A 250V Holder Plastic Melf 6.3 X 32mm Glass CSA/UL Electric Indicator, Fast Blow, 0.031A, 250VAC, 35A (IR), Inline/holder",FAST,MOTOR CIRCUIT,FAST,GLASS,6.3 X 32mm,High,HOLDER,INLINE/HOLDER,55.0,-55.0,6.35,31.75,35.0,0.031,250.0,250.0,0.0
A465,"Indicator 35A 32V Fast Movement Electric Indicator, Fast Blow, 35A, 32VAC, 300A (IR), Inline/holder",FAST,MOTOR CIRCUIT,FAST,GLASS,6.3 X 32mm,High,UNKNOWN,INLINE/HOLDER,55.0,-55.0,6.35,31.75,300.0,35.0,32.0,32.0,0.0
A466,"Indicator Red Fast Movement 0.062A 250V Holder Plastic Melf 6.3 X 32mm Glass CSA/UL Electric Indicator, Fast Blow, 0.062A, 250VAC, 35A (IR), Inline/holder",FAST,MOTOR CIRCUIT,FAST,GLASS,6.3 X 32mm,High,HOLDER,INLINE/HOLDER,55.0,-55.0,6.35,31.75,35.0,0.062,250.0,250.0,0.0
A467,"Indicator Red Fast Movement 0.1A 250V Holder Plastic Melf 6.3 X 32mm Glass CSA/UL Electric Indicator, Fast Blow, 0.1A, 250VAC, 35A (IR), Inline/holder",FAST,MOTOR CIRCUIT,FAST,GLASS,6.3 X 32mm,High,HOLDER,INLINE/HOLDER,55.0,-55.0,6.35,31.75,35.0,0.1,250.0,250.0,0.0
A468,"Indicator Red Fast Movement 0.125A 250V Holder Plastic Melf 6.3 X 32mm Glass CSA/UL Electric Indicator, Fast Blow, 0.125A, 250VAC, 35A (IR), Inline/holder",FAST,MOTOR CIRCUIT,FAST,GLASS,6.3 X 32mm,High,HOLDER,INLINE/HOLDER,125.0,-55.0,6.35,31.75,0.125,1.25,250.0,250.0,0.0
A469,"Indicator Red Fast Movement 0.15A 250V Holder Plastic Melf 6.3 X 32mm Glass CSA/UL Electric Indicator, Fast Blow, 0.15A, 250VAC, 35A (IR), Inline/holder",FAST,MOTOR CIRCUIT,FAST,GLASS,6.3 X 32mm,High,HOLDER,INLINE/HOLDER,55.0,-55.0,6.35,31.75,35.0,0.15,250.0,250.0,0.0
A470,"Indicator Red Fast Movement 0.175A 250V Holder Plastic Melf 6.3 X 32mm Glass CSA/UL Electric Indicator, Fast Blow, 0.175A, 250VAC, 35A (IR), Inline/holder",FAST,MOTOR CIRCUIT,FAST,GLASS,6.3 X 32mm,High,HOLDER,INLINE/HOLDER,55.0,-55.0,6.35,31.75,0.175,1.75,250.0,250.0,0.0
A471,"Indicator Red Fast Movement 0.188A 250V Holder Plastic Melf 6.3 X 32mm Glass CSA/UL Electric Indicator, Fast Blow, 0.187A, 250VAC, 35A (IR), Inline/holder",FAST,MOTOR CIRCUIT,FAST,GLASS,6.3 X 32mm,High,HOLDER,INLINE/HOLDER,55.0,-55.0,6.35,31.75,0.188,0.187,250.0,250.0,0.0
A472,"Indicator Red Fast Movement 0.2A 250V Holder Plastic Melf 6.3 X 32mm Glass CSA/UL Electric Indicator, Fast Blow, 0.2A, 250VAC, 35A (IR), Inline/holder",FAST,MOTOR CIRCUIT,FAST,GLASS,6.3 X 32mm,High,HOLDER,INLINE/HOLDER,55.0,-55.0,6.35,31.75,35.0,0.2,250.0,250.0,0.0
A473,"Indicator Red Fast Movement 2.25A 250V Holder Plastic Melf 6.3 X 32mm Glass CSA/UL Electric Indicator, Fast Blow, 2.25A, 250VAC, 100A (IR), Inline/holder",FAST,MOTOR CIRCUIT,FAST,GLASS,6.3 X 32mm,High,HOLDER,INLINE/HOLDER,55.0,-55.0,6.35,31.75,100.0,2.25,250.0,250.0,0.0
A474,"Indicator Red Fast Movement 0.25A 250V Holder Plastic Melf 6.3 X 32mm Glass CSA/UL Electric Indicator, Fast Blow, 0.25A, 250VAC, 35A (IR), Inline/holder",FAST,MOTOR CIRCUIT,FAST,GLASS,6.3 X 32mm,High,HOLDER,INLINE/HOLDER,55.0,-55.0,6.35,31.75,35.0,0.25,250.0,250.0,0.0
A475,"Indicator Red Fast Movement 0.3A 250V Holder Plastic Melf 6.3 X 32mm Glass CSA/UL Electric Indicator, Fast Blow, 0.3A, 250VAC, 35A (IR), Inline/holder",FAST,MOTOR CIRCUIT,FAST,GLASS,6.3 X 32mm,High,HOLDER,INLINE/HOLDER,55.0,-55.0,6.35,31.75,35.0,0.3,250.0,250.0,0.0
A476,"Indicator Red Fast Movement 0.375A 250V Holder Plastic Melf 6.3 X 32mm Glass CSA/UL Electric Indicator, Fast Blow, 0.375A, 250VAC, 35A (IR), Inline/holder",FAST,MOTOR CIRCUIT,FAST,GLASS,6.3 X 32mm,High,HOLDER,INLINE/HOLDER,55.0,-55.0,6.35,31.75,35.0,0.375,250.0,250.0,0.0
A477,"Indicator Red Fast Movement 0.5A 250V Holder Plastic Melf 6.3 X 32mm Glass CSA/UL Electric Indicator, Fast Blow, 0.5A, 250VAC, 35A (IR), Inline/holder",FAST,MOTOR CIRCUIT,FAST,GLASS,6.3 X 32mm,High,HOLDER,INLINE/HOLDER,55.0,-55.0,6.35,31.75,35.0,0.5,250.0,250.0,0.0
A478,"Indicator Red Fast Movement 0.6A 250V Holder Plastic Melf 6.3 X 32mm Glass CSA/UL Electric Indicator, Fast Blow, 0.6A, 250VAC, 35A (IR), Inline/holder",FAST,MOTOR CIRCUIT,FAST,GLASS,6.3 X 32mm,High,HOLDER,INLINE/HOLDER,55.0,-55.0,6.35,31.75,35.0,0.6,250.0,250.0,0.0
A479,"Indicator Red Fast Movement 0.75A 250V Holder Plastic Melf 6.3 X 32mm Glass CSA/UL Electric Indicator, Fast Blow, 0.75A, 250VAC, 35A (IR), Inline/holder",FAST,MOTOR CIRCUIT,FAST,GLASS,6.3 X 32mm,High,HOLDER,INLINE/HOLDER,55.0,-55.0,6.35,31.75,35.0,0.75,250.0,250.0,0.0
A480,"Indicator Red Slow Blow Movement 0.25A 250V Holder Plastic 6.3 X 32mm Glass Bulk CE/CSA/UL Electric Indicator, Time Lag Blow, 0.25A, 250VAC, 35A (IR), Supplemental, Inline/holder, 3AG",SLOW,SUPPLEMENTARY PROTECTION,SLOW,GLASS,3AG,Low,HOLDER,INLINE/HOLDER,55.0,-55.0,6.35,31.75,35.0,0.25,250.0,250.0,0.0
A481,nan,SLOW,MOTOR CIRCUIT,UNKNOWN,GLASS,6.3 X 32mm,UNKNOWN,HOLDER,NOT SPECIFIED,55.0,-55.0,6.35,31.75,50.0,0.25,250.0,250.0,0.0
A482,nan,SLOW,MOTOR CIRCUIT,UNKNOWN,GLASS,6.3 X 32mm,UNKNOWN,HOLDER,NOT SPECIFIED,55.0,-55.0,6.35,31.75,50.0,0.5,250.0,250.0,0.0
A483,"Indicator Red Fast Movement 10A 250V Holder Plastic 6.3 X 32mm Ceramic Bulk CE/CSA/KC/PSE/UL/cULus Electric Indicator, Fast Blow, 10A, 250VAC, 125VDC, 750A (IR), Inline/holder, 3AB",FAST,SUPPLEMENTARY PROTECTION,FAST,CERAMIC,3AB,Low,HOLDER,INLINE/HOLDER,125.0,-55.0,6.35,31.75,750.0,10.0,250.0,250.0,125.0
A484,"Indicator Red Slow Blow Movement 20A 250V Axial 6.3 X 32mm Ceramic Bulk CE/CSA/KC/PSE/UL/cULus Electric Indicator, Time Lag Blow, 20A, 250VAC, 250VDC, 400A (IR), Through Hole, 3AB",SLOW,SUPPLEMENTARY PROTECTION,SLOW,CERAMIC,6.3 X 32mm,Low,THROUGH HOLE,THROUGH HOLE,55.0,-55.0,6.99,32.72,400.0,20.0,250.0,250.0,20.0
A485,nan,UNKNOWN,MOTOR CIRCUIT,UNKNOWN,CERAMIC,6.3 X 32mm,UNKNOWN,UNKNOWN,NOT SPECIFIED,55.0,-55.0,6.3,8.4,50.0,4.0,250.0,250.0,0.0
A486,nan,UNKNOWN,NOT SPECIFIED,SLOW,UNKNOWN,3AB,Low,UNKNOWN,INLINE/HOLDER,55.0,-55.0,6.35,31.75,400.0,4.0,250.0,250.0,250.0
A487,nan,UNKNOWN,MOTOR CIRCUIT,UNKNOWN,CERAMIC,6.3 X 32mm,UNKNOWN,UNKNOWN,NOT SPECIFIED,55.0,-55.0,6.3,8.4,50.0,10.0,250.0,250.0,0.0
A488,nan,UNKNOWN,NOT SPECIFIED,SLOW,UNKNOWN,3AB,Low,UNKNOWN,INLINE/HOLDER,55.0,-55.0,6.35,31.75,400.0,10.0,250.0,250.0,250.0
A489,nan,UNKNOWN,MOTOR CIRCUIT,UNKNOWN,CERAMIC,6.3 X 32mm,UNKNOWN,UNKNOWN,NOT SPECIFIED,55.0,-55.0,6.3,8.4,50.0,1.2,250.0,250.0,0.0
A490,nan,UNKNOWN,NOT SPECIFIED,SLOW,UNKNOWN,3AB,Low,UNKNOWN,INLINE/HOLDER,55.0,-55.0,6.35,31.75,100.0,1.2,250.0,250.0,250.0
A491,nan,UNKNOWN,MOTOR CIRCUIT,UNKNOWN,CERAMIC,6.3 X 32mm,UNKNOWN,UNKNOWN,NOT SPECIFIED,55.0,-55.0,6.3,8.4,50.0,1.6,250.0,250.0,0.0
A492,nan,UNKNOWN,NOT SPECIFIED,SLOW,UNKNOWN,3AB,Low,UNKNOWN,INLINE/HOLDER,55.0,-55.0,6.35,31.75,100.0,1.6,250.0,250.0,250.0
A493,"Indicator Red Slow Blow Movement 20A 250V Holder Plastic Melf 6.3 X 32mm Ceramic Bulk CE/CSA/PSE/UL/cULus Electric Indicator, Time Lag Blow, 20A, 250VAC, 250VDC, 400A (IR), Inline/holder, 3AB",SLOW,SUPPLEMENTARY PROTECTION,SLOW,CERAMIC,6.3 X 32mm,Low,HOLDER,INLINE/HOLDER,55.0,-55.0,6.35,31.75,400.0,20.0,250.0,250.0,20.0
A494,nan,UNKNOWN,MOTOR CIRCUIT,UNKNOWN,CERAMIC,6.3 X 32mm,UNKNOWN,UNKNOWN,NOT SPECIFIED,55.0,-55.0,6.3,8.4,50.0,2.5,250.0,250.0,0.0
A495,nan,UNKNOWN,NOT SPECIFIED,SLOW,UNKNOWN,3AB,Low,UNKNOWN,INLINE/HOLDER,55.0,-55.0,6.35,31.75,100.0,2.5,250.0,250.0,250.0
A496,nan,UNKNOWN,MOTOR CIRCUIT,UNKNOWN,CERAMIC,6.3 X 32mm,UNKNOWN,UNKNOWN,NOT SPECIFIED,55.0,-55.0,6.3,8.4,50.0,2.8,250.0,250.0,0.0
A497,nan,UNKNOWN,NOT SPECIFIED,SLOW,UNKNOWN,3AB,Low,UNKNOWN,INLINE/HOLDER,55.0,-55.0,6.35,31.75,100.0,2.8,250.0,250.0,250.0
A498,nan,UNKNOWN,MOTOR CIRCUIT,UNKNOWN,CERAMIC,6.3 X 32mm,UNKNOWN,UNKNOWN,NOT SPECIFIED,55.0,-55.0,6.3,8.4,50.0,30.0,125.0,125.0,0.0
A499,nan,UNKNOWN,NOT SPECIFIED,SLOW,UNKNOWN,3AB,Low,UNKNOWN,INLINE/HOLDER,55.0,-55.0,6.35,31.75,400.0,30.0,250.0,250.0,250.0
A500,nan,UNKNOWN,MOTOR CIRCUIT,UNKNOWN,CERAMIC,6.3 X 32mm,UNKNOWN,UNKNOWN,NOT SPECIFIED,55.0,-55.0,6.3,8.4,50.0,0.031,250.0,250.0,0.0
A501,nan,UNKNOWN,NOT SPECIFIED,SLOW,UNKNOWN,3AB,Low,UNKNOWN,INLINE/HOLDER,55.0,-55.0,6.35,31.75,100.0,0.031,250.0,250.0,250.0
A502,nan,UNKNOWN,MOTOR CIRCUIT,UNKNOWN,CERAMIC,6.3 X 32mm,UNKNOWN,UNKNOWN,NOT SPECIFIED,55.0,-55.0,6.3,8.4,50.0,0.062,250.0,250.0,0.0
A503,nan,UNKNOWN,NOT SPECIFIED,SLOW,UNKNOWN,3AB,Low,UNKNOWN,INLINE/HOLDER,55.0,-55.0,6.35,31.75,100.0,0.062,250.0,250.0,250.0
A504,nan,UNKNOWN,MOTOR CIRCUIT,UNKNOWN,CERAMIC,6.3 X 32mm,UNKNOWN,UNKNOWN,NOT SPECIFIED,55.0,-55.0,6.3,8.4,50.0,0.1,250.0,250.0,0.0
A505,nan,UNKNOWN,NOT SPECIFIED,SLOW,UNKNOWN,3AB,Low,UNKNOWN,INLINE/HOLDER,55.0,-55.0,6.35,31.75,100.0,0.1,250.0,250.0,250.0
A506,nan,UNKNOWN,MOTOR CIRCUIT,UNKNOWN,CERAMIC,6.3 X 32mm,UNKNOWN,UNKNOWN,NOT SPECIFIED,55.0,-55.0,6.3,8.4,50.0,1.25,250.0,250.0,0.0
A507,nan,UNKNOWN,NOT SPECIFIED,SLOW,UNKNOWN,3AB,Low,UNKNOWN,INLINE/HOLDER,55.0,-55.0,6.35,31.75,100.0,1.25,250.0,250.0,250.0
A508,nan,UNKNOWN,MOTOR CIRCUIT,UNKNOWN,CERAMIC,6.3 X 32mm,UNKNOWN,UNKNOWN,NOT SPECIFIED,55.0,-55.0,6.3,8.4,50.0,0.15,250.0,250.0,0.0
A509,nan,UNKNOWN,NOT SPECIFIED,SLOW,UNKNOWN,3AB,Low,UNKNOWN,INLINE/HOLDER,55.0,-55.0,6.35,31.75,100.0,0.15,250.0,250.0,250.0
A510,nan,UNKNOWN,MOTOR CIRCUIT,UNKNOWN,CERAMIC,6.3 X 32mm,UNKNOWN,UNKNOWN,NOT SPECIFIED,55.0,-55.0,6.3,8.4,50.0,0.175,250.0,250.0,0.0
A511,nan,UNKNOWN,NOT SPECIFIED,SLOW,UNKNOWN,3AB,Low,UNKNOWN,INLINE/HOLDER,55.0,-55.0,6.35,31.75,100.0,0.175,250.0,250.0,250.0
A512,nan,UNKNOWN,MOTOR CIRCUIT,UNKNOWN,CERAMIC,6.3 X 32mm,UNKNOWN,UNKNOWN,NOT SPECIFIED,55.0,-55.0,6.3,8.4,50.0,0.187,250.0,250.0,0.0
A513,nan,UNKNOWN,NOT SPECIFIED,SLOW,UNKNOWN,3AB,Low,UNKNOWN,INLINE/HOLDER,55.0,-55.0,6.35,31.75,100.0,0.187,250.0,250.0,250.0
A514,nan,UNKNOWN,MOTOR CIRCUIT,UNKNOWN,CERAMIC,6.3 X 32mm,UNKNOWN,UNKNOWN,NOT SPECIFIED,55.0,-55.0,6.3,8.4,50.0,0.2,250.0,250.0,0.0
A515,nan,UNKNOWN,NOT SPECIFIED,SLOW,UNKNOWN,3AB,Low,UNKNOWN,INLINE/HOLDER,55.0,-55.0,6.35,31.75,100.0,0.2,250.0,250.0,250.0
A516,nan,UNKNOWN,MOTOR CIRCUIT,UNKNOWN,CERAMIC,6.3 X 32mm,UNKNOWN,UNKNOWN,NOT SPECIFIED,55.0,-55.0,6.3,8.4,50.0,0.3,250.0,250.0,0.0
A517,nan,UNKNOWN,NOT SPECIFIED,SLOW,UNKNOWN,3AB,Low,UNKNOWN,INLINE/HOLDER,55.0,-55.0,6.35,31.75,100.0,0.3,250.0,250.0,250.0
A518,nan,UNKNOWN,MOTOR CIRCUIT,UNKNOWN,CERAMIC,6.3 X 32mm,UNKNOWN,UNKNOWN,NOT SPECIFIED,55.0,-55.0,6.3,8.4,50.0,0.375,250.0,250.0,0.0
A519,nan,UNKNOWN,NOT SPECIFIED,SLOW,UNKNOWN,3AB,Low,UNKNOWN,INLINE/HOLDER,55.0,-55.0,6.35,31.75,100.0,0.375,250.0,250.0,250.0
A520,nan,UNKNOWN,MOTOR CIRCUIT,UNKNOWN,CERAMIC,6.3 X 32mm,UNKNOWN,UNKNOWN,NOT SPECIFIED,55.0,-55.0,6.3,8.4,50.0,0.4,250.0,250.0,0.0
A521,nan,UNKNOWN,NOT SPECIFIED,SLOW,UNKNOWN,3AB,Low,UNKNOWN,INLINE/HOLDER,55.0,-55.0,6.35,31.75,100.0,0.4,250.0,250.0,250.0
A522,nan,UNKNOWN,MOTOR CIRCUIT,UNKNOWN,CERAMIC,6.3 X 32mm,UNKNOWN,UNKNOWN,NOT SPECIFIED,55.0,-55.0,6.3,8.4,50.0,0.5,250.0,250.0,0.0
A523,nan,UNKNOWN,NOT SPECIFIED,SLOW,UNKNOWN,3AB,Low,UNKNOWN,INLINE/HOLDER,55.0,-55.0,6.35,31.75,100.0,0.5,250.0,250.0,250.0
A524,nan,UNKNOWN,MOTOR CIRCUIT,UNKNOWN,CERAMIC,6.3 X 32mm,UNKNOWN,UNKNOWN,NOT SPECIFIED,55.0,-55.0,6.3,8.4,50.0,0.6,250.0,250.0,0.0
A525,nan,UNKNOWN,NOT SPECIFIED,SLOW,UNKNOWN,3AB,Low,UNKNOWN,INLINE/HOLDER,55.0,-55.0,6.35,31.75,100.0,0.6,250.0,250.0,250.0
A526,nan,UNKNOWN,MOTOR CIRCUIT,UNKNOWN,CERAMIC,6.3 X 32mm,UNKNOWN,UNKNOWN,NOT SPECIFIED,55.0,-55.0,6.3,8.4,50.0,0.7,250.0,250.0,0.0
A527,nan,UNKNOWN,NOT SPECIFIED,SLOW,UNKNOWN,3AB,Low,UNKNOWN,INLINE/HOLDER,55.0,-55.0,6.35,31.75,100.0,0.7,250.0,250.0,250.0
A528,nan,UNKNOWN,MOTOR CIRCUIT,UNKNOWN,CERAMIC,6.3 X 32mm,UNKNOWN,UNKNOWN,NOT SPECIFIED,55.0,-55.0,6.3,8.4,50.0,0.75,250.0,250.0,0.0
A529,nan,UNKNOWN,NOT SPECIFIED,SLOW,UNKNOWN,3AB,Low,UNKNOWN,INLINE/HOLDER,55.0,-55.0,6.35,31.75,100.0,0.75,250.0,250.0,250.0
A530,nan,UNKNOWN,MOTOR CIRCUIT,UNKNOWN,CERAMIC,6.3 X 32mm,UNKNOWN,UNKNOWN,NOT SPECIFIED,55.0,-55.0,6.3,8.4,50.0,0.8,250.0,250.0,0.0
A531,nan,UNKNOWN,NOT SPECIFIED,SLOW,UNKNOWN,3AB,Low,UNKNOWN,INLINE/HOLDER,55.0,-55.0,6.35,31.75,100.0,0.8,250.0,250.0,250.0
A532,nan,FAST,NOT SPECIFIED,UNKNOWN,UNKNOWN,NOT SPECIFIED,UNKNOWN,SURFACE MOUNT,NOT SPECIFIED,55.0,-55.0,6.1,1.05,50.0,2.5,125.0,0.0,0.0
A533,"Indicator Chip Fast Movement 0.5A SMD Solder Pad 0402 Ceramic T/R UL Electric Indicator, Fast Blow, 0.5A, 35A (IR), 0402",FAST,CELL PHONES,FAST,CERAMIC,1 X 0.51mm,Low,SURFACE MOUNT,NOT SPECIFIED,55.0,-55.0,6.1,1.0,35.0,0.5,24.0,0.0,0.0
A534,"Indicator Chip Fast Movement 0.75A SMD Solder Pad 0402 Ceramic T/R UL Electric Indicator, Fast Blow, 0.75A, 35A (IR), 0402",FAST,CELL PHONES,FAST,CERAMIC,1 X 0.51mm,Low,SURFACE MOUNT,NOT SPECIFIED,55.0,-55.0,6.1,1.0,35.0,0.75,24.0,0.0,0.0
A535,"Indicator Chip Fast Movement 1A SMD Solder Pad 0402 T/R Electric Indicator, Fast Blow, 1A, 24VDC, 35A (IR), Surface Mount",FAST,MOTOR CIRCUIT,FAST,UNKNOWN,1 X 0.51mm,Low,SURFACE MOUNT,SURFACE MOUNT,125.0,-55.0,6.1,1.0,35.0,1.0,24.0,0.0,1.0
A536,"Indicator Chip Fast Movement 1.5A 24V SMD Solder Pad 0402 T/R Electric Indicator, Fast Blow, 1.5A, 24VDC, 35A (IR), Surface Mount",FAST,MOTOR CIRCUIT,FAST,UNKNOWN,1 X 0.51mm,Low,SURFACE MOUNT,SURFACE MOUNT,125.0,-55.0,6.1,1.0,35.0,1.5,24.0,0.0,1.5
A537,"Indicator Chip Fast Movement 2A SMD Solder Pad 0402 Ceramic T/R Electric Indicator, Fast Blow, 2A, 24VDC, 35A (IR), Surface Mount",FAST,MOTOR CIRCUIT,FAST,CERAMIC,1 X 0.51mm,Low,SURFACE MOUNT,SURFACE MOUNT,125.0,-55.0,6.1,1.0,35.0,2.0,24.0,0.0,2.0
A538,"Indicator Chip Fast Movement 3A SMD Solder Pad 0402 Ceramic T/R Electric Indicator, Fast Blow, 3A, 24VDC, 35A (IR), Surface Mount",FAST,MOTOR CIRCUIT,FAST,CERAMIC,1 X 0.51mm,Low,SURFACE MOUNT,SURFACE MOUNT,125.0,-55.0,6.1,1.0,35.0,3.0,24.0,0.0,3.0
A539,"Indicator Chip Fast Movement 4A SMD Solder Pad 0402 Ceramic T/R Electric Indicator, Fast Blow, 4A, 24VDC, 35A (IR), Surface Mount",FAST,MOTOR CIRCUIT,FAST,CERAMIC,1 X 0.51mm,Low,SURFACE MOUNT,SURFACE MOUNT,125.0,-55.0,6.1,1.0,35.0,4.0,24.0,0.0,4.0
A540,nan,VERY FAST,MOTOR CIRCUIT,UNKNOWN,EPOXY,3.18 X 1.52 X 1.14mm,UNKNOWN,SURFACE MOUNT,NOT SPECIFIED,55.0,-55.0,6.1,3.18,50.0,1.0,63.0,63.0,63.0
A541,Indicator Chip Very Fast Movement 1A 63V SMD Solder Pad 1206 Epoxy T/R CSA/UL,VERY FAST,MOTOR CIRCUIT,UNKNOWN,EPOXY,3.18 X 1.52 X 1.14mm,High,SURFACE MOUNT,NOT SPECIFIED,55.0,-55.0,6.1,3.18,50.0,1.0,63.0,63.0,63.0
A542,nan,VERY FAST,MOTOR CIRCUIT,UNKNOWN,EPOXY,3.18 X 1.52 X 1.14mm,UNKNOWN,SURFACE MOUNT,NOT SPECIFIED,55.0,-55.0,6.1,3.18,50.0,2.0,63.0,63.0,63.0
A543,Indicator Chip Very Fast Movement 2A 63V SMD Solder Pad 1206 Epoxy T/R CSA/UL,VERY FAST,MOTOR CIRCUIT,UNKNOWN,EPOXY,3.18 X 1.52 X 1.14mm,High,SURFACE MOUNT,NOT SPECIFIED,55.0,-55.0,6.1,3.18,50.0,2.0,63.0,63.0,63.0
A544,nan,VERY FAST,MOTOR CIRCUIT,UNKNOWN,EPOXY,3.18 X 1.52 X 1.14mm,UNKNOWN,SURFACE MOUNT,NOT SPECIFIED,55.0,-55.0,6.1,3.18,50.0,3.0,32.0,32.0,32.0
A545,nan,VERY FAST,MOTOR CIRCUIT,UNKNOWN,EPOXY,3.18 X 1.52 X 1.14mm,UNKNOWN,SURFACE MOUNT,NOT SPECIFIED,55.0,-55.0,6.1,3.18,50.0,3.0,32.0,32.0,32.0
A546,Indicator Chip Very Fast Movement 3A 32V SMD Solder Pad 1206 Epoxy T/R CSA/UL,VERY FAST,MOTOR CIRCUIT,UNKNOWN,EPOXY,3.18 X 1.52 X 1.14mm,High,SURFACE MOUNT,NOT SPECIFIED,55.0,-55.0,6.1,3.18,50.0,3.0,32.0,32.0,32.0
A547,nan,VERY FAST,MOTOR CIRCUIT,UNKNOWN,EPOXY,3.18 X 1.52 X 1.14mm,UNKNOWN,SURFACE MOUNT,NOT SPECIFIED,55.0,-55.0,6.1,3.18,50.0,4.0,24.0,24.0,24.0
A548,Indicator Chip Very Fast Movement 4A 24V SMD Solder Pad 1206 Epoxy T/R CSA/UL,VERY FAST,MOTOR CIRCUIT,UNKNOWN,EPOXY,3.18 X 1.52 X 1.14mm,High,SURFACE MOUNT,NOT SPECIFIED,55.0,-55.0,6.1,3.18,50.0,4.0,24.0,24.0,24.0
A549,nan,VERY FAST,MOTOR CIRCUIT,UNKNOWN,EPOXY,3.18 X 1.52 X 1.14mm,UNKNOWN,SURFACE MOUNT,NOT SPECIFIED,55.0,-55.0,6.1,3.18,50.0,5.0,24.0,24.0,24.0
A550,nan,VERY FAST,BATTERY PACK,UNKNOWN,EPOXY,3.18 X 1.52 X 1.14mm,UNKNOWN,SURFACE MOUNT,NOT SPECIFIED,55.0,-55.0,6.1,3.18,50.0,7.0,24.0,24.0,24.0
A551,Indicator Chip Very Fast Movement 7A 24V SMD Solder Pad 1206 Epoxy T/R CSA/UL,VERY FAST,BATTERY PACK,UNKNOWN,EPOXY,3.18 X 1.52 X 1.14mm,High,SURFACE MOUNT,NOT SPECIFIED,55.0,-55.0,6.1,3.18,50.0,7.0,24.0,24.0,24.0
A552,"Indicator Chip Very Fast Movement 7A 24V SMD Solder Pad 1206 Epoxy T/R CSA/UL Electric Indicator, Very Fast Blow, 7A, 24VAC, 24VDC, 35A (IR), Surface Mount, 1206",VERY FAST,BATTERY PACK,VERY FAST,EPOXY,1206,Low,SURFACE MOUNT,SURFACE MOUNT,55.0,-55.0,6.1,3.18,35.0,7.0,24.0,24.0,24.0
A553,"Indicator Chip Very Fast Movement 7A 24V SMD Solder Pad 1206 Epoxy T/R CSA/UL Electric Indicator, Very Fast Blow, 7A, 24VAC, 24VDC, 35A (IR), Surface Mount, 1206",VERY FAST,BATTERY PACK,VERY FAST,EPOXY,3.18 X 1.52 X 1.14mm,Low,SURFACE MOUNT,SURFACE MOUNT,55.0,-55.0,6.1,3.18,35.0,7.0,24.0,24.0,7.0
A554,nan,VERY FAST,MOTOR CIRCUIT,UNKNOWN,EPOXY,3.18 X 1.52 X 1.14mm,UNKNOWN,SURFACE MOUNT,NOT SPECIFIED,55.0,-55.0,6.1,3.18,50.0,1.5,63.0,63.0,63.0
A555,Indicator Chip Very Fast Movement 1.5A 63V SMD Solder Pad 1206 Epoxy T/R CSA/UL,VERY FAST,MOTOR CIRCUIT,UNKNOWN,EPOXY,3.18 X 1.52 X 1.14mm,High,SURFACE MOUNT,NOT SPECIFIED,55.0,-55.0,6.1,3.18,50.0,1.5,63.0,63.0,63.0
A556,nan,VERY FAST,MOTOR CIRCUIT,UNKNOWN,EPOXY,3.18 X 1.52 X 1.14mm,UNKNOWN,SURFACE MOUNT,NOT SPECIFIED,55.0,-55.0,6.1,3.18,50.0,2.5,32.0,32.0,32.0
A557,Indicator Chip Very Fast Movement 2.5A 32V SMD Solder Pad 1206 Epoxy T/R CSA/UL,VERY FAST,MOTOR CIRCUIT,UNKNOWN,EPOXY,3.18 X 1.52 X 1.14mm,High,SURFACE MOUNT,NOT SPECIFIED,55.0,-55.0,6.1,3.18,50.0,2.5,32.0,32.0,32.0
A558,nan,VERY FAST,MOTOR CIRCUIT,UNKNOWN,EPOXY,3.18 X 1.52 X 1.14mm,UNKNOWN,SURFACE MOUNT,NOT SPECIFIED,55.0,-55.0,6.1,3.18,50.0,1.25,63.0,63.0,63.0
A559,Indicator Chip Very Fast Movement 0.125A 125V SMD Solder Pad 1206 Epoxy T/R CSA/UL,VERY FAST,MOTOR CIRCUIT,UNKNOWN,EPOXY,3.18 X 1.52 X 1.14mm,High,SURFACE MOUNT,NOT SPECIFIED,55.0,-55.0,6.1,3.18,50.0,1.25,63.0,63.0,63.0
A560,nan,VERY FAST,MOTOR CIRCUIT,UNKNOWN,EPOXY,3.18 X 1.52 X 1.14mm,UNKNOWN,SURFACE MOUNT,NOT SPECIFIED,55.0,-55.0,6.1,3.18,50.0,1.75,63.0,63.0,63.0
A561,Indicator Chip Very Fast Movement 1.75A 63V SMD Solder Pad 1206 Epoxy T/R CSA/UL,VERY FAST,MOTOR CIRCUIT,UNKNOWN,EPOXY,3.18 X 1.52 X 1.14mm,High,SURFACE MOUNT,NOT SPECIFIED,55.0,-55.0,6.1,3.18,50.0,1.75,63.0,63.0,63.0
A562,nan,VERY FAST,MOTOR CIRCUIT,UNKNOWN,EPOXY,3.18 X 1.52 X 1.14mm,UNKNOWN,SURFACE MOUNT,NOT SPECIFIED,55.0,-55.0,6.1,3.18,50.0,0.2,125.0,125.0,125.0
A563,Indicator Chip Very Fast Movement 0.2A 125V SMD Solder Pad 1206 Epoxy T/R CSA/UL,VERY FAST,MOTOR CIRCUIT,UNKNOWN,EPOXY,3.18 X 1.52 X 1.14mm,High,SURFACE MOUNT,NOT SPECIFIED,55.0,-55.0,6.1,3.18,50.0,0.2,125.0,125.0,125.0
A564,nan,VERY FAST,MOTOR CIRCUIT,UNKNOWN,EPOXY,3.18 X 1.52 X 1.14mm,UNKNOWN,SURFACE MOUNT,NOT SPECIFIED,55.0,-55.0,6.1,3.18,50.0,0.25,125.0,125.0,125.0
A565,Indicator Chip Very Fast Movement 0.25A 125V SMD Solder Pad 1206 Epoxy T/R CSA/UL,VERY FAST,MOTOR CIRCUIT,UNKNOWN,EPOXY,3.18 X 1.52 X 1.14mm,High,SURFACE MOUNT,NOT SPECIFIED,55.0,-55.0,6.1,3.18,50.0,0.25,125.0,125.0,125.0
A566,nan,VERY FAST,MOTOR CIRCUIT,UNKNOWN,EPOXY,3.18 X 1.52 X 1.14mm,UNKNOWN,SURFACE MOUNT,NOT SPECIFIED,55.0,-55.0,6.1,3.18,50.0,0.375,125.0,125.0,125.0
A567,nan,VERY FAST,MOTOR CIRCUIT,UNKNOWN,EPOXY,3.18 X 1.52 X 1.14mm,UNKNOWN,SURFACE MOUNT,NOT SPECIFIED,55.0,-55.0,6.1,3.18,50.0,0.5,63.0,63.0,63.0
A568,Indicator Chip Very Fast Movement 0.5A 63V SMD Solder Pad 1206 Epoxy T/R CSA/UL,VERY FAST,MOTOR CIRCUIT,UNKNOWN,EPOXY,3.18 X 1.52 X 1.14mm,High,SURFACE MOUNT,NOT SPECIFIED,55.0,-55.0,6.1,3.18,50.0,0.5,63.0,63.0,63.0
A569,nan,VERY FAST,MOTOR CIRCUIT,UNKNOWN,EPOXY,3.18 X 1.52 X 1.14mm,UNKNOWN,SURFACE MOUNT,NOT SPECIFIED,55.0,-55.0,6.1,3.18,50.0,0.75,63.0,63.0,63.0
A570,Indicator Chip Very Fast Movement 0.75A 63V SMD Solder Pad 1206 Epoxy T/R CSA/UL,VERY FAST,MOTOR CIRCUIT,UNKNOWN,EPOXY,3.18 X 1.52 X 1.14mm,High,SURFACE MOUNT,NOT SPECIFIED,55.0,-55.0,6.1,3.18,50.0,0.75,63.0,63.0,63.0
A571,nan,UNKNOWN,NOT SPECIFIED,SLOW,UNKNOWN,1206,High,UNKNOWN,NOT SPECIFIED,55.0,-55.0,6.1,8.4,50.0,1.0,63.0,0.0,0.0
A572,nan,SLOW,MOTOR CIRCUIT,UNKNOWN,EPOXY,3.18 X 1.52 X 1.14mm,UNKNOWN,SURFACE MOUNT,NOT SPECIFIED,55.0,-55.0,6.1,3.18,50.0,2.0,63.0,63.0,63.0
A573,Indicator Chip Slow Blow Movement 3.15A 32V SMD Solder Pad 1206 Epoxy T/R CSA/UL Electric Indicator,SLOW,MOTOR CIRCUIT,UNKNOWN,EPOXY,3.18 X 1.52 X 1.14mm,Low,SURFACE MOUNT,NOT SPECIFIED,55.0,-55.0,6.1,3.18,50.0,3.15,32.0,0.0,32.0
A574,"Indicator 1.5A 63V Slow Blow Movement 2-Pin Electric Indicator, Time Lag Blow, 1.5A, 63VAC, 63VDC, 50A (IR), Surface Mount, 1206",SLOW,MOTOR CIRCUIT,SLOW,EPOXY,3.18 X 1.52 X 1.14mm,High,SURFACE MOUNT,SURFACE MOUNT,55.0,-55.0,6.1,3.18,50.0,1.5,63.0,63.0,1.5
A575,"Indicator Chip Slow Blow Movement 1.5A 63V SMD Solder Pad 1206 Epoxy T/R CSA Electric Indicator, Slow Blow, 1.5A, 63VAC, 63VDC, 50A (IR), Surface Mount",SLOW,MOTOR CIRCUIT,SLOW,EPOXY,3.18 X 1.52 X 1.14mm,High,SURFACE MOUNT,SURFACE MOUNT,55.0,-55.0,6.1,3.18,50.0,1.5,63.0,63.0,1.5
A576,nan,UNKNOWN,NOT SPECIFIED,UNKNOWN,UNKNOWN,NOT SPECIFIED,High,UNKNOWN,NOT SPECIFIED,55.0,-55.0,6.1,8.4,50.0,2.0,125.0,0.0,0.0
A577,nan,SLOW,MOTOR CIRCUIT,UNKNOWN,EPOXY,3.18 X 1.52 X 1.14mm,UNKNOWN,SURFACE MOUNT,NOT SPECIFIED,55.0,-55.0,6.1,3.18,50.0,0.5,63.0,63.0,63.0
A578,"Indicator Chip Slow Blow Movement 0.5A 63V SMD Solder Pad 1206 Epoxy T/R CSA/UL Electric Indicator, Slow Blow, 0.5A, 63VAC, 63VDC, 50A (IR), Surface Mount",SLOW,MOTOR CIRCUIT,SLOW,EPOXY,3.18 X 1.52 X 1.14mm,High,SURFACE MOUNT,SURFACE MOUNT,55.0,-55.0,6.1,3.18,50.0,0.5,63.0,63.0,0.5
A579,nan,UNKNOWN,MOTOR CIRCUIT,UNKNOWN,UNKNOWN,NOT SPECIFIED,UNKNOWN,UNKNOWN,NOT SPECIFIED,55.0,-55.0,6.1,8.4,50.0,2.0,125.0,0.0,0.0
A580,nan,UNKNOWN,MOTOR CIRCUIT,UNKNOWN,UNKNOWN,NOT SPECIFIED,UNKNOWN,UNKNOWN,NOT SPECIFIED,55.0,-55.0,6.1,8.4,50.0,1.5,125.0,0.0,0.0
A581,nan,UNKNOWN,MOTOR CIRCUIT,UNKNOWN,UNKNOWN,NOT SPECIFIED,UNKNOWN,UNKNOWN,NOT SPECIFIED,55.0,-55.0,6.1,8.4,50.0,0.25,125.0,0.0,0.0
A582,nan,UNKNOWN,MOTOR CIRCUIT,UNKNOWN,UNKNOWN,NOT SPECIFIED,UNKNOWN,UNKNOWN,NOT SPECIFIED,55.0,-55.0,6.1,8.4,50.0,0.375,125.0,0.0,0.0
A583,nan,UNKNOWN,MOTOR CIRCUIT,UNKNOWN,UNKNOWN,NOT SPECIFIED,UNKNOWN,UNKNOWN,NOT SPECIFIED,55.0,-55.0,6.1,8.4,50.0,0.75,125.0,0.0,0.0
A584,nan,UNKNOWN,NOT SPECIFIED,VERY FAST,UNKNOWN,NOT SPECIFIED,High,UNKNOWN,SURFACE MOUNT,55.0,-55.0,6.1,8.4,50.0,1.0,63.0,63.0,63.0
A585,"Indicator Chip Very Fast Movement 1A 63V SMD Solder Pad 1206 Epoxy T/R CSA/UL Electric Indicator, Very Fast Blow, 1A, 63VAC, 63VDC, 50A (IR), Surface Mount",VERY FAST,BATTERY PACK,VERY FAST,EPOXY,3.18 X 1.52 X 0.58mm,High,SURFACE MOUNT,SURFACE MOUNT,55.0,-55.0,6.1,3.18,50.0,1.0,63.0,63.0,63.0
A586,nan,UNKNOWN,NOT SPECIFIED,VERY FAST,UNKNOWN,NOT SPECIFIED,High,UNKNOWN,SURFACE MOUNT,55.0,-55.0,6.1,8.4,50.0,2.0,63.0,63.0,63.0
A587,nan,VERY FAST,BATTERY PACK,UNKNOWN,EPOXY,3.18 X 1.52 X 0.58mm,UNKNOWN,SURFACE MOUNT,NOT SPECIFIED,55.0,-55.0,6.1,3.18,50.0,2.0,63.0,63.0,63.0
A588,"Indicator Chip Very Fast Movement 2A 63V SMD Solder Pad 1206 Epoxy T/R CSA/UL Electric Indicator, Very Fast Blow, 2A, 63VAC, 63VDC, 50A (IR), Surface Mount",VERY FAST,BATTERY PACK,VERY FAST,EPOXY,3.18 X 1.52 X 0.58mm,High,SURFACE MOUNT,SURFACE MOUNT,55.0,-55.0,6.1,3.18,50.0,2.0,63.0,63.0,63.0
A589,nan,UNKNOWN,NOT SPECIFIED,VERY FAST,UNKNOWN,NOT SPECIFIED,High,UNKNOWN,SURFACE MOUNT,55.0,-55.0,6.1,8.4,50.0,3.0,32.0,0.0,32.0
A590,"Indicator Chip Very Fast Movement 3A 32V SMD Solder Pad 1206 Epoxy T/R CSA/UL Electric Indicator, Very Fast Blow, 3A, 32VAC, 32VDC, 50A (IR), Surface Mount",VERY FAST,BATTERY PACK,VERY FAST,EPOXY,3.18 X 1.52 X 0.58mm,High,SURFACE MOUNT,SURFACE MOUNT,55.0,-55.0,6.1,3.18,50.0,3.0,32.0,32.0,32.0
A591,nan,UNKNOWN,NOT SPECIFIED,VERY FAST,UNKNOWN,NOT SPECIFIED,High,UNKNOWN,SURFACE MOUNT,55.0,-55.0,6.1,8.4,50.0,4.0,24.0,0.0,24.0
A592,"Indicator Chip Very Fast Movement 4A 24V SMD Solder Pad 1206 Epoxy T/R CSA/UL Electric Indicator, Very Fast Blow, 4A, 24VAC, 24VDC, 50A (IR), Surface Mount",VERY FAST,BATTERY PACK,VERY FAST,EPOXY,3.18 X 1.52 X 0.58mm,High,SURFACE MOUNT,SURFACE MOUNT,55.0,-55.0,6.1,3.18,50.0,4.0,24.0,24.0,24.0
A593,nan,UNKNOWN,NOT SPECIFIED,VERY FAST,UNKNOWN,NOT SPECIFIED,High,UNKNOWN,SURFACE MOUNT,55.0,-55.0,6.1,8.4,50.0,5.0,24.0,0.0,24.0
A594,"Indicator Chip Very Fast Movement 5A 24V SMD Solder Pad 1206 Epoxy T/R CSA/UL Electric Indicator, Very Fast Blow, 5A, 24VAC, 24VDC, 50A (IR), Surface Mount",VERY FAST,BATTERY PACK,VERY FAST,EPOXY,3.18 X 1.52 X 0.58mm,High,SURFACE MOUNT,SURFACE MOUNT,55.0,-55.0,6.1,3.18,50.0,5.0,24.0,24.0,24.0
A595,nan,UNKNOWN,NOT SPECIFIED,VERY FAST,UNKNOWN,NOT SPECIFIED,High,UNKNOWN,SURFACE MOUNT,55.0,-55.0,6.1,8.4,50.0,7.0,24.0,0.0,24.0
A596,"Indicator Chip Very Fast Movement 1.5A 63V SMD Solder Pad 1206 Epoxy CSA/UL Electric Indicator, Very Fast Blow, 1.5A, 63VAC, 63VDC, 50A (IR), Surface Mount, 1206",VERY FAST,BATTERY PACK,VERY FAST,EPOXY,3.18 X 1.52mm,High,SURFACE MOUNT,SURFACE MOUNT,55.0,-55.0,6.1,3.18,50.0,1.5,63.0,63.0,63.0
A597,"Indicator Chip Very Fast Movement 1.5A 63V SMD Solder Pad 1206 Epoxy T/R CSA Electric Indicator, Very Fast Blow, 1.5A, 63VAC, 63VDC, 50A (IR), Surface Mount, 1206",VERY FAST,BATTERY PACK,VERY FAST,EPOXY,3.18 X 1.52 X 0.58mm,High,SURFACE MOUNT,SURFACE MOUNT,55.0,-55.0,6.1,3.18,50.0,1.5,63.0,63.0,63.0
A598,"Indicator Chip Very Fast Movement 2.5A 32V SMD Solder Pad 1206 Epoxy T/R CSA/UL Electric Indicator, Very Fast Blow, 2.5A, 32VAC, 32VDC, 50A (IR), Surface Mount",VERY FAST,BATTERY PACK,VERY FAST,EPOXY,3.18 X 1.52 X 0.58mm,High,SURFACE MOUNT,SURFACE MOUNT,55.0,-55.0,6.1,3.18,50.0,2.5,32.0,32.0,32.0
A599,"Indicator 0.125A 125V Very Fast Movement 2-Pin SMD Electric Indicator, Very Fast Blow, 1.25A, 63VAC, 63VDC, 50A (IR), Surface Mount",VERY FAST,BATTERY PACK,VERY FAST,EPOXY,3.18 X 1.52mm,High,UNKNOWN,SURFACE MOUNT,55.0,-55.0,6.1,8.4,0.125,1.25,63.0,63.0,63.0
A600,nan,VERY FAST,BATTERY PACK,UNKNOWN,EPOXY,3.18 X 1.52 X 0.58mm,UNKNOWN,SURFACE MOUNT,NOT SPECIFIED,55.0,-55.0,6.1,3.18,50.0,0.125,125.0,125.0,125.0
A601,"Indicator Chip Very Fast Movement 0.125A 125V SMD Solder Pad 1206 Epoxy T/R CSA Electric Indicator, Very Fast Blow, 0.125A, 125VAC, 125VDC, 50A (IR), Surface Mount",VERY FAST,BATTERY PACK,VERY FAST,EPOXY,3.18 X 1.52 X 0.58mm,High,SURFACE MOUNT,SURFACE MOUNT,55.0,-55.0,6.1,3.18,0.125,1.25,63.0,125.0,63.0
A602,nan,UNKNOWN,NOT SPECIFIED,VERY FAST,UNKNOWN,NOT SPECIFIED,High,UNKNOWN,SURFACE MOUNT,55.0,-55.0,6.1,8.4,50.0,1.75,63.0,63.0,63.0
A603,"Indicator Chip Very Fast Movement 1.75A 63V SMD Solder Pad 1206 Epoxy T/R CSA/UL Electric Indicator, Very Fast Blow, 1.75A, 63VAC, 63VDC, 50A (IR), Surface Mount",VERY FAST,BATTERY PACK,VERY FAST,EPOXY,3.18 X 1.52 X 0.58mm,High,SURFACE MOUNT,SURFACE MOUNT,55.0,-55.0,6.1,3.18,50.0,1.75,63.0,63.0,63.0
A604,nan,UNKNOWN,NOT SPECIFIED,VERY FAST,UNKNOWN,NOT SPECIFIED,High,UNKNOWN,SURFACE MOUNT,55.0,-55.0,6.1,8.4,50.0,0.2,125.0,125.0,125.0
A605,nan,VERY FAST,BATTERY PACK,UNKNOWN,EPOXY,3.18 X 1.52 X 0.58mm,UNKNOWN,SURFACE MOUNT,NOT SPECIFIED,55.0,-55.0,6.1,3.18,50.0,0.2,125.0,125.0,125.0
A606,"Indicator Chip Very Fast Movement 0.2A 125V SMD Solder Pad 1206 Epoxy T/R CSA/UL Electric Indicator, Very Fast Blow, 0.2A, 125VAC, 125VDC, 50A (IR), Surface Mount",VERY FAST,BATTERY PACK,VERY FAST,EPOXY,3.18 X 1.52 X 0.58mm,High,SURFACE MOUNT,SURFACE MOUNT,55.0,-55.0,6.1,3.18,50.0,0.2,125.0,125.0,125.0
A607,nan,VERY FAST,BATTERY PACK,UNKNOWN,EPOXY,3.18 X 1.52mm,UNKNOWN,UNKNOWN,NOT SPECIFIED,55.0,-55.0,6.1,8.4,50.0,0.25,125.0,125.0,125.0
A608,"Indicator Chip Very Fast Movement 0.25A 125V SMD Solder Pad 1206 Epoxy T/R CSA Electric Indicator, Very Fast Blow, 0.25A, 125VAC, 125VDC, 50A (IR), Surface Mount",VERY FAST,BATTERY PACK,VERY FAST,EPOXY,3.18 X 1.52 X 0.58mm,High,SURFACE MOUNT,SURFACE MOUNT,55.0,-55.0,6.1,3.18,50.0,0.25,125.0,125.0,125.0
A609,nan,UNKNOWN,NOT SPECIFIED,VERY FAST,UNKNOWN,NOT SPECIFIED,High,UNKNOWN,SURFACE MOUNT,55.0,-55.0,6.1,8.4,50.0,0.375,125.0,125.0,125.0
A610,nan,VERY FAST,BATTERY PACK,UNKNOWN,EPOXY,3.18 X 1.52 X 0.58mm,UNKNOWN,SURFACE MOUNT,NOT SPECIFIED,55.0,-55.0,6.1,3.18,50.0,0.375,125.0,125.0,125.0
A611,"Indicator Chip Very Fast Movement 0.375A 125V SMD Solder Pad 1206 Epoxy T/R CSA/UL Electric Indicator, Very Fast Blow, 0.375A, 125VAC, 125VDC, 50A (IR), Surface Mount",VERY FAST,BATTERY PACK,VERY FAST,EPOXY,3.18 X 1.52 X 0.58mm,High,SURFACE MOUNT,SURFACE MOUNT,55.0,-55.0,6.1,3.18,50.0,0.375,125.0,125.0,125.0
A612,"Indicator Chip Very Fast Movement 0.5A 63V SMD Solder Pad 1206 Epoxy T/R CSA/UL Electric Indicator, Very Fast Blow, 0.5A, 63VAC, 63VDC, 50A (IR), Surface Mount",VERY FAST,BATTERY PACK,VERY FAST,EPOXY,3.18 X 1.52 X 0.58mm,High,SURFACE MOUNT,SURFACE MOUNT,55.0,-55.0,6.1,3.18,50.0,0.5,63.0,63.0,63.0
A613,"Indicator Chip Very Fast Movement 0.6A 63V SMD Solder Pad 1206 Epoxy T/R CSA/UL Electric Indicator, Very Fast Blow, 0.6A, 63VAC, 63VDC, 50A (IR), Surface Mount",VERY FAST,BATTERY PACK,VERY FAST,EPOXY,3.18 X 1.52 X 0.58mm,High,SURFACE MOUNT,SURFACE MOUNT,55.0,-55.0,6.1,3.18,50.0,0.6,63.0,63.0,63.0
A614,"Indicator Chip Very Fast Movement 0.75A 63V SMD Solder Pad 1206 Epoxy T/R CSA/UL Electric Indicator, Very Fast Blow, 0.75A, 63VAC, 63VDC, 50A (IR), Surface Mount, 1206",VERY FAST,BATTERY PACK,VERY FAST,EPOXY,3.18 X 1.52 X 0.58mm,High,SURFACE MOUNT,SURFACE MOUNT,55.0,-55.0,6.1,3.18,50.0,0.75,63.0,63.0,63.0
A615,"Indicator Chip Very Fast Movement 0.8A 63V SMD Solder Pad 1206 Epoxy T/R CSA/UL Electric Indicator, Very Fast Blow, 0.8A, 63VAC, 63VDC, 50A (IR), Surface Mount",VERY FAST,BATTERY PACK,VERY FAST,EPOXY,3.18 X 1.52 X 0.58mm,High,SURFACE MOUNT,SURFACE MOUNT,55.0,-55.0,6.1,3.18,50.0,0.8,63.0,63.0,63.0
A616,nan,UNKNOWN,NOT SPECIFIED,VERY FAST,UNKNOWN,NOT SPECIFIED,High,UNKNOWN,SURFACE MOUNT,55.0,-55.0,6.1,8.4,50.0,1.0,32.0,0.0,32.0
A617,"Indicator Chip Very Fast Movement 1A 32V SMD Solder Pad 0603 Epoxy T/R CSA/UL Electric Indicator, Very Fast Blow, 1A, 32VAC, 32VDC, 50A (IR), Surface Mount",VERY FAST,BATTERY PACK,VERY FAST,EPOXY,1.6 X 0.81 X 0.31mm,High,SURFACE MOUNT,SURFACE MOUNT,55.0,-55.0,6.1,1.6,50.0,1.0,32.0,32.0,32.0
A618,Indicator Chip Very Fast Movement 1A 32V SMD Solder Pad 0603 Epoxy T/R CSA/UL,VERY FAST,BATTERY PACK,UNKNOWN,EPOXY,1.6 X 0.81 X 0.31mm,High,SURFACE MOUNT,NOT SPECIFIED,55.0,-55.0,6.1,1.6,50.0,1.0,32.0,32.0,32.0
A619,nan,UNKNOWN,NOT SPECIFIED,VERY FAST,UNKNOWN,NOT SPECIFIED,High,UNKNOWN,SURFACE MOUNT,55.0,-55.0,6.1,8.4,35.0,2.0,32.0,0.0,32.0
A620,"Indicator Chip Very Fast Movement 2A 32V SMD Solder Pad 0603 Epoxy T/R CSA/UL Electric Indicator, Very Fast Blow, 2A, 32VAC, 32VDC, 35A (IR), Surface Mount",VERY FAST,BATTERY PACK,VERY FAST,EPOXY,1.6 X 0.81 X 0.31mm,High,SURFACE MOUNT,SURFACE MOUNT,55.0,-55.0,6.1,1.6,35.0,2.0,32.0,32.0,32.0
A621,Indicator Chip Very Fast Movement 2A 32V SMD Solder Pad 0603 Epoxy T/R CSA/UL,VERY FAST,BATTERY PACK,UNKNOWN,EPOXY,1.6 X 0.81 X 0.31mm,High,SURFACE MOUNT,NOT SPECIFIED,55.0,-55.0,6.1,1.6,50.0,2.0,32.0,32.0,32.0
A622,nan,UNKNOWN,NOT SPECIFIED,VERY FAST,UNKNOWN,NOT SPECIFIED,High,UNKNOWN,SURFACE MOUNT,55.0,-55.0,6.1,8.4,35.0,3.0,32.0,0.0,32.0
A623,"Indicator Chip Very Fast Movement 3A 32V SMD Solder Pad 0603 Epoxy T/R CSA/UL Electric Indicator, Very Fast Blow, 3A, 32VAC, 32VDC, 35A (IR), Surface Mount",VERY FAST,BATTERY PACK,VERY FAST,EPOXY,1.6 X 0.81 X 0.31mm,High,SURFACE MOUNT,SURFACE MOUNT,55.0,-55.0,6.1,1.6,35.0,3.0,32.0,32.0,32.0
A624,Indicator Chip Very Fast Movement 3A 32V SMD Solder Pad 0603 Epoxy T/R CSA/UL,VERY FAST,BATTERY PACK,UNKNOWN,EPOXY,1.6 X 0.81 X 0.31mm,High,SURFACE MOUNT,NOT SPECIFIED,55.0,-55.0,6.1,1.6,50.0,3.0,32.0,32.0,32.0
A625,nan,UNKNOWN,NOT SPECIFIED,VERY FAST,UNKNOWN,NOT SPECIFIED,High,UNKNOWN,SURFACE MOUNT,55.0,-55.0,6.1,8.4,35.0,4.0,32.0,0.0,32.0
A626,"Indicator Chip Very Fast Movement 4A 32V SMD Solder Pad 0603 Epoxy T/R CSA/UL Electric Indicator, Very Fast Blow, 4A, 32VAC, 32VDC, 35A (IR), Surface Mount",VERY FAST,BATTERY PACK,VERY FAST,EPOXY,1.6 X 0.81 X 0.31mm,High,SURFACE MOUNT,SURFACE MOUNT,55.0,-55.0,6.1,1.6,35.0,4.0,32.0,32.0,32.0
A627,Indicator Chip Very Fast Movement 4A 32V SMD Solder Pad 0603 Epoxy T/R CSA/UL,VERY FAST,BATTERY PACK,UNKNOWN,EPOXY,1.6 X 0.81 X 0.31mm,High,SURFACE MOUNT,NOT SPECIFIED,55.0,-55.0,6.1,1.6,50.0,4.0,32.0,32.0,32.0
A628,nan,UNKNOWN,NOT SPECIFIED,VERY FAST,UNKNOWN,NOT SPECIFIED,High,UNKNOWN,SURFACE MOUNT,55.0,-55.0,6.1,8.4,35.0,5.0,32.0,0.0,32.0
A629,"Indicator Chip Very Fast Movement 5A 32V SMD Solder Pad 0603 Epoxy T/R CSA/UL Electric Indicator, Very Fast Blow, 5A, 32VAC, 32VDC, 35A (IR), Surface Mount",VERY FAST,BATTERY PACK,VERY FAST,EPOXY,1.6 X 0.81 X 0.31mm,High,SURFACE MOUNT,SURFACE MOUNT,55.0,-55.0,6.1,1.6,35.0,5.0,32.0,32.0,32.0
A630,Indicator Chip Very Fast Movement 5A 32V SMD Solder Pad 0603 Epoxy T/R CSA/UL,VERY FAST,BATTERY PACK,UNKNOWN,EPOXY,1.6 X 0.81 X 0.31mm,High,SURFACE MOUNT,NOT SPECIFIED,55.0,-55.0,6.1,1.6,50.0,5.0,32.0,32.0,32.0
A631,"Indicator Chip Very Fast Movement 1.5A 32V SMD Solder Pad 0603 Epoxy T/R CSA/UL Electric Indicator, Very Fast Blow, 1.5A, 32VAC, 32VDC, 35A (IR), Supplemental, Surface Mount, 0603",VERY FAST,BATTERY PACK,VERY FAST,EPOXY,603,High,SURFACE MOUNT,SURFACE MOUNT,55.0,-55.0,6.1,1.6,35.0,1.5,32.0,32.0,32.0
A632,Indicator Chip Very Fast Movement 1.5A 32V SMD Solder Pad 0603 Epoxy T/R CSA/UL,VERY FAST,BATTERY PACK,UNKNOWN,EPOXY,1.6 X 0.81 X 0.31mm,High,SURFACE MOUNT,NOT SPECIFIED,55.0,-55.0,6.1,1.6,50.0,1.5,32.0,32.0,32.0
A633,nan,UNKNOWN,NOT SPECIFIED,VERY FAST,UNKNOWN,NOT SPECIFIED,High,UNKNOWN,SURFACE MOUNT,55.0,-55.0,6.1,8.4,35.0,2.5,32.0,0.0,32.0
A634,"Indicator Chip Very Fast Movement 2.5A 32V SMD Solder Pad 0603 Epoxy T/R CSA/UL Electric Indicator, Very Fast Blow, 2.5A, 32VAC, 32VDC, 35A (IR), Surface Mount",VERY FAST,BATTERY PACK,VERY FAST,EPOXY,1.6 X 0.81 X 0.31mm,High,SURFACE MOUNT,SURFACE MOUNT,55.0,-55.0,6.1,1.6,35.0,2.5,32.0,32.0,32.0
A635,Indicator Chip Very Fast Movement 2.5A 32V SMD Solder Pad 0603 Epoxy T/R CSA/UL,VERY FAST,BATTERY PACK,UNKNOWN,EPOXY,1.6 X 0.81 X 0.31mm,High,SURFACE MOUNT,NOT SPECIFIED,55.0,-55.0,6.1,1.6,50.0,2.5,32.0,32.0,32.0
A636,"Indicator Chip Very Fast Movement 3.5A 32V SMD Solder Pad 0603 Epoxy T/R CSA/UL Electric Indicator, Very Fast Blow, 3.5A, 32VAC, 32VDC, 35A (IR), Surface Mount",VERY FAST,BATTERY PACK,VERY FAST,EPOXY,1.6 X 0.81 X 0.31mm,High,SURFACE MOUNT,SURFACE MOUNT,55.0,-55.0,6.1,1.6,35.0,3.5,32.0,32.0,32.0
A637,Indicator Chip Very Fast Movement 3.5A 32V SMD Solder Pad 0603 Epoxy T/R CSA/UL,VERY FAST,BATTERY PACK,UNKNOWN,EPOXY,1.6 X 0.81 X 0.31mm,High,SURFACE MOUNT,NOT SPECIFIED,55.0,-55.0,6.1,1.6,50.0,3.5,32.0,32.0,32.0
A638,nan,UNKNOWN,NOT SPECIFIED,VERY FAST,UNKNOWN,NOT SPECIFIED,High,UNKNOWN,SURFACE MOUNT,55.0,-55.0,6.1,8.4,35.0,1.25,32.0,0.0,32.0
A639,"Indicator Chip Very Fast Movement 1.25A 32V SMD Solder Pad 0603 Epoxy T/R CSA/UL Electric Indicator, Very Fast Blow, 1.25A, 32VAC, 32VDC, 35A (IR), Surface Mount",VERY FAST,BATTERY PACK,VERY FAST,EPOXY,1.6 X 0.81 X 0.31mm,High,SURFACE MOUNT,SURFACE MOUNT,55.0,-55.0,6.1,1.6,35.0,1.25,32.0,32.0,32.0
A640,Indicator Chip Very Fast Movement 1.25A 32V SMD Solder Pad 0603 Epoxy T/R CSA/UL,VERY FAST,BATTERY PACK,UNKNOWN,EPOXY,1.6 X 0.81 X 0.31mm,High,SURFACE MOUNT,NOT SPECIFIED,55.0,-55.0,6.1,1.6,50.0,1.25,32.0,32.0,32.0
A641,"Indicator Chip Very Fast Movement 1.75A 32V SMD Solder Pad 0603 Epoxy T/R CSA/UL Electric Indicator, Very Fast Blow, 1.75A, 32VAC, 32VDC, 35A (IR), Surface Mount",VERY FAST,BATTERY PACK,VERY FAST,EPOXY,1.6 X 0.81 X 0.31mm,High,SURFACE MOUNT,SURFACE MOUNT,55.0,-55.0,6.1,1.6,35.0,1.75,32.0,32.0,32.0
A642,Indicator Chip Very Fast Movement 1.75A 32V SMD Solder Pad 0603 Epoxy T/R CSA/UL,VERY FAST,BATTERY PACK,UNKNOWN,EPOXY,1.6 X 0.81 X 0.31mm,High,SURFACE MOUNT,NOT SPECIFIED,55.0,-55.0,6.1,1.6,50.0,1.75,32.0,32.0,32.0
A643,nan,VERY FAST,BATTERY PACK,UNKNOWN,EPOXY,1.6 X 0.81 X 0.31mm,UNKNOWN,UNKNOWN,NOT SPECIFIED,55.0,-55.0,6.1,8.4,50.0,0.25,32.0,32.0,32.0
A644,"Indicator Chip Very Fast Movement 0.25A 32V SMD Solder Pad 0603 Epoxy T/R CSA Electric Indicator, Very Fast Blow, 0.25A, 32VAC, 32VDC, 50A (IR), Surface Mount",VERY FAST,BATTERY PACK,VERY FAST,EPOXY,1.6 X 0.81 X 0.31mm,High,SURFACE MOUNT,SURFACE MOUNT,55.0,-55.0,6.1,1.6,50.0,0.25,32.0,32.0,32.0
A645,Indicator Chip Very Fast Movement 0.25A 32V SMD Solder Pad 0603 Epoxy T/R CSA,VERY FAST,BATTERY PACK,UNKNOWN,EPOXY,1.6 X 0.81 X 0.31mm,High,SURFACE MOUNT,NOT SPECIFIED,55.0,-55.0,6.1,1.6,50.0,0.25,32.0,32.0,32.0
A646,nan,UNKNOWN,NOT SPECIFIED,VERY FAST,UNKNOWN,NOT SPECIFIED,High,UNKNOWN,SURFACE MOUNT,55.0,-55.0,6.1,8.4,50.0,0.375,32.0,0.0,32.0
A647,"Indicator Chip Very Fast Movement 0.375A 32V SMD Solder Pad 0603 Epoxy T/R CSA/UL Electric Indicator, Very Fast Blow, 0.375A, 32VAC, 32VDC, 50A (IR), Supplemental, Surface Mount, 0603",VERY FAST,BATTERY PACK,VERY FAST,EPOXY,603,High,SURFACE MOUNT,SURFACE MOUNT,55.0,-55.0,6.1,1.6,50.0,0.375,32.0,32.0,32.0
A648,Indicator Chip Very Fast Movement 0.375A 32V SMD Solder Pad 0603 Epoxy T/R CSA/UL,VERY FAST,BATTERY PACK,UNKNOWN,EPOXY,1.6 X 0.81 X 0.31mm,High,SURFACE MOUNT,NOT SPECIFIED,55.0,-55.0,6.1,1.6,50.0,0.375,32.0,32.0,32.0
A649,nan,VERY FAST,HEIGHT CRITICAL APPLICATIONS,UNKNOWN,EPOXY,1.6 X 0.81 X 0.31mm,UNKNOWN,UNKNOWN,NOT SPECIFIED,55.0,-55.0,6.1,8.4,50.0,0.5,32.0,32.0,0.0
A650,nan,VERY FAST,BATTERY PACK,UNKNOWN,EPOXY,1.6 X 0.81 X 0.31mm,UNKNOWN,UNKNOWN,NOT SPECIFIED,55.0,-55.0,6.1,8.4,50.0,0.5,32.0,32.0,32.0
A651,"Indicator Chip Very Fast Movement 0.5A 32V SMD Solder Pad 0603 Epoxy T/R CSA Electric Indicator, Very Fast Blow, 0.5A, 32VAC, 32VDC, 50A (IR), Surface Mount",VERY FAST,BATTERY PACK,VERY FAST,EPOXY,1.6 X 0.81 X 0.31mm,High,SURFACE MOUNT,SURFACE MOUNT,55.0,-55.0,6.1,1.6,50.0,0.5,32.0,32.0,32.0
A652,Indicator Chip Very Fast Movement 0.5A 32V SMD Solder Pad 0603 Epoxy T/R CSA,VERY FAST,BATTERY PACK,UNKNOWN,EPOXY,1.6 X 0.81 X 0.31mm,High,SURFACE MOUNT,NOT SPECIFIED,55.0,-55.0,6.1,1.6,50.0,0.5,32.0,32.0,32.0
A653,"Indicator Chip Very Fast Movement 0.68A 32V SMD Solder Pad 0603 Epoxy T/R CSA/UL Electric Indicator, Very Fast Blow, 0.68A, 32VAC, 32VDC, 50A (IR), Surface Mount",VERY FAST,BATTERY PACK,VERY FAST,EPOXY,1.6 X 0.81 X 0.31mm,High,SURFACE MOUNT,SURFACE MOUNT,55.0,-55.0,6.1,1.6,50.0,0.68,32.0,32.0,32.0
A654,Indicator Chip Very Fast Movement 0.68A 32V SMD Solder Pad 0603 Epoxy T/R CSA/UL,VERY FAST,BATTERY PACK,UNKNOWN,EPOXY,1.6 X 0.81 X 0.31mm,High,SURFACE MOUNT,NOT SPECIFIED,55.0,-55.0,6.1,1.6,50.0,0.68,32.0,32.0,32.0
A655,nan,VERY FAST,BATTERY PACK,UNKNOWN,EPOXY,1.6 X 0.81 X 0.31mm,UNKNOWN,UNKNOWN,NOT SPECIFIED,55.0,-55.0,6.1,8.4,50.0,0.75,32.0,32.0,32.0
A656,"Indicator Chip Very Fast Movement 0.75A 32V SMD Solder Pad 0603 Epoxy T/R CSA Electric Indicator, Very Fast Blow, 0.75A, 32VAC, 32VDC, 50A (IR), Surface Mount",VERY FAST,BATTERY PACK,VERY FAST,EPOXY,1.6 X 0.81 X 0.31mm,High,SURFACE MOUNT,SURFACE MOUNT,55.0,-55.0,6.1,1.6,50.0,0.75,32.0,32.0,32.0
A657,Indicator Chip Very Fast Movement 0.75A 32V SMD Solder Pad 0603 Epoxy T/R CSA,VERY FAST,BATTERY PACK,UNKNOWN,EPOXY,1.6 X 0.81 X 0.31mm,High,SURFACE MOUNT,NOT SPECIFIED,55.0,-55.0,6.1,1.6,50.0,0.75,32.0,32.0,32.0
A658,"Indicator Chip Very Fast Movement 1A 32V SMD Solder Pad 0402 Epoxy Glass T/R CSA Electric Indicator, Fast Blow, 1A, 32VDC, 35A (IR), Surface Mount, 0402",VERY FAST,BATTERY PACK,FAST,EPOXY,1.04 X 0.56 X 0.38mm,Low,SURFACE MOUNT,SURFACE MOUNT,55.0,-55.0,6.1,1.04,35.0,1.0,32.0,0.0,32.0
A659,"Indicator Chip Very Fast Movement 1A 32V SMD Solder Pad 0402 Epoxy Glass T/R CSA Electric Indicator, Very Fast Blow, 1A, 32VDC, 35A (IR), Surface Mount, NANO",VERY FAST,BATTERY PACK,VERY FAST,EPOXY,NANO,Low,SURFACE MOUNT,SURFACE MOUNT,55.0,-55.0,6.1,1.04,35.0,1.0,32.0,0.0,32.0
A660,nan,UNKNOWN,NOT SPECIFIED,VERY FAST,UNKNOWN,NOT SPECIFIED,Low,UNKNOWN,SURFACE MOUNT,55.0,-55.0,6.1,8.4,35.0,2.0,125.0,0.0,24.0
A661,"Indicator Chip Very Fast Movement 2A 32V SMD Solder Pad 0402 Epoxy Glass T/R CSA Electric Indicator, Fast Blow, 2A, 32VDC, 35A (IR), Surface Mount",VERY FAST,BATTERY PACK,FAST,EPOXY,1.04 X 0.56 X 0.38mm,Low,SURFACE MOUNT,SURFACE MOUNT,55.0,-55.0,6.1,1.04,35.0,2.0,32.0,0.0,32.0
A662,"Indicator Chip Very Fast Movement 2A 32V SMD Solder Pad 0402 Epoxy Glass T/R CSA Electric Indicator, Very Fast Blow, 2A, 32VDC, 35A (IR), Surface Mount, NANO",VERY FAST,BATTERY PACK,VERY FAST,EPOXY,NANO,Low,SURFACE MOUNT,SURFACE MOUNT,55.0,-55.0,6.1,1.04,35.0,2.0,32.0,0.0,32.0
A663,"Indicator Chip Very Fast Movement 3A 32V SMD Solder Pad 0402 Epoxy Glass T/R CSA Electric Indicator, Fast Blow, 3A, 32VDC, Surface Mount",VERY FAST,BATTERY PACK,FAST,EPOXY,1.04 X 0.56 X 0.38mm,Low,SURFACE MOUNT,SURFACE MOUNT,55.0,-55.0,6.1,1.04,50.0,3.0,32.0,0.0,32.0
A664,"Indicator Chip Very Fast Movement 3A 32V SMD Solder Pad 0402 Epoxy Glass T/R CSA Electric Indicator, Very Fast Blow, 3A, 32VDC, 35A (IR), Surface Mount, NANO",VERY FAST,BATTERY PACK,VERY FAST,EPOXY,NANO,Low,SURFACE MOUNT,SURFACE MOUNT,55.0,-55.0,6.1,1.04,35.0,3.0,32.0,0.0,32.0
A665,"Indicator Chip Very Fast Movement 4A 32V SMD Solder Pad 0402 Epoxy Glass T/R CSA Electric Indicator, Fast Blow, 4A, 32VDC, Surface Mount",VERY FAST,BATTERY PACK,FAST,EPOXY,1.04 X 0.56 X 0.38mm,Low,SURFACE MOUNT,SURFACE MOUNT,55.0,-55.0,6.1,1.04,50.0,4.0,32.0,0.0,32.0
A666,"Indicator Chip Very Fast Movement 4A 32V SMD Solder Pad 0402 Epoxy Glass T/R CSA Electric Indicator, Very Fast Blow, 4A, 32VDC, 35A (IR), Surface Mount, NANO",VERY FAST,BATTERY PACK,VERY FAST,EPOXY,NANO,Low,SURFACE MOUNT,SURFACE MOUNT,55.0,-55.0,6.1,1.04,35.0,4.0,32.0,0.0,32.0
A667,"Indicator Chip Very Fast Movement 5A 32V SMD Solder Pad 0402 Epoxy Glass T/R CSA Electric Indicator, Fast Blow, 5A, 32VDC, Surface Mount",VERY FAST,BATTERY PACK,FAST,EPOXY,1.04 X 0.56 X 0.38mm,Low,SURFACE MOUNT,SURFACE MOUNT,55.0,-55.0,6.1,1.04,50.0,5.0,32.0,0.0,32.0
A668,"Indicator Chip Very Fast Movement 5A 32V SMD Solder Pad 0402 Epoxy Glass T/R CSA Electric Indicator, Very Fast Blow, 5A, 32VDC, 35A (IR), Surface Mount, NANO",VERY FAST,BATTERY PACK,VERY FAST,EPOXY,NANO,Low,SURFACE MOUNT,SURFACE MOUNT,55.0,-55.0,6.1,1.04,35.0,5.0,32.0,0.0,32.0
A669,nan,UNKNOWN,NOT SPECIFIED,VERY FAST,UNKNOWN,NOT SPECIFIED,Low,UNKNOWN,SURFACE MOUNT,55.0,-55.0,6.1,8.4,35.0,1.5,125.0,0.0,24.0
A670,"Indicator Chip Very Fast Movement 1.5A 32V SMD Solder Pad 0402 Epoxy Glass T/R CSA Electric Indicator, Fast Blow, 1.5A, 32VDC, 35A (IR), Surface Mount",VERY FAST,BATTERY PACK,FAST,EPOXY,1.04 X 0.56 X 0.38mm,Low,SURFACE MOUNT,SURFACE MOUNT,55.0,-55.0,6.1,1.04,35.0,1.5,32.0,0.0,32.0
A671,"Indicator Chip Very Fast Movement 1.5A 32V SMD Solder Pad 0402 Epoxy Glass T/R CSA Electric Indicator, Very Fast Blow, 1.5A, 32VDC, 35A (IR), Surface Mount",VERY FAST,BATTERY PACK,VERY FAST,EPOXY,1.04 X 0.56 X 0.38mm,Low,SURFACE MOUNT,SURFACE MOUNT,55.0,-55.0,6.1,1.04,35.0,1.5,32.0,0.0,32.0
A672,"Indicator Chip Very Fast Movement 2.5A 32V SMD Solder Pad 0402 Epoxy Glass T/R CSA Electric Indicator, Fast Blow, 2.5A, 32VDC, Surface Mount",VERY FAST,BATTERY PACK,FAST,EPOXY,1.04 X 0.56 X 0.38mm,Low,SURFACE MOUNT,SURFACE MOUNT,55.0,-55.0,6.1,1.04,50.0,2.5,32.0,0.0,32.0
A673,"Indicator Chip Very Fast Movement 2.5A 32V SMD Solder Pad 0402 Epoxy Glass T/R CSA Electric Indicator, Very Fast Blow, 2.5A, 32VDC, 35A (IR), Surface Mount, NANO",VERY FAST,BATTERY PACK,VERY FAST,EPOXY,NANO,Low,SURFACE MOUNT,SURFACE MOUNT,55.0,-55.0,6.1,1.04,35.0,2.5,32.0,0.0,32.0
A674,"Indicator Chip Very Fast Movement 3.5A 32V SMD Solder Pad 0402 Epoxy Glass T/R CSA Electric Indicator, Fast Blow, 3.5A, 32VDC, Surface Mount",VERY FAST,BATTERY PACK,FAST,EPOXY,1.04 X 0.56 X 0.38mm,Low,SURFACE MOUNT,SURFACE MOUNT,55.0,-55.0,6.1,1.04,50.0,3.5,32.0,0.0,32.0
A675,"Indicator Chip Very Fast Movement 3.5A 32V SMD Solder Pad 0402 Epoxy Glass T/R CSA Electric Indicator, Very Fast Blow, 3.5A, 32VDC, 35A (IR), Surface Mount, NANO",VERY FAST,BATTERY PACK,VERY FAST,EPOXY,NANO,Low,SURFACE MOUNT,SURFACE MOUNT,55.0,-55.0,6.1,1.04,35.0,3.5,32.0,0.0,32.0
A676,nan,UNKNOWN,NOT SPECIFIED,VERY FAST,UNKNOWN,NOT SPECIFIED,Low,UNKNOWN,SURFACE MOUNT,55.0,-55.0,6.1,8.4,35.0,1.25,125.0,0.0,24.0
A677,"Indicator Chip Very Fast Movement 1.25A 32V SMD Solder Pad 0402 Epoxy Glass T/R CSA Electric Indicator, Fast Blow, 1.25A, 32VDC, 35A (IR), Surface Mount",VERY FAST,BATTERY PACK,FAST,EPOXY,1.04 X 0.56 X 0.38mm,Low,SURFACE MOUNT,SURFACE MOUNT,55.0,-55.0,6.1,1.04,35.0,1.25,32.0,0.0,32.0
A678,"Indicator Chip Very Fast Movement 1.25A 32V SMD Solder Pad 0402 Epoxy Glass T/R CSA Electric Indicator, Very Fast Blow, 1.25A, 32VDC, 35A (IR), Surface Mount, NANO",VERY FAST,BATTERY PACK,VERY FAST,EPOXY,NANO,Low,SURFACE MOUNT,SURFACE MOUNT,55.0,-55.0,6.1,1.04,35.0,1.25,32.0,0.0,32.0
A679,nan,UNKNOWN,NOT SPECIFIED,VERY FAST,UNKNOWN,NOT SPECIFIED,Low,UNKNOWN,SURFACE MOUNT,55.0,-55.0,6.1,8.4,35.0,1.75,125.0,0.0,24.0
A680,"Indicator Chip Very Fast Movement 1.75A 32V SMD Solder Pad 0402 Epoxy Glass T/R CSA Electric Indicator, Fast Blow, 1.75A, 32VDC, 35A (IR), Surface Mount",VERY FAST,BATTERY PACK,FAST,EPOXY,1.04 X 0.56 X 0.38mm,Low,SURFACE MOUNT,SURFACE MOUNT,55.0,-55.0,6.1,1.04,35.0,1.75,32.0,0.0,32.0
A681,"Indicator Chip Very Fast Movement 1.75A 32V SMD Solder Pad 0402 Epoxy Glass T/R CSA Electric Indicator, Very Fast Blow, 1.75A, 32VDC, 35A (IR), Surface Mount, NANO",VERY FAST,BATTERY PACK,VERY FAST,EPOXY,NANO,Low,SURFACE MOUNT,SURFACE MOUNT,55.0,-55.0,6.1,1.04,35.0,1.75,32.0,0.0,32.0
A682,"Indicator Chip Very Fast Movement 0.25A 32V SMD Solder Pad 0402 Epoxy Glass T/R CSA Electric Indicator, Fast Blow, 0.25A, 32VDC, 35A (IR), Surface Mount",VERY FAST,BATTERY PACK,FAST,EPOXY,1.04 X 0.56 X 0.38mm,High,SURFACE MOUNT,SURFACE MOUNT,55.0,-55.0,6.1,1.04,35.0,0.25,32.0,0.0,32.0
A683,"Indicator Chip Very Fast Movement 0.25A 32V SMD Solder Pad 0402 Epoxy Glass T/R CSA Electric Indicator, Very Fast Blow, 0.25A, 32VDC, 35A (IR), Surface Mount, NANO",VERY FAST,BATTERY PACK,VERY FAST,EPOXY,NANO,High,SURFACE MOUNT,SURFACE MOUNT,55.0,-55.0,6.1,1.04,35.0,0.25,32.0,0.0,32.0
A684,"Indicator Chip Very Fast Movement 0.25A SMD Solder Pad 0402 Epoxy Glass T/R CSA Electric Indicator, Very Fast Blow, 0.25A, 32VAC, 32VDC, 35A (IR), Surface Mount",VERY FAST,BATTERY PACK,VERY FAST,EPOXY,25.17 X 12.9 X 7.75mm,Low,SURFACE MOUNT,SURFACE MOUNT,55.0,-55.0,6.1,25.17,35.0,0.25,32.0,32.0,32.0
A685,nan,VERY FAST,BATTERY PACK,UNKNOWN,EPOXY,25.17 X 12.9 X 7.75mm,UNKNOWN,SURFACE MOUNT,NOT SPECIFIED,55.0,-55.0,6.1,25.17,50.0,0.25,32.0,0.0,32.0
A686,nan,UNKNOWN,NOT SPECIFIED,VERY FAST,UNKNOWN,NOT SPECIFIED,Low,UNKNOWN,SURFACE MOUNT,55.0,-55.0,6.1,8.4,35.0,0.375,125.0,0.0,24.0
A687,"Indicator Chip Very Fast Movement 0.375A 32V SMD Solder Pad 0402 Epoxy Glass T/R CSA Electric Indicator, Fast Blow, 0.375A, 32VDC, 35A (IR), Surface Mount, 0402",VERY FAST,BATTERY PACK,FAST,EPOXY,1.04 X 0.56 X 0.38mm,Low,SURFACE MOUNT,SURFACE MOUNT,55.0,-55.0,6.1,1.04,35.0,0.375,32.0,0.0,32.0
A688,"Indicator Chip Very Fast Movement 0.375A 32V SMD Solder Pad 0402 Epoxy Glass T/R CSA Electric Indicator, Very Fast Blow, 0.375A, 32VDC, 35A (IR), Surface Mount, NANO",VERY FAST,BATTERY PACK,VERY FAST,EPOXY,NANO,Low,SURFACE MOUNT,SURFACE MOUNT,55.0,-55.0,6.1,1.04,35.0,0.375,32.0,0.0,32.0
A689,"Indicator Chip Very Fast Movement 0.5A 32V SMD Solder Pad 0402 Epoxy Glass T/R CSA Electric Indicator, Fast Blow, 0.5A, 32VDC, 35A (IR), Supplemental, Surface Mount, 0402",VERY FAST,BATTERY PACK,FAST,EPOXY,1.04 X 0.56 X 0.38mm,Low,SURFACE MOUNT,SURFACE MOUNT,55.0,-55.0,6.1,1.04,35.0,0.5,32.0,0.0,32.0
A690,"Indicator Chip Very Fast Movement 0.5A 32V SMD Solder Pad 0402 Epoxy Glass T/R CSA Electric Indicator, Very Fast Blow, 0.5A, 32VDC, 35A (IR), Surface Mount, NANO",VERY FAST,BATTERY PACK,VERY FAST,EPOXY,NANO,Low,SURFACE MOUNT,SURFACE MOUNT,55.0,-55.0,6.1,1.04,35.0,0.5,32.0,0.0,32.0
A691,"Indicator Chip Very Fast Movement 0.75A 32V SMD Solder Pad 0402 Epoxy Glass T/R CSA Electric Indicator, Fast Blow, 0.75A, 32VDC, 35A (IR), Surface Mount",VERY FAST,BATTERY PACK,FAST,EPOXY,1.04 X 0.56 X 0.38mm,Low,SURFACE MOUNT,SURFACE MOUNT,55.0,-55.0,6.1,1.04,35.0,0.75,32.0,0.0,32.0
A692,"Indicator Chip Very Fast Movement 0.75A 32V SMD Solder Pad 0402 Epoxy Glass T/R CSA Electric Indicator, Very Fast Blow, 0.75A, 32VDC, 35A (IR), Surface Mount, NANO",VERY FAST,BATTERY PACK,VERY FAST,EPOXY,NANO,Low,SURFACE MOUNT,SURFACE MOUNT,55.0,-55.0,6.1,1.04,35.0,0.75,32.0,0.0,32.0
A693,"Indicator Chip Fast Movement 1A 63V SMD Solder Pad 1206 Ceramic T/R CSA/UL Electric Indicator, Fast Blow, 1A, 63VAC, 63VDC, 50A (IR), Surface Mount, 1206",FAST,AUTOMOTIVE ELECTRONIC,FAST,CERAMIC,1206,Low,SURFACE MOUNT,SURFACE MOUNT,55.0,-55.0,6.1,3.12,50.0,1.0,63.0,63.0,1.0
A694,nan,FAST,AUTOMOTIVE ELECTRONIC,UNKNOWN,CERAMIC,3.12 X 1.67 X 0.84mm,UNKNOWN,SURFACE MOUNT,NOT SPECIFIED,55.0,-55.0,6.1,3.12,50.0,1.0,63.0,63.0,63.0
A695,"Indicator Chip Fast Movement 2A 63V SMD Solder Pad 1206 Ceramic T/R CSA/UL Electric Indicator, Fast Blow, 2A, 63VAC, 63VDC, 50A (IR), Surface Mount, 1206",FAST,AUTOMOTIVE ELECTRONIC,FAST,CERAMIC,1206,Low,SURFACE MOUNT,SURFACE MOUNT,55.0,-55.0,6.1,3.12,50.0,2.0,63.0,63.0,2.0
A696,"Indicator Chip Fast Movement 3A 32V SMD Solder Pad 1206 Ceramic T/R CSA/UL Electric Indicator, Fast Blow, 3A, 32VAC, 35VDC, 50A (IR), Surface Mount, 1206",FAST,AUTOMOTIVE ELECTRONIC,FAST,CERAMIC,1206,Low,SURFACE MOUNT,SURFACE MOUNT,55.0,-55.0,6.1,3.12,50.0,3.0,32.0,32.0,3.0
A697,"Indicator Chip Fast Movement 4A 32V SMD Solder Pad 1206 Ceramic T/R CSA/UL Electric Indicator, Fast Blow, 4A, 32VAC, 35VDC, 50A (IR), Surface Mount, 1206",FAST,AUTOMOTIVE ELECTRONIC,FAST,CERAMIC,1206,Low,SURFACE MOUNT,SURFACE MOUNT,55.0,-55.0,6.1,3.12,50.0,4.0,32.0,32.0,4.0
A698,"Indicator Chip Fast Movement 5A 32V SMD Solder Pad 1206 Ceramic T/R CSA/UL Electric Indicator, Fast Blow, 5A, 32VAC, 35VDC, 50A (IR), Surface Mount, 1206",FAST,AUTOMOTIVE ELECTRONIC,FAST,CERAMIC,1206,Low,SURFACE MOUNT,SURFACE MOUNT,55.0,-55.0,6.1,3.12,50.0,5.0,32.0,32.0,5.0
A699,"Indicator Chip Fast Movement 7A 32V SMD Solder Pad 1206 Ceramic T/R CSA/UL Electric Indicator, Fast Blow, 7A, 32VAC, 35VDC, 50A (IR), Surface Mount, 1206",FAST,AUTOMOTIVE ELECTRONIC,FAST,CERAMIC,1206,Low,SURFACE MOUNT,SURFACE MOUNT,55.0,-55.0,6.1,3.12,50.0,7.0,32.0,32.0,7.0
A700,"Indicator Chip Fast Movement 8A 32V SMD Solder Pad 1206 Ceramic T/R CSA/UL Electric Indicator, Fast Blow, 8A, 32VAC, 35VDC, 50A (IR), Surface Mount, 1206",FAST,AUTOMOTIVE ELECTRONIC,FAST,CERAMIC,1206,Low,SURFACE MOUNT,SURFACE MOUNT,55.0,-55.0,6.1,3.12,50.0,8.0,32.0,32.0,8.0
A701,"Indicator Chip Fast Movement 1.5A 63V SMD Solder Pad 1206 Ceramic T/R CSA/UL Electric Indicator, Fast Blow, 1.5A, 63VAC, 63VDC, 50A (IR), Surface Mount, 1206",FAST,AUTOMOTIVE ELECTRONIC,FAST,CERAMIC,1206,Low,SURFACE MOUNT,SURFACE MOUNT,55.0,-55.0,6.1,3.12,50.0,1.5,63.0,63.0,1.5
A702,nan,FAST,AUTOMOTIVE ELECTRONIC,UNKNOWN,CERAMIC,3.12 X 1.67 X 0.84mm,UNKNOWN,SURFACE MOUNT,NOT SPECIFIED,55.0,-55.0,6.1,3.12,50.0,1.5,63.0,63.0,63.0
A703,"Indicator Chip Fast Movement 2.5A 32V SMD Solder Pad 1206 Ceramic T/R CSA/UL Electric Indicator, Fast Blow, 2.5A, 32VAC, 35VDC, 50A (IR), Surface Mount, 1206",FAST,AUTOMOTIVE ELECTRONIC,FAST,CERAMIC,1206,Low,SURFACE MOUNT,SURFACE MOUNT,55.0,-55.0,6.1,3.12,50.0,2.5,32.0,32.0,2.5
A704,"Indicator Chip Fast Movement 3.5A 32V SMD Solder Pad 1206 Ceramic T/R CSA/UL Electric Indicator, Fast Blow, 3.5A, 32VAC, 35VDC, 50A (IR), Surface Mount, 1206",FAST,AUTOMOTIVE ELECTRONIC,FAST,CERAMIC,1206,Low,SURFACE MOUNT,SURFACE MOUNT,55.0,-55.0,6.1,3.12,50.0,3.5,32.0,32.0,3.5
A705,"Indicator Chip Fast Movement 1.25A 63V SMD Solder Pad 1206 Ceramic T/R CSA/UL Electric Indicator, Fast Blow, 1.25A, 63VAC, 63VDC, 50A (IR), Surface Mount, 1206",FAST,AUTOMOTIVE ELECTRONIC,FAST,CERAMIC,1206,Low,SURFACE MOUNT,SURFACE MOUNT,55.0,-55.0,6.1,3.2,50.0,1.25,63.0,63.0,1.25
A706,"Indicator Chip Fast Movement 1.75A 63V SMD Solder Pad 1206 Ceramic T/R CSA/UL Electric Indicator, Fast Blow, 1.75A, 63VAC, 63VDC, 50A (IR), Surface Mount, 1206",FAST,AUTOMOTIVE ELECTRONIC,FAST,CERAMIC,1206,Low,SURFACE MOUNT,SURFACE MOUNT,55.0,-55.0,6.1,3.12,50.0,1.75,63.0,63.0,1.75
A707,"Indicator Chip Fast Movement 0.25A 125V SMD Solder Pad 1206 Ceramic T/R CSA/UL Electric Indicator, Fast Blow, 0.25A, 125VAC, 125VDC, 50A (IR), Surface Mount, 1206",FAST,AUTOMOTIVE ELECTRONIC,FAST,CERAMIC,1206,Low,SURFACE MOUNT,SURFACE MOUNT,125.0,-55.0,6.1,3.12,50.0,0.25,125.0,125.0,0.25
A708,"Indicator Chip Fast Movement 0.375A 125V SMD Solder Pad 1206 Ceramic T/R CSA/UL Electric Indicator, Fast Blow, 0.375A, 125VAC, 125VDC, 50A (IR), Surface Mount, 1206",FAST,AUTOMOTIVE ELECTRONIC,FAST,CERAMIC,1206,Low,SURFACE MOUNT,SURFACE MOUNT,125.0,-55.0,6.1,3.12,50.0,0.375,125.0,125.0,0.375
A709,"Indicator Chip Fast Movement 0.5A 63V SMD Solder Pad 1206 Ceramic T/R CSA/UL Electric Indicator, Fast Blow, 0.5A, 63VAC, 63VDC, 50A (IR), Surface Mount, 1206",FAST,AUTOMOTIVE ELECTRONIC,FAST,CERAMIC,1206,Low,SURFACE MOUNT,SURFACE MOUNT,55.0,-55.0,6.1,3.2,50.0,0.5,63.0,63.0,0.5
A710,"Indicator Chip Fast Movement 0.75A 63V SMD Solder Pad 1206 Ceramic T/R CSA/UL Electric Indicator, Fast Blow, 0.75A, 63VAC, 63VDC, 50A (IR), Surface Mount, 1206",FAST,AUTOMOTIVE ELECTRONIC,FAST,CERAMIC,1206,Low,SURFACE MOUNT,SURFACE MOUNT,55.0,-55.0,6.1,3.2,50.0,0.75,63.0,63.0,0.75
A711,"Indicator 1A 32V Fast Movement 2-Pin T/R Electric Indicator, Fast Blow, 1A, 32VDC, 50A (IR), Surface Mount, 0603",FAST,AUTOMOTIVE ELECTRONIC,FAST,CERAMIC,603,Low,SURFACE MOUNT,SURFACE MOUNT,55.0,-55.0,6.1,1.54,50.0,1.0,63.0,0.0,1.0
A712,nan,FAST,AUTOMOTIVE NAVIGATION SYSTEM,UNKNOWN,CERAMIC,1.58 X 0.85 X 0.5mm,UNKNOWN,SURFACE MOUNT,NOT SPECIFIED,55.0,-55.0,6.1,1.58,50.0,1.0,63.0,32.0,63.0
A713,"Indicator 2A 32V Fast Movement 2-Pin T/R Electric Indicator, Fast Blow, 2A, 12VAC, 32VDC, 50A (IR), Surface Mount, 0603",FAST,AUTOMOTIVE ELECTRONIC,FAST,CERAMIC,603,High,SURFACE MOUNT,SURFACE MOUNT,55.0,-55.0,6.1,1.54,50.0,2.0,12.0,12.0,2.0
A714,nan,FAST,AUTOMOTIVE NAVIGATION SYSTEM,UNKNOWN,CERAMIC,1.58 X 0.85 X 0.5mm,UNKNOWN,SURFACE MOUNT,NOT SPECIFIED,55.0,-55.0,6.1,1.58,50.0,2.0,32.0,12.0,32.0
A715,"Indicator Chip Fast Movement 2A 32V SMD Solder Pad 0603 1.58 X 0.83 X 0.5mm Ceramic T/R Electric Indicator, Fast Blow, 2A, 12VAC, 32VDC, 50A (IR), Surface Mount",FAST,AUTOMOTIVE ELECTRONIC,FAST,CERAMIC,1.58 X 0.83 X 0.5mm,Low,SURFACE MOUNT,SURFACE MOUNT,55.0,-55.0,0.83,0.5,50.0,2.0,12.0,12.0,2.0
A716,"Indicator 3A 32V Fast Movement 2-Pin T/R Electric Indicator, Fast Blow, 3A, 12VAC, 32VDC, 50A (IR), Surface Mount, 0603",FAST,AUTOMOTIVE ELECTRONIC,FAST,CERAMIC,603,High,SURFACE MOUNT,SURFACE MOUNT,55.0,-55.0,6.1,1.54,50.0,3.0,12.0,12.0,3.0
A717,nan,FAST,AUTOMOTIVE NAVIGATION SYSTEM,UNKNOWN,CERAMIC,1.58 X 0.85 X 0.5mm,UNKNOWN,SURFACE MOUNT,NOT SPECIFIED,55.0,-55.0,6.1,1.58,50.0,3.0,32.0,12.0,32.0
A718,nan,FAST,AUTOMOTIVE ELECTRONIC,UNKNOWN,CERAMIC,1.58 X 0.83 X 0.5mm,UNKNOWN,SURFACE MOUNT,NOT SPECIFIED,55.0,-55.0,6.1,1.58,50.0,3.0,32.0,32.0,32.0
A719,"Indicator 4A 32V Fast Movement 2-Pin T/R Electric Indicator, Fast Blow, 4A, 12VAC, 32VDC, 50A (IR), Surface Mount, 0603",FAST,AUTOMOTIVE ELECTRONIC,FAST,CERAMIC,603,High,SURFACE MOUNT,SURFACE MOUNT,55.0,-55.0,6.1,1.54,50.0,4.0,12.0,12.0,4.0
A720,nan,FAST,AUTOMOTIVE NAVIGATION SYSTEM,UNKNOWN,CERAMIC,1.58 X 0.85 X 0.5mm,UNKNOWN,SURFACE MOUNT,NOT SPECIFIED,55.0,-55.0,6.1,1.58,50.0,4.0,32.0,12.0,32.0
A721,nan,FAST,AUTOMOTIVE ELECTRONIC,UNKNOWN,CERAMIC,1.58 X 0.83 X 0.5mm,UNKNOWN,SURFACE MOUNT,NOT SPECIFIED,55.0,-55.0,6.1,1.58,50.0,4.0,32.0,32.0,32.0
A722,"Indicator 5A 32V Fast Movement 2-Pin T/R Electric Indicator, Fast Blow, 5A, 12VAC, 32VDC, 50A (IR), Surface Mount, 0603",FAST,AUTOMOTIVE ELECTRONIC,FAST,CERAMIC,603,High,SURFACE MOUNT,SURFACE MOUNT,55.0,-55.0,6.1,1.54,50.0,5.0,12.0,12.0,5.0
A723,nan,FAST,AUTOMOTIVE ELECTRONIC,UNKNOWN,CERAMIC,1.58 X 0.83 X 0.5mm,UNKNOWN,SURFACE MOUNT,NOT SPECIFIED,55.0,-55.0,6.1,1.58,50.0,5.0,32.0,32.0,32.0
A724,"Indicator Chip Fast Movement 6A 32V SMD Solder Pad 0603 Ceramic T/R CSA/UL Electric Indicator, Fast Blow, 6A, 12VAC, 24VDC, 50A (IR), Surface Mount, 0603",FAST,AUTOMOTIVE ELECTRONIC,FAST,CERAMIC,603,High,SURFACE MOUNT,SURFACE MOUNT,55.0,-55.0,6.1,1.54,50.0,6.0,12.0,12.0,6.0
A725,nan,FAST,AUTOMOTIVE NAVIGATION SYSTEM,UNKNOWN,CERAMIC,1.58 X 0.85 X 0.5mm,UNKNOWN,SURFACE MOUNT,NOT SPECIFIED,55.0,-55.0,6.1,1.58,50.0,6.0,24.0,12.0,24.0
A726,nan,FAST,AUTOMOTIVE ELECTRONIC,UNKNOWN,CERAMIC,1.58 X 0.83 X 0.5mm,UNKNOWN,SURFACE MOUNT,NOT SPECIFIED,55.0,-55.0,6.1,1.58,50.0,6.0,24.0,24.0,24.0
A727,"Indicator Chip Fast Movement 1.5A 32V SMD Solder Pad 0603 Ceramic T/R CSA/UL Electric Indicator, Fast Blow, 1.5A, 32VDC, 50A (IR), Surface Mount, 0603",FAST,AUTOMOTIVE ELECTRONIC,FAST,CERAMIC,603,Low,SURFACE MOUNT,SURFACE MOUNT,55.0,-55.0,6.1,1.54,50.0,1.5,63.0,0.0,1.5
A728,"Indicator Chip Fast Movement 2.5A 32V SMD Solder Pad 0603 Ceramic T/R CSA/UL Electric Indicator, Fast Blow, 2.5A, 12VAC, 32VDC, 50A (IR), Surface Mount, 0603",FAST,AUTOMOTIVE ELECTRONIC,FAST,CERAMIC,603,High,SURFACE MOUNT,SURFACE MOUNT,55.0,-55.0,6.1,1.54,50.0,2.5,12.0,12.0,2.5
A729,nan,FAST,AUTOMOTIVE NAVIGATION SYSTEM,UNKNOWN,CERAMIC,1.58 X 0.85 X 0.5mm,UNKNOWN,SURFACE MOUNT,NOT SPECIFIED,55.0,-55.0,6.1,1.58,50.0,2.5,32.0,12.0,32.0
A730,nan,FAST,AUTOMOTIVE ELECTRONIC,UNKNOWN,CERAMIC,1.58 X 0.83 X 0.5mm,UNKNOWN,SURFACE MOUNT,NOT SPECIFIED,55.0,-55.0,6.1,1.58,50.0,2.5,32.0,32.0,32.0
A731,"Indicator Chip Fast Movement 3.5A 32V SMD Solder Pad 0603 Ceramic T/R CSA/UL Electric Indicator, Fast Blow, 3.5A, 12VAC, 32VDC, 50A (IR), Surface Mount, 0603",FAST,AUTOMOTIVE ELECTRONIC,FAST,CERAMIC,603,High,SURFACE MOUNT,SURFACE MOUNT,55.0,-55.0,6.1,1.54,50.0,3.5,12.0,12.0,3.5
A732,nan,FAST,AUTOMOTIVE NAVIGATION SYSTEM,UNKNOWN,CERAMIC,1.58 X 0.85 X 0.5mm,UNKNOWN,SURFACE MOUNT,NOT SPECIFIED,55.0,-55.0,6.1,1.58,50.0,3.5,32.0,12.0,32.0
A733,nan,FAST,AUTOMOTIVE ELECTRONIC,UNKNOWN,CERAMIC,1.58 X 0.83 X 0.5mm,UNKNOWN,SURFACE MOUNT,NOT SPECIFIED,55.0,-55.0,6.1,1.58,50.0,3.5,32.0,32.0,32.0
A734,"Indicator Chip Fast Movement 1.25A 32V SMD Solder Pad 0603 Ceramic T/R CSA/UL Electric Indicator, Fast Blow, 1.25A, 32VDC, 50A (IR), Surface Mount, 0603",FAST,AUTOMOTIVE ELECTRONIC,FAST,CERAMIC,603,Low,SURFACE MOUNT,SURFACE MOUNT,55.0,-55.0,6.1,1.54,50.0,1.25,63.0,0.0,1.25
A735,"Indicator Chip Fast Movement 1.25A 32V SMD Solder Pad 0603 1.58 X 0.85 X 0.5mm Ceramic T/R Electric Indicator, Fast Blow, 1.25A, 32VAC, 63VDC, 50A (IR), Surface Mount",FAST,AUTOMOTIVE NAVIGATION SYSTEM,FAST,CERAMIC,1.58 X 0.85 X 0.5mm,Low,SURFACE MOUNT,SURFACE MOUNT,85.0,-40.0,0.85,0.5,50.0,1.25,32.0,32.0,1.25
A736,"Indicator Chip Fast Movement 1.75A 32V SMD Solder Pad 0603 Ceramic T/R CSA/UL Electric Indicator, Fast Blow, 1.75A, 32VDC, 50A (IR), Surface Mount, 0603",FAST,AUTOMOTIVE ELECTRONIC,FAST,CERAMIC,603,Low,SURFACE MOUNT,SURFACE MOUNT,55.0,-55.0,6.1,1.54,50.0,1.75,63.0,0.0,1.75
A737,nan,FAST,AUTOMOTIVE NAVIGATION SYSTEM,UNKNOWN,CERAMIC,1.58 X 0.85 X 0.5mm,UNKNOWN,SURFACE MOUNT,NOT SPECIFIED,55.0,-55.0,6.1,1.58,50.0,1.75,32.0,32.0,32.0
A738,"Indicator Chip Fast Movement 0.25A 32V SMD Solder Pad 0603 Ceramic T/R CSA/UL Electric Indicator, Fast Blow, 0.25A, 63VDC, 50A (IR), Surface Mount, 0603",FAST,AUTOMOTIVE ELECTRONIC,FAST,CERAMIC,603,Low,SURFACE MOUNT,SURFACE MOUNT,55.0,-55.0,6.1,1.54,50.0,0.25,63.0,0.0,0.25
A739,nan,FAST,AUTOMOTIVE ELECTRONIC,UNKNOWN,CERAMIC,1.54 X 0.85 X 0.5mm,UNKNOWN,SURFACE MOUNT,NOT SPECIFIED,55.0,-55.0,6.1,1.54,50.0,0.25,32.0,0.0,32.0
A740,"Indicator Chip Fast Movement 0.375A 32V SMD Solder Pad 0603 Ceramic T/R CSA/UL Electric Indicator, Fast Blow, 0.375A, 32VDC, 50A (IR), Surface Mount, 0603",FAST,AUTOMOTIVE ELECTRONIC,FAST,CERAMIC,603,Low,SURFACE MOUNT,SURFACE MOUNT,55.0,-55.0,6.1,1.54,50.0,0.375,63.0,0.0,0.375
A741,nan,FAST,AUTOMOTIVE ELECTRONIC,UNKNOWN,CERAMIC,1.54 X 0.85 X 0.5mm,UNKNOWN,SURFACE MOUNT,NOT SPECIFIED,55.0,-55.0,6.1,1.54,50.0,0.375,32.0,0.0,32.0
A742,"Indicator Chip Fast Movement 0.5A 32V SMD Solder Pad 0603 Ceramic T/R CSA/UL Electric Indicator, Fast Blow, 0.5A, 32VDC, 50A (IR), Surface Mount, 0603",FAST,AUTOMOTIVE ELECTRONIC,FAST,CERAMIC,603,Low,SURFACE MOUNT,SURFACE MOUNT,55.0,-55.0,6.1,1.54,50.0,0.5,63.0,0.0,0.5
A743,"Indicator Chip Fast Movement 0.75A 32V SMD Solder Pad 0603 Ceramic T/R CSA/UL Electric Indicator, Fast Blow, 0.75A, 32VDC, 50A (IR), Surface Mount, 0603",FAST,AUTOMOTIVE ELECTRONIC,FAST,CERAMIC,603,Low,SURFACE MOUNT,SURFACE MOUNT,55.0,-55.0,6.1,1.54,50.0,0.75,63.0,0.0,0.75
A744,"Indicator Chip Fast Movement 0.75A 32V SMD Solder Pad 0603 1.58 X 0.85 X 0.5mm Ceramic T/R Electric Indicator, Fast Blow, 0.75A, 32VAC, 63VDC, 50A (IR), Surface Mount",FAST,AUTOMOTIVE NAVIGATION SYSTEM,FAST,CERAMIC,1.58 X 0.85 X 0.5mm,Low,SURFACE MOUNT,SURFACE MOUNT,85.0,-40.0,0.85,0.5,50.0,0.75,32.0,32.0,0.75
A745,"Indicator Chip 1A 50V SMD Solder Pad 1206 Ceramic T/R CSA/UL Electric Indicator, 1A, 50VAC, 50VDC, 50A (IR), Surface Mount, 1206",UNKNOWN,AUTOMOTIVE ELECTRONICS,UNKNOWN,CERAMIC,3.2 X 1.63 X 0.82mm,Low,SURFACE MOUNT,SURFACE MOUNT,55.0,-55.0,6.1,3.2,50.0,1.0,50.0,50.0,1.0
A746,"Indicator Chip Fast Movement 2A 32V SMD Solder Pad 1206 Ceramic T/R CSA/UL Electric Indicator, 2A, 32VAC, 32VDC, 50A (IR), Surface Mount, 1206",FAST,AUTOMOTIVE ELECTRONICS,UNKNOWN,CERAMIC,1206,Low,SURFACE MOUNT,SURFACE MOUNT,55.0,-55.0,6.1,3.2,50.0,2.0,32.0,32.0,2.0
A747,"Indicator Chip Fast Movement 3A 32V SMD Solder Pad 1206 Ceramic T/R CSA/UL Electric Indicator, 3A, 32VAC, 32VDC, 50A (IR), Surface Mount, 1206",FAST,AUTOMOTIVE ELECTRONICS,UNKNOWN,CERAMIC,1206,Low,SURFACE MOUNT,SURFACE MOUNT,55.0,-55.0,6.1,3.2,50.0,3.0,32.0,32.0,3.0
A748,"Indicator Chip Fast Movement 4A 32V SMD Solder Pad 1206 Ceramic T/R CSA/UL Electric Indicator, 4A, 32VAC, 32VDC, 50A (IR), Surface Mount, 1206",FAST,AUTOMOTIVE ELECTRONICS,UNKNOWN,CERAMIC,1206,Low,SURFACE MOUNT,SURFACE MOUNT,55.0,-55.0,6.1,3.2,50.0,4.0,32.0,32.0,4.0
A749,"Indicator Chip Fast Movement 5A 32V SMD Solder Pad 1206 Ceramic T/R CSA/UL Electric Indicator, 5A, 32VAC, 32VDC, 50A (IR), Surface Mount, 1206",FAST,AUTOMOTIVE ELECTRONICS,UNKNOWN,CERAMIC,1206,Low,SURFACE MOUNT,SURFACE MOUNT,55.0,-55.0,6.1,3.2,50.0,5.0,32.0,32.0,5.0
A750,"Indicator Chip Fast Movement 7A 32V SMD Solder Pad 1206 Ceramic T/R CSA/UL Electric Indicator, 7A, 32VAC, 32VDC, 50A (IR), Surface Mount, 1206",FAST,AUTOMOTIVE ELECTRONICS,UNKNOWN,CERAMIC,1206,Low,SURFACE MOUNT,SURFACE MOUNT,55.0,-55.0,6.1,3.2,50.0,7.0,32.0,32.0,7.0
A751,"Indicator Chip Fast Movement 8A 32V SMD Solder Pad 1206 Ceramic T/R CSA/UL Electric Indicator, 8A, 32VAC, 32VDC, 50A (IR), Surface Mount, 1206",FAST,AUTOMOTIVE ELECTRONICS,UNKNOWN,CERAMIC,1206,Low,SURFACE MOUNT,SURFACE MOUNT,55.0,-55.0,6.1,3.2,50.0,8.0,32.0,32.0,8.0
A752,"Indicator Chip Fast Movement 2.5A 32V SMD Solder Pad 1206 Ceramic T/R CSA/UL Electric Indicator, 2.5A, 32VAC, 32VDC, 50A (IR), Surface Mount, 1206",FAST,AUTOMOTIVE ELECTRONICS,UNKNOWN,CERAMIC,1206,Low,SURFACE MOUNT,SURFACE MOUNT,55.0,-55.0,6.1,3.2,50.0,2.5,32.0,32.0,2.5
A753,"Indicator Chip Fast Movement 3.5A 32V SMD Solder Pad 1206 Ceramic T/R CSA/UL Electric Indicator, 3.5A, 32VAC, 32VDC, 50A (IR), Surface Mount, 1206",FAST,AUTOMOTIVE ELECTRONICS,UNKNOWN,CERAMIC,1206,Low,SURFACE MOUNT,SURFACE MOUNT,55.0,-55.0,6.1,3.2,50.0,3.5,32.0,32.0,3.5
A754,"Indicator Chip Fast Movement 1.25A 50V SMD Solder Pad 1206 Ceramic T/R CSA/UL Electric Indicator, 1.25A, 50VAC, 50VDC, 50A (IR), Surface Mount, 1206",FAST,AUTOMOTIVE ELECTRONICS,UNKNOWN,CERAMIC,3.2 X 1.63 X 0.82mm,Low,SURFACE MOUNT,SURFACE MOUNT,55.0,-55.0,6.1,3.2,50.0,1.25,50.0,50.0,1.25
A755,"Indicator Chip Fast Movement 1.75A 32V SMD Solder Pad 1206 Ceramic T/R CSA/UL Electric Indicator, Fast Blow, 1.75A, 32VAC, 32VDC, 50A (IR), Surface Mount, 1206",FAST,AUTOMOTIVE ELECTRONICS,FAST,CERAMIC,1206,Low,SURFACE MOUNT,SURFACE MOUNT,55.0,-55.0,6.1,3.2,50.0,1.75,32.0,32.0,1.75
A756,"Indicator Chip Fast Movement 0.25A 125V SMD Solder Pad 1206 Ceramic T/R CSA/UL Electric Indicator, 0.25A, 125VAC, 125VDC, 50A (IR), Surface Mount, 1206",FAST,AUTOMOTIVE ELECTRONICS,UNKNOWN,CERAMIC,3.2 X 1.63 X 0.82mm,Low,SURFACE MOUNT,SURFACE MOUNT,125.0,-55.0,6.1,3.2,50.0,0.25,125.0,125.0,0.25
A757,"Indicator Chip Fast Movement 0.5A 63V SMD Solder Pad 1206 Ceramic T/R CSA/UL Electric Indicator, 0.5A, 63VAC, 63VDC, 50A (IR), Surface Mount, 1206",FAST,AUTOMOTIVE ELECTRONICS,UNKNOWN,CERAMIC,3.2 X 1.63 X 0.82mm,Low,SURFACE MOUNT,SURFACE MOUNT,55.0,-55.0,6.1,3.2,50.0,0.5,63.0,63.0,0.5
A758,"Indicator 63V High I2T 1206 .750A Electric Indicator, 0.75A, 63VAC, 63VDC, 50A (IR), Surface Mount, 1206",UNKNOWN,MOTOR CIRCUIT,UNKNOWN,UNKNOWN,1206,Low,UNKNOWN,SURFACE MOUNT,55.0,-55.0,6.1,8.4,63.0,0.75,63.0,63.0,63.0
A759,"Indicator Chip Fast Movement 0.75A 63V SMD Solder Pad 1206 Ceramic Automotive Electric Indicator, 0.75A, 63VAC, 63VDC, 50A (IR), Surface Mount",FAST,AUTOMOTIVE NAVIGATION SYSTEM,UNKNOWN,CERAMIC,3.2 X 1.63 X 0.84mm,Low,SURFACE MOUNT,SURFACE MOUNT,55.0,-55.0,6.1,3.2,50.0,0.75,63.0,63.0,0.75
A760,"Indicator Chip 2A 32V SMD Solder Pad 0603 Ceramic T/R CSA/UL Electric Indicator, 2A, 32VDC, 50A (IR), Surface Mount, 0603",UNKNOWN,AUTOMOTIVE ELECTRONIC,UNKNOWN,CERAMIC,1.54 X 0.85 X 0.5mm,Low,SURFACE MOUNT,SURFACE MOUNT,55.0,-55.0,6.1,1.54,50.0,2.0,32.0,32.0,2.0
A761,"Indicator Chip 2A 32V SMD Solder Pad 0603 1.61 X 0.88 X 0.55mm Ceramic T/R Electric Indicator, 2A, 32VDC, 50A (IR), Surface Mount",UNKNOWN,NOT SPECIFIED,UNKNOWN,CERAMIC,1.61 X 0.88 X 0.55mm,Low,SURFACE MOUNT,SURFACE MOUNT,55.0,-55.0,0.88,0.55,50.0,2.0,32.0,32.0,2.0
A762,"Indicator Chip 3A 32V SMD Solder Pad 0603 Ceramic T/R CSA/UL Electric Indicator, 3A, 32VDC, 50A (IR), Surface Mount, 0603",UNKNOWN,AUTOMOTIVE ELECTRONIC,UNKNOWN,CERAMIC,1.54 X 0.85 X 0.5mm,Low,SURFACE MOUNT,SURFACE MOUNT,55.0,-55.0,6.1,1.54,50.0,3.0,32.0,32.0,3.0
A763,"Indicator Chip 3A 32V SMD Solder Pad 0603 1.61 X 0.88 X 0.55mm Ceramic T/R Electric Indicator, 3A, 32VDC, 50A (IR), Surface Mount",UNKNOWN,AUTOMOTIVE NAVIGATION SYSTEM,UNKNOWN,CERAMIC,1.61 X 0.88 X 0.55mm,Low,SURFACE MOUNT,SURFACE MOUNT,55.0,-55.0,0.88,0.55,50.0,3.0,32.0,32.0,3.0
A764,"Indicator Chip 4A 32V SMD Solder Pad 0603 Ceramic T/R CSA/UL Electric Indicator, 4A, 32VDC, 50A (IR), Surface Mount, 0603",UNKNOWN,AUTOMOTIVE ELECTRONIC,UNKNOWN,CERAMIC,1.54 X 0.85 X 0.5mm,Low,SURFACE MOUNT,SURFACE MOUNT,55.0,-55.0,6.1,1.54,50.0,4.0,32.0,32.0,4.0
A765,"Indicator Chip 4A 32V SMD Solder Pad 0603 1.61 X 0.88 X 0.55mm Ceramic T/R Electric Indicator, 4A, 32VDC, 50A (IR), Surface Mount",UNKNOWN,AUTOMOTIVE NAVIGATION SYSTEM,UNKNOWN,CERAMIC,1.61 X 0.88 X 0.55mm,Low,SURFACE MOUNT,SURFACE MOUNT,55.0,-55.0,4.0,1.61,50.0,4.0,32.0,32.0,4.0
A766,"Indicator Chip 5A 32V SMD Solder Pad 0603 Ceramic T/R CSA/UL Electric Indicator, 5A, 32VDC, 50A (IR), Surface Mount, 0603",UNKNOWN,AUTOMOTIVE ELECTRONIC,UNKNOWN,CERAMIC,1.54 X 0.85 X 0.5mm,Low,SURFACE MOUNT,SURFACE MOUNT,55.0,-55.0,6.1,1.54,50.0,5.0,32.0,32.0,5.0
A767,"Indicator Chip 5A 32V SMD Solder Pad 0603 1.61 X 0.88 X 0.55mm Ceramic T/R Electric Indicator, 5A, 32VDC, 50A (IR), Surface Mount",UNKNOWN,AUTOMOTIVE NAVIGATION SYSTEM,UNKNOWN,CERAMIC,1.61 X 0.88 X 0.55mm,Low,SURFACE MOUNT,SURFACE MOUNT,55.0,-55.0,5.0,1.61,50.0,5.0,32.0,32.0,5.0
A768,"Indicator Chip 6A 32V SMD Solder Pad 0603 Ceramic T/R CSA/UL Electric Indicator, 6A, 32VDC, 50A (IR), Surface Mount, 0603",UNKNOWN,AUTOMOTIVE ELECTRONIC,UNKNOWN,CERAMIC,1.54 X 0.85 X 0.5mm,Low,SURFACE MOUNT,SURFACE MOUNT,55.0,-55.0,6.1,1.54,50.0,6.0,32.0,32.0,6.0
A769,"Indicator Chip 6A 32V SMD Solder Pad 0603 1.61 X 0.88 X 0.55mm Ceramic T/R Electric Indicator, 6A, 32VDC, 50A (IR), Surface Mount",UNKNOWN,NOT SPECIFIED,UNKNOWN,CERAMIC,1.61 X 0.88 X 0.55mm,Low,SURFACE MOUNT,SURFACE MOUNT,55.0,-55.0,6.0,1.61,50.0,6.0,32.0,32.0,6.0
A770,"Indicator Chip 2.5A 32V SMD Solder Pad 0603 Ceramic T/R CSA/UL Electric Indicator, 2.5A, 32VDC, 50A (IR), Surface Mount, 0603",UNKNOWN,AUTOMOTIVE ELECTRONIC,UNKNOWN,CERAMIC,1.54 X 0.85 X 0.5mm,Low,SURFACE MOUNT,SURFACE MOUNT,55.0,-55.0,6.1,1.54,50.0,2.5,32.0,32.0,2.5
A771,"Indicator Chip 2.5A 32V SMD Solder Pad 0603 1.61 X 0.88 X 0.55mm Ceramic T/R Electric Indicator, 2.5A, 32VDC, 50A (IR), Surface Mount",UNKNOWN,NOT SPECIFIED,UNKNOWN,CERAMIC,1.61 X 0.88 X 0.55mm,Low,SURFACE MOUNT,SURFACE MOUNT,55.0,-55.0,0.88,0.55,50.0,2.5,32.0,32.0,2.5
A772,"Indicator Chip 3.5A 32V SMD Solder Pad 0603 Ceramic T/R CSA/UL Electric Indicator, 3.5A, 32VDC, 50A (IR), Surface Mount, 0603",UNKNOWN,AUTOMOTIVE ELECTRONIC,UNKNOWN,CERAMIC,1.54 X 0.85 X 0.5mm,Low,SURFACE MOUNT,SURFACE MOUNT,55.0,-55.0,6.1,1.54,50.0,3.5,32.0,32.0,3.5
A773,"Indicator Chip 3.5A 32V SMD Solder Pad 0603 1.61 X 0.88 X 0.55mm Ceramic T/R Electric Indicator, 3.5A, 32VDC, 50A (IR), Surface Mount",UNKNOWN,AUTOMOTIVE NAVIGATION SYSTEM,UNKNOWN,CERAMIC,1.61 X 0.88 X 0.55mm,Low,SURFACE MOUNT,SURFACE MOUNT,55.0,-55.0,0.88,0.55,50.0,3.5,32.0,32.0,3.5
A774,"Indicator Chip Slow Blow Movement 3A 250V SMD Solder Pad 10.1 X 3.12mm Ceramic T/R cULus Electric Indicator, Time Lag Blow, 3A, 250VAC, 50A (IR), Surface Mount, NANO",SLOW,AC/DC POWER SUPPLY,SLOW,CERAMIC,NANO,Low,SURFACE MOUNT,SURFACE MOUNT,55.0,-55.0,10.1,10.1,50.0,3.0,250.0,250.0,0.0
A775,nan,UNKNOWN,NOT SPECIFIED,VERY FAST,UNKNOWN,NANO,Low,UNKNOWN,SURFACE MOUNT,55.0,-55.0,6.1,8.4,50.0,1.0,125.0,125.0,125.0
A776,"Indicator Chip Very Fast Movement 1A 125V SMD Solder Pad 2410 Ceramic T/R CSA/PSE/UL Electric Indicator, Fast Blow, 1A, 125VAC, 125VDC, 50A (IR), Surface Mount, NANO",VERY FAST,AUTOMOTIVE,FAST,CERAMIC,NANO,Low,SURFACE MOUNT,SURFACE MOUNT,125.0,-55.0,6.1,6.1,50.0,1.0,125.0,125.0,125.0
A777,nan,UNKNOWN,NOT SPECIFIED,VERY FAST,UNKNOWN,NOT SPECIFIED,Low,UNKNOWN,SURFACE MOUNT,55.0,-55.0,6.1,8.4,50.0,2.0,125.0,125.0,125.0
A778,"Indicator Chip Very Fast Movement 2A 125V SMD Solder Pad 2410 Ceramic T/R CSA/PSE/UL Electric Indicator, Fast Blow, 2A, 125VAC, 125VDC, 50A (IR), Surface Mount, NANO",VERY FAST,AUTOMOTIVE,FAST,CERAMIC,NANO,Low,SURFACE MOUNT,SURFACE MOUNT,125.0,-55.0,6.1,6.1,50.0,2.0,125.0,125.0,125.0
A779,nan,UNKNOWN,NOT SPECIFIED,VERY FAST,UNKNOWN,NOT SPECIFIED,Low,UNKNOWN,SURFACE MOUNT,55.0,-55.0,6.1,8.4,50.0,3.0,125.0,125.0,125.0
A780,"Indicator Chip Very Fast Movement 3A 125V SMD Solder Pad 2410 Ceramic T/R CSA/PSE/UL Electric Indicator, Fast Blow, 3A, 125VAC, 125VDC, 50A (IR), Surface Mount, NANO",VERY FAST,AUTOMOTIVE,FAST,CERAMIC,NANO,Low,SURFACE MOUNT,SURFACE MOUNT,125.0,-55.0,6.1,6.1,50.0,3.0,125.0,125.0,125.0
A781,nan,UNKNOWN,NOT SPECIFIED,VERY FAST,UNKNOWN,NOT SPECIFIED,Low,UNKNOWN,SURFACE MOUNT,55.0,-55.0,6.1,8.4,50.0,4.0,125.0,125.0,125.0
A782,"Indicator Chip Very Fast Movement 4A 125V SMD Solder Pad 2410 Ceramic T/R CSA/PSE/UL Electric Indicator, Fast Blow, 4A, 125VAC, 125VDC, 50A (IR), Surface Mount, NANO",VERY FAST,AUTOMOTIVE,FAST,CERAMIC,NANO,Low,SURFACE MOUNT,SURFACE MOUNT,125.0,-55.0,6.1,6.1,50.0,4.0,125.0,125.0,125.0
A783,nan,UNKNOWN,NOT SPECIFIED,VERY FAST,UNKNOWN,NOT SPECIFIED,Low,UNKNOWN,SURFACE MOUNT,55.0,-55.0,6.1,8.4,50.0,5.0,125.0,125.0,125.0
A784,"Indicator Chip Very Fast Movement 5A 125V SMD Solder Pad 2410 Ceramic T/R CSA/PSE/UL Electric Indicator, Fast Blow, 5A, 125VAC, 125VDC, 50A (IR), Surface Mount, NANO",VERY FAST,AUTOMOTIVE,FAST,CERAMIC,NANO,Low,SURFACE MOUNT,SURFACE MOUNT,125.0,-55.0,6.1,6.1,50.0,5.0,125.0,125.0,125.0
A785,nan,UNKNOWN,NOT SPECIFIED,VERY FAST,UNKNOWN,NOT SPECIFIED,Low,UNKNOWN,SURFACE MOUNT,55.0,-55.0,6.1,8.4,50.0,7.0,125.0,125.0,125.0
A786,"Indicator Chip Very Fast Movement 7A 125V SMD Solder Pad 2410 Ceramic T/R CSA/PSE/UL Electric Indicator, Fast Blow, 7A, 125VAC, 125VDC, 50A (IR), Surface Mount, NANO",VERY FAST,AUTOMOTIVE,FAST,CERAMIC,NANO,Low,SURFACE MOUNT,SURFACE MOUNT,125.0,-55.0,6.1,6.1,50.0,7.0,125.0,125.0,125.0
A787,nan,UNKNOWN,NOT SPECIFIED,VERY FAST,UNKNOWN,NOT SPECIFIED,Low,UNKNOWN,SURFACE MOUNT,55.0,-55.0,6.1,8.4,50.0,8.0,125.0,125.0,125.0
A788,"Indicator Chip Very Fast Movement 8A 125V SMD Solder Pad 2410 Ceramic T/R CSA/PSE/UL Electric Indicator, Fast Blow, 8A, 125VAC, 125VDC, 50A (IR), Surface Mount, NANO",VERY FAST,AUTOMOTIVE,FAST,CERAMIC,NANO,Low,SURFACE MOUNT,SURFACE MOUNT,125.0,-55.0,6.1,6.1,50.0,8.0,125.0,125.0,125.0
A789,nan,UNKNOWN,NOT SPECIFIED,VERY FAST,UNKNOWN,NOT SPECIFIED,Low,UNKNOWN,SURFACE MOUNT,55.0,-55.0,6.1,8.4,35.0,10.0,125.0,125.0,125.0
A790,"Indicator Chip Very Fast Movement 10A 125V SMD Solder Pad 2410 Ceramic T/R CSA/PSE/UL Electric Indicator, Fast Blow, 10A, 125VAC, 125VDC, 35A (IR), Surface Mount, NANO",VERY FAST,AUTOMOTIVE,FAST,CERAMIC,NANO,Low,SURFACE MOUNT,SURFACE MOUNT,125.0,-55.0,6.1,6.1,35.0,10.0,125.0,125.0,125.0
A791,nan,UNKNOWN,NOT SPECIFIED,VERY FAST,UNKNOWN,NOT SPECIFIED,Low,UNKNOWN,SURFACE MOUNT,55.0,-55.0,6.1,8.4,50.0,12.0,65.0,65.0,65.0
A792,"Indicator Chip Very Fast Movement 12A 65V SMD Solder Pad 2410 Ceramic T/R CSA/UL Electric Indicator, Fast Blow, 12A, 65VAC, 65VDC, 50A (IR), Surface Mount, NANO",VERY FAST,AUTOMOTIVE,FAST,CERAMIC,NANO,Low,SURFACE MOUNT,SURFACE MOUNT,55.0,-55.0,6.1,6.1,50.0,12.0,65.0,65.0,65.0
A793,nan,UNKNOWN,NOT SPECIFIED,VERY FAST,UNKNOWN,NANO,Low,UNKNOWN,SURFACE MOUNT,55.0,-55.0,6.1,8.4,50.0,15.0,65.0,65.0,65.0
A794,"Indicator Chip Very Fast Movement 1.5A 125V SMD Solder Pad 2410 Ceramic T/R CSA/PSE/UL Electric Indicator, Fast Blow, 1.5A, 125VAC, 125VDC, 50A (IR), Surface Mount, NANO",VERY FAST,AUTOMOTIVE,FAST,CERAMIC,NANO,Low,SURFACE MOUNT,SURFACE MOUNT,125.0,-55.0,6.1,6.1,50.0,15.0,65.0,125.0,65.0
A795,nan,UNKNOWN,NOT SPECIFIED,VERY FAST,UNKNOWN,NOT SPECIFIED,Low,UNKNOWN,SURFACE MOUNT,55.0,-55.0,6.1,8.4,50.0,1.6,125.0,125.0,125.0
A796,"Indicator Chip Very Fast Movement 1.6A 125V SMD Solder Pad 2410 Ceramic T/R CSA/PSE/UL Electric Indicator, Fast Blow, 1.6A, 125VAC, 125VDC, 50A (IR), Surface Mount, NANO",VERY FAST,AUTOMOTIVE,FAST,CERAMIC,NANO,Low,SURFACE MOUNT,SURFACE MOUNT,125.0,-55.0,6.1,6.1,50.0,1.6,125.0,125.0,125.0
A797,nan,UNKNOWN,NOT SPECIFIED,VERY FAST,UNKNOWN,NOT SPECIFIED,Low,UNKNOWN,SURFACE MOUNT,55.0,-55.0,6.1,8.4,50.0,2.5,125.0,125.0,125.0
A798,"Indicator Chip Very Fast Movement 2.5A 125V SMD Solder Pad 2410 Ceramic T/R CSA/PSE/UL Electric Indicator, Fast Blow, 2.5A, 125VAC, 125VDC, 50A (IR), Surface Mount, NANO",VERY FAST,AUTOMOTIVE,FAST,CERAMIC,NANO,Low,SURFACE MOUNT,SURFACE MOUNT,125.0,-55.0,6.1,6.1,50.0,2.5,125.0,125.0,125.0
A799,nan,UNKNOWN,NOT SPECIFIED,VERY FAST,UNKNOWN,NOT SPECIFIED,Low,UNKNOWN,SURFACE MOUNT,55.0,-55.0,6.1,8.4,50.0,3.5,125.0,125.0,125.0
A800,"Indicator Chip Very Fast Movement 3.5A 125V SMD Solder Pad 2410 Ceramic T/R CSA/PSE/UL Electric Indicator, Fast Blow, 3.5A, 125VAC, 125VDC, 50A (IR), Surface Mount, NANO",VERY FAST,AUTOMOTIVE,FAST,CERAMIC,NANO,Low,SURFACE MOUNT,SURFACE MOUNT,125.0,-55.0,6.1,6.1,50.0,3.5,125.0,125.0,125.0
A801,nan,UNKNOWN,NOT SPECIFIED,VERY FAST,UNKNOWN,NOT SPECIFIED,Low,UNKNOWN,SURFACE MOUNT,55.0,-55.0,6.1,8.4,50.0,0.062,125.0,125.0,125.0
A802,"Indicator Chip Very Fast Movement 0.062A 125V SMD Solder Pad 2410 Ceramic T/R CSA/UL Electric Indicator, Fast Blow, 0.062A, 125VAC, 125VDC, 50A (IR), Surface Mount, NANO",VERY FAST,AUTOMOTIVE,FAST,CERAMIC,NANO,Low,SURFACE MOUNT,SURFACE MOUNT,125.0,-55.0,6.1,6.1,50.0,0.062,125.0,125.0,125.0
A803,nan,UNKNOWN,NOT SPECIFIED,VERY FAST,UNKNOWN,NOT SPECIFIED,Low,UNKNOWN,SURFACE MOUNT,55.0,-55.0,6.1,8.4,50.0,6.3,125.0,125.0,125.0
A804,"Indicator Chip Very Fast Movement 6.3A 125V SMD Solder Pad 2410 Ceramic T/R CSA/PSE/UL Electric Indicator, Fast Blow, 6.3A, 125VAC, 125VDC, 50A (IR), Surface Mount, NANO",VERY FAST,AUTOMOTIVE,FAST,CERAMIC,NANO,Low,SURFACE MOUNT,SURFACE MOUNT,125.0,-55.0,6.1,6.1,50.0,6.3,125.0,125.0,125.0
A805,"Indicator Chip Very Fast Movement 0.08A 125V SMD Solder Pad 2410 Ceramic T/R CSA/UL Electric Indicator, Fast Blow, 0.08A, 125VAC, 125VDC, 50A (IR), Surface Mount, NANO",VERY FAST,AUTOMOTIVE,FAST,CERAMIC,NANO,Low,SURFACE MOUNT,SURFACE MOUNT,125.0,-55.0,6.1,6.1,50.0,0.08,125.0,125.0,125.0
A806,"Indicator Chip Very Fast Movement 0.1A 125V SMD Solder Pad 2410 Ceramic T/R CSA/UL Electric Indicator, Fast Blow, 0.1A, 125VAC, 125VDC, 50A (IR), Surface Mount, NANO",VERY FAST,AUTOMOTIVE,FAST,CERAMIC,NANO,Low,SURFACE MOUNT,SURFACE MOUNT,125.0,-55.0,6.1,6.1,50.0,0.1,125.0,125.0,125.0
A807,nan,UNKNOWN,NOT SPECIFIED,VERY FAST,UNKNOWN,NOT SPECIFIED,Low,UNKNOWN,SURFACE MOUNT,55.0,-55.0,6.1,8.4,50.0,1.25,125.0,125.0,125.0
A808,"Indicator Chip Very Fast Movement 1.25A 125V SMD Solder Pad 2410 Ceramic T/R CSA/PSE/UL Electric Indicator, Fast Blow, 0.125A, 125VAC, 125VDC, 50A (IR), Surface Mount, NANO",VERY FAST,AUTOMOTIVE,FAST,CERAMIC,NANO,Low,SURFACE MOUNT,SURFACE MOUNT,125.0,-55.0,6.1,6.1,50.0,1.25,125.0,125.0,125.0
A809,"Indicator Chip Very Fast Movement 0.16A 125V SMD Solder Pad 2410 Ceramic T/R CSA/UL Electric Indicator, Fast Blow, 0.16A, 125VAC, 125VDC, 50A (IR), Surface Mount, NANO",VERY FAST,AUTOMOTIVE,FAST,CERAMIC,NANO,Low,SURFACE MOUNT,SURFACE MOUNT,125.0,-55.0,6.1,6.1,50.0,0.16,125.0,125.0,125.0
A810,"Indicator Chip Very Fast Movement 0.2A 125V SMD Solder Pad 2410 Ceramic T/R CSA/UL Electric Indicator, Fast Blow, 0.2A, 125VAC, 125VDC, 50A (IR), Surface Mount, NANO",VERY FAST,AUTOMOTIVE,FAST,CERAMIC,NANO,Low,SURFACE MOUNT,SURFACE MOUNT,125.0,-55.0,6.1,6.1,50.0,0.2,125.0,125.0,125.0
A811,"Indicator Chip Very Fast Movement 0.25A 125V SMD Solder Pad 2410 Ceramic T/R CSA/UL Electric Indicator, Fast Blow, 0.25A, 125VAC, 125VDC, 50A (IR), Surface Mount, NANO",VERY FAST,AUTOMOTIVE,FAST,CERAMIC,NANO,Low,SURFACE MOUNT,SURFACE MOUNT,125.0,-55.0,6.1,6.1,50.0,0.25,125.0,125.0,125.0
A812,nan,UNKNOWN,NOT SPECIFIED,VERY FAST,UNKNOWN,NOT SPECIFIED,Low,UNKNOWN,SURFACE MOUNT,55.0,-55.0,6.1,8.4,50.0,3.15,125.0,125.0,125.0
A813,"Indicator Chip Very Fast Movement 3.15A 125V SMD Solder Pad 2410 Ceramic T/R CSA/PSE/UL Electric Indicator, Fast Blow, 0.315A, 125VAC, 125VDC, 50A (IR), Surface Mount, NANO",VERY FAST,AUTOMOTIVE,FAST,CERAMIC,NANO,Low,SURFACE MOUNT,SURFACE MOUNT,125.0,-55.0,6.1,6.1,50.0,3.15,125.0,125.0,125.0
A814,nan,UNKNOWN,NOT SPECIFIED,VERY FAST,UNKNOWN,NOT SPECIFIED,Low,UNKNOWN,SURFACE MOUNT,55.0,-55.0,6.1,8.4,50.0,0.375,125.0,125.0,125.0
A815,"Indicator Chip Very Fast Movement 0.375A 125V SMD Solder Pad 2410 Ceramic T/R CSA/UL Electric Indicator, Fast Blow, 0.375A, 125VAC, 125VDC, 50A (IR), Surface Mount, NANO",VERY FAST,AUTOMOTIVE,FAST,CERAMIC,NANO,Low,SURFACE MOUNT,SURFACE MOUNT,125.0,-55.0,6.1,6.1,50.0,0.375,125.0,125.0,125.0
A816,"Indicator Chip Very Fast Movement 0.4A 125V SMD Solder Pad 2410 Ceramic T/R CSA/UL Electric Indicator, Fast Blow, 0.4A, 125VAC, 125VDC, 50A (IR), Surface Mount, NANO",VERY FAST,AUTOMOTIVE,FAST,CERAMIC,NANO,Low,SURFACE MOUNT,SURFACE MOUNT,125.0,-55.0,6.1,6.1,50.0,0.4,125.0,125.0,125.0
A817,"Indicator Chip Very Fast Movement 0.5A 125V SMD Solder Pad 2410 Ceramic T/R CSA/UL Electric Indicator, Fast Blow, 0.5A, 125VAC, 125VDC, 50A (IR), Surface Mount, NANO",VERY FAST,AUTOMOTIVE,FAST,CERAMIC,NANO,Low,SURFACE MOUNT,SURFACE MOUNT,125.0,-55.0,6.1,6.1,50.0,0.5,125.0,125.0,125.0
A818,"Indicator Chip Very Fast Movement 0.63A 125V SMD Solder Pad 2410 Ceramic T/R CSA/UL Electric Indicator, Fast Blow, 0.63A, 125VAC, 125VDC, 50A (IR), Surface Mount, NANO",VERY FAST,AUTOMOTIVE,FAST,CERAMIC,NANO,Low,SURFACE MOUNT,SURFACE MOUNT,125.0,-55.0,6.1,6.1,50.0,0.63,125.0,125.0,125.0
A819,"Indicator Chip Very Fast Movement 0.75A 125V SMD Solder Pad 2410 Ceramic T/R CSA/UL Electric Indicator, Fast Blow, 0.75A, 125VAC, 125VDC, 50A (IR), Surface Mount, NANO",VERY FAST,AUTOMOTIVE,FAST,CERAMIC,NANO,Low,SURFACE MOUNT,SURFACE MOUNT,125.0,-55.0,6.1,6.1,50.0,0.75,125.0,125.0,125.0
A820,"Indicator Chip Very Fast Movement 0.8A 125V SMD Solder Pad 2410 Ceramic T/R CSA/UL Electric Indicator, Fast Blow, 0.8A, 125VAC, 125VDC, 50A (IR), Surface Mount, NANO",VERY FAST,AUTOMOTIVE,FAST,CERAMIC,NANO,Low,SURFACE MOUNT,SURFACE MOUNT,125.0,-55.0,6.1,6.1,50.0,0.8,125.0,125.0,125.0
A821,nan,UNKNOWN,NOT SPECIFIED,VERY FAST,UNKNOWN,NOT SPECIFIED,High,UNKNOWN,SURFACE MOUNT,55.0,-55.0,6.1,8.4,50.0,1.0,125.0,125.0,125.0
A822,nan,VERY FAST,AUTOMOTIVE,UNKNOWN,CERAMIC,6.1 X 2.69mm,UNKNOWN,SURFACE MOUNT,NOT SPECIFIED,55.0,-55.0,6.1,6.1,50.0,1.0,125.0,125.0,125.0
A823,"Indicator Chip Very Fast Movement 1A 125V SMD Solder Pad 2410 Ceramic T/R CE/CSA/PSE/UL Electric Indicator, Very Fast Blow, 1A, 125VAC, 125VDC, 50A (IR), Surface Mount, NANO",VERY FAST,AUTOMOTIVE,VERY FAST,CERAMIC,6.1 X 2.69mm,High,SURFACE MOUNT,SURFACE MOUNT,125.0,-55.0,6.1,6.1,50.0,1.0,125.0,125.0,1.0
A824,"Indicator Chip Very Fast Movement 1A 125V SMD Solder Pad 2410 Ceramic T/R CE/CSA/PSE/UL Electric Indicator, Very Fast Blow, 1A, 125VAC, 125VDC, 50A (IR), Surface Mount, NANO",VERY FAST,AUTOMOTIVE,VERY FAST,CERAMIC,NANO,Low,SURFACE MOUNT,SURFACE MOUNT,125.0,-55.0,6.1,6.1,50.0,1.0,125.0,125.0,125.0
A825,"Indicator Chip Very Fast Movement 1A 125V SMD Solder Pad 2410 Ceramic T/R CE/CSA/PSE/UL Electric Indicator, Very Fast Blow, 1A, 125VAC, 125VDC, 50A (IR), Surface Mount, NANO",VERY FAST,AUTOMOTIVE,VERY FAST,CERAMIC,6.1 X 2.69mm,High,SURFACE MOUNT,SURFACE MOUNT,125.0,-55.0,6.1,6.1,50.0,1.0,125.0,125.0,1.0
A826,"Indicator Chip Very Fast Movement 1A 125V SMD Solder Pad 2410 Ceramic T/R CE/CSA/PSE/UL Electric Indicator, Very Fast Blow, 1A, 125VAC, 125VDC, 50A (IR), Surface Mount, NANO",VERY FAST,AUTOMOTIVE,VERY FAST,CERAMIC,NANO,Low,SURFACE MOUNT,SURFACE MOUNT,125.0,-55.0,6.1,6.1,50.0,1.0,125.0,125.0,125.0
A827,nan,VERY FAST,AUTOMOTIVE,UNKNOWN,CERAMIC,6.1 X 2.69mm,UNKNOWN,SURFACE MOUNT,NOT SPECIFIED,55.0,-55.0,6.1,6.1,50.0,1.0,125.0,125.0,125.0
A828,"Indicator Chip Very Fast Movement 2A 125V SMD Solder Pad 2410 Ceramic CE/CSA/PSE/UL Electric Indicator, Very Fast Blow, 2A, 125VAC, 125VDC, 50A (IR), Surface Mount",VERY FAST,AUTOMOTIVE,VERY FAST,CERAMIC,6.1 X 2.69mm,High,SURFACE MOUNT,SURFACE MOUNT,125.0,-55.0,6.1,6.1,50.0,2.0,125.0,125.0,2.0
A829,nan,VERY FAST,AUTOMOTIVE,UNKNOWN,CERAMIC,6.1 X 2.69mm,UNKNOWN,SURFACE MOUNT,NOT SPECIFIED,55.0,-55.0,6.1,6.1,50.0,2.0,125.0,125.0,125.0
A830,"Indicator Chip Very Fast Movement 2A 125V SMD Solder Pad 2410 Ceramic T/R CE/CSA/PSE/UL Electric Indicator, Very Fast Blow, 2A, 125VAC, 125VDC, 50A (IR), Surface Mount, NANO",VERY FAST,AUTOMOTIVE,VERY FAST,CERAMIC,6.1 X 2.69mm,High,SURFACE MOUNT,SURFACE MOUNT,125.0,-55.0,6.1,6.1,50.0,2.0,125.0,125.0,2.0
A831,"Indicator Chip Very Fast Movement 2A 125V SMD Solder Pad 2410 Ceramic T/R Automotive CE/CSA/PSE/UL Electric Indicator, Very Fast Blow, 2A, 125VAC, 125VDC, 50A (IR), Surface Mount, NANO",VERY FAST,AUTOMOTIVE,VERY FAST,CERAMIC,NANO,Low,SURFACE MOUNT,SURFACE MOUNT,125.0,-55.0,6.1,6.1,50.0,2.0,125.0,125.0,125.0
A832,"Indicator Chip Very Fast Movement 2A 125V SMD Solder Pad 2410 Ceramic T/R CSA/PSE/UL Electric Indicator, Very Fast Blow, 2A, 50A (IR), NANO",VERY FAST,AUTOMOTIVE,VERY FAST,CERAMIC,6.1 X 2.69mm,Low,SURFACE MOUNT,NOT SPECIFIED,125.0,-55.0,6.1,6.1,50.0,2.0,125.0,125.0,125.0
A833,"Indicator Chip Very Fast Movement 2A 125V SMD Solder Pad 2410 Ceramic T/R CE/CSA/PSE/UL Electric Indicator, Very Fast Blow, 2A, 125VAC, 125VDC, 50A (IR), Surface Mount, NANO",VERY FAST,AUTOMOTIVE,VERY FAST,CERAMIC,6.1 X 2.69mm,High,SURFACE MOUNT,SURFACE MOUNT,125.0,-55.0,6.1,6.1,50.0,2.0,125.0,125.0,2.0
A834,"Indicator Chip Very Fast Movement 2A 125V SMD Solder Pad 2410 Ceramic T/R CE/CSA/PSE/UL Electric Indicator, Very Fast Blow, 2A, 125VAC, 125VDC, 50A (IR), Surface Mount, NANO",VERY FAST,AUTOMOTIVE,VERY FAST,CERAMIC,NANO,Low,SURFACE MOUNT,SURFACE MOUNT,125.0,-55.0,6.1,6.1,50.0,2.0,125.0,125.0,125.0
A835,Indicator Chip Very Fast Movement 3A 125V SMD Solder Pad 2410 Ceramic CE/CSA/PSE/UL,VERY FAST,AUTOMOTIVE,UNKNOWN,CERAMIC,6.1 X 2.69mm,High,SURFACE MOUNT,NOT SPECIFIED,55.0,-55.0,6.1,6.1,50.0,3.0,125.0,125.0,125.0
A836,"Indicator Chip Very Fast Movement 3A 125V SMD Solder Pad 2410 Ceramic T/R CE/CSA/PSE/UL Electric Indicator, Very Fast Blow, 3A, 125VAC, 125VDC, 50A (IR), Surface Mount, NANO",VERY FAST,AUTOMOTIVE,VERY FAST,CERAMIC,6.1 X 2.69mm,High,SURFACE MOUNT,SURFACE MOUNT,125.0,-55.0,6.1,6.1,50.0,3.0,125.0,125.0,3.0
A837,"Indicator Chip Very Fast Movement 3A 125V SMD Solder Pad 2410 Ceramic T/R CE/CSA/PSE/UL Electric Indicator, Very Fast Blow, 3A, 125VAC, 125VDC, 50A (IR), Surface Mount, NANO",VERY FAST,AUTOMOTIVE,VERY FAST,CERAMIC,NANO,Low,SURFACE MOUNT,SURFACE MOUNT,125.0,-55.0,6.1,6.1,50.0,3.0,125.0,125.0,125.0
A838,"Indicator Chip Very Fast Movement 3A 125V SMD Solder Pad 2410 Ceramic T/R CE/CSA/PSE/UL Electric Indicator, Very Fast Blow, 3A, 125VAC, 125VDC, 50A (IR), Surface Mount, NANO",VERY FAST,AUTOMOTIVE,VERY FAST,CERAMIC,6.1 X 2.69mm,High,SURFACE MOUNT,SURFACE MOUNT,125.0,-55.0,6.1,6.1,50.0,3.0,125.0,125.0,3.0
A839,"Indicator Chip Very Fast Movement 3A 125V SMD Solder Pad 2410 Ceramic T/R CE/CSA/PSE/UL Electric Indicator, Very Fast Blow, 3A, 125VAC, 125VDC, 50A (IR), Surface Mount, NANO",VERY FAST,AUTOMOTIVE,VERY FAST,CERAMIC,6.1 X 2.69mm,Low,SURFACE MOUNT,SURFACE MOUNT,125.0,-55.0,6.1,6.1,50.0,3.0,125.0,125.0,125.0
A840,nan,VERY FAST,AUTOMOTIVE,UNKNOWN,CERAMIC,6.1 X 2.69mm,UNKNOWN,SURFACE MOUNT,NOT SPECIFIED,55.0,-55.0,6.1,6.1,50.0,3.0,125.0,125.0,125.0
A841,Indicator Chip Very Fast Movement 4A 125V SMD Solder Pad 2410 Ceramic CE/CSA/PSE/UL Electric Indicator,VERY FAST,AUTOMOTIVE,UNKNOWN,CERAMIC,6.1 X 2.69mm,High,SURFACE MOUNT,NOT SPECIFIED,55.0,-55.0,6.1,6.1,50.0,4.0,125.0,125.0,125.0
A842,nan,VERY FAST,AUTOMOTIVE,UNKNOWN,CERAMIC,6.1 X 2.69mm,UNKNOWN,SURFACE MOUNT,NOT SPECIFIED,55.0,-55.0,6.1,6.1,50.0,4.0,125.0,125.0,125.0
A843,"Indicator Chip Very Fast Movement 4A 125V SMD Solder Pad 2410 Ceramic T/R CE/CSA/PSE/UL Electric Indicator, Very Fast Blow, 4A, 50A (IR), NANO",VERY FAST,AUTOMOTIVE,VERY FAST,CERAMIC,6.1 X 2.69mm,High,SURFACE MOUNT,NOT SPECIFIED,125.0,-55.0,6.1,6.1,50.0,4.0,125.0,125.0,125.0
A844,"Indicator Chip Very Fast Movement 4A 125V SMD Solder Pad 2410 Ceramic T/R Automotive CE/CSA/PSE/UL Electric Indicator, Very Fast Blow, 4A, 125VAC, 125VDC, 50A (IR), Surface Mount, NANO",VERY FAST,AUTOMOTIVE,VERY FAST,CERAMIC,NANO,Low,SURFACE MOUNT,SURFACE MOUNT,125.0,-55.0,6.1,6.1,50.0,4.0,125.0,125.0,4.0
A845,"Indicator Chip Very Fast Movement 4A 125V SMD Solder Pad 2410 Ceramic T/R CE/CSA/PSE/UL Electric Indicator, Very Fast Blow, 4A, 50A (IR), NANO",VERY FAST,AUTOMOTIVE,VERY FAST,CERAMIC,6.1 X 2.69mm,High,SURFACE MOUNT,NOT SPECIFIED,125.0,-55.0,6.1,6.1,50.0,4.0,125.0,125.0,125.0
A846,"Indicator Chip Very Fast Movement 4A 125V SMD Solder Pad 2410 Ceramic T/R CE/CSA/PSE/UL Electric Indicator, Very Fast Blow, 4A, 125VAC, 125VDC, 50A (IR), Surface Mount, NANO",VERY FAST,AUTOMOTIVE,VERY FAST,CERAMIC,6.1 X 2.69mm,Low,SURFACE MOUNT,SURFACE MOUNT,125.0,-55.0,6.1,6.1,50.0,4.0,125.0,125.0,125.0
A847,nan,VERY FAST,AUTOMOTIVE,UNKNOWN,CERAMIC,6.1 X 2.69mm,UNKNOWN,SURFACE MOUNT,NOT SPECIFIED,55.0,-55.0,6.1,6.1,50.0,4.0,125.0,125.0,125.0
A848,"Indicator Chip Very Fast Movement 5A 125V SMD Solder Pad 2410 Ceramic CE/CSA/PSE/UL Electric Indicator, Very Fast Blow, 5A, 125VAC, 125VDC, 50A (IR), Surface Mount, NANO",VERY FAST,AUTOMOTIVE,VERY FAST,CERAMIC,NANO,High,SURFACE MOUNT,SURFACE MOUNT,125.0,-55.0,6.1,6.1,50.0,5.0,125.0,125.0,5.0
A849,nan,VERY FAST,AUTOMOTIVE,UNKNOWN,CERAMIC,6.1 X 2.69mm,UNKNOWN,SURFACE MOUNT,NOT SPECIFIED,55.0,-55.0,6.1,6.1,50.0,5.0,125.0,125.0,125.0
A850,"Indicator Chip Very Fast Movement 5A 125V SMD Solder Pad 2410 Ceramic T/R CE/CSA/PSE/UL Electric Indicator, Very Fast Blow, 5A, 125VAC, 125VDC, 50A (IR), Surface Mount, NANO",VERY FAST,AUTOMOTIVE,VERY FAST,CERAMIC,6.1 X 2.69mm,High,SURFACE MOUNT,SURFACE MOUNT,125.0,-55.0,6.1,6.1,50.0,5.0,125.0,125.0,5.0
A851,"Indicator Chip Very Fast Movement 5A 125V SMD Solder Pad 2410 Ceramic T/R Automotive CE/CSA/PSE/UL Electric Indicator, Very Fast Blow, 5A, 125VAC, 125VDC, 50A (IR), Surface Mount, NANO",VERY FAST,AUTOMOTIVE,VERY FAST,CERAMIC,NANO,Low,SURFACE MOUNT,SURFACE MOUNT,125.0,-55.0,6.1,6.1,50.0,5.0,125.0,125.0,125.0
A852,"Indicator Chip Very Fast Movement 5A 125V SMD Solder Pad 2410 Ceramic T/R CE/CSA/PSE/UL Electric Indicator, Very Fast Blow, 5A, 125VAC, 125VDC, 50A (IR), Surface Mount, NANO",VERY FAST,AUTOMOTIVE,VERY FAST,CERAMIC,6.1 X 2.69mm,High,SURFACE MOUNT,SURFACE MOUNT,125.0,-55.0,6.1,6.1,50.0,5.0,125.0,125.0,5.0
A853,"Indicator Chip Very Fast Movement 5A 125V SMD Solder Pad 2410 Ceramic T/R CE/CSA/PSE/UL Electric Indicator, Very Fast Blow, 5A, 125VAC, 125VDC, 50A (IR), Surface Mount, NANO",VERY FAST,AUTOMOTIVE,VERY FAST,CERAMIC,NANO,Low,SURFACE MOUNT,SURFACE MOUNT,125.0,-55.0,6.1,6.1,50.0,5.0,125.0,125.0,125.0
A854,Indicator Chip Very Fast Movement 7A 125V SMD Solder Pad 2410 Ceramic CE/CSA/PSE/UL,VERY FAST,AUTOMOTIVE,UNKNOWN,CERAMIC,6.1 X 2.69mm,High,SURFACE MOUNT,NOT SPECIFIED,55.0,-55.0,6.1,6.1,50.0,7.0,125.0,125.0,125.0
A855,"Indicator Chip Very Fast Movement 7A 125V SMD Solder Pad 2410 Ceramic T/R CE/CSA/PSE/UL Electric Indicator, Very Fast Blow, 7A, 125VAC, 125VDC, 50A (IR), Surface Mount, NANO",VERY FAST,AUTOMOTIVE,VERY FAST,CERAMIC,6.1 X 2.69mm,High,SURFACE MOUNT,SURFACE MOUNT,125.0,-55.0,6.1,6.1,50.0,7.0,125.0,125.0,7.0
A856,"Indicator Chip Very Fast Movement 7A 125V SMD Solder Pad 2410 Ceramic T/R CE/CSA/PSE/UL Electric Indicator, Very Fast Blow, 7A, 125VAC, 125VDC, 50A (IR), Surface Mount, NANO",VERY FAST,AUTOMOTIVE,VERY FAST,CERAMIC,NANO,Low,SURFACE MOUNT,SURFACE MOUNT,125.0,-55.0,6.1,6.1,50.0,7.0,125.0,125.0,125.0
A857,"Indicator Chip Very Fast Movement 7A 125V SMD Solder Pad 2410 Ceramic T/R CSA/PSE/UL Electric Indicator, Very Fast Blow, 7A, 50A (IR), NANO",VERY FAST,AUTOMOTIVE,VERY FAST,CERAMIC,6.1 X 2.69mm,Low,SURFACE MOUNT,NOT SPECIFIED,125.0,-55.0,6.1,6.1,50.0,7.0,125.0,125.0,125.0
A858,"Indicator Chip Very Fast Movement 7A 125V SMD Solder Pad 2410 Ceramic T/R CE/CSA/PSE/UL Electric Indicator, Very Fast Blow, 7A, 125VAC, 125VDC, 50A (IR), Surface Mount, NANO",VERY FAST,AUTOMOTIVE,VERY FAST,CERAMIC,6.1 X 2.69mm,High,SURFACE MOUNT,SURFACE MOUNT,125.0,-55.0,6.1,6.1,50.0,7.0,125.0,125.0,7.0
A859,"Indicator Chip Very Fast Movement 7A 125V SMD Solder Pad 2410 Ceramic T/R CE/CSA/PSE/UL Electric Indicator, Very Fast Blow, 7A, 125VAC, 125VDC, 50A (IR), Surface Mount, NANO",VERY FAST,AUTOMOTIVE,VERY FAST,CERAMIC,NANO,Low,SURFACE MOUNT,SURFACE MOUNT,125.0,-55.0,6.1,6.1,50.0,7.0,125.0,125.0,125.0
A860,nan,VERY FAST,AUTOMOTIVE,UNKNOWN,CERAMIC,6.1 X 2.69mm,UNKNOWN,SURFACE MOUNT,NOT SPECIFIED,55.0,-55.0,6.1,6.1,50.0,7.0,125.0,125.0,125.0
A861,nan,UNKNOWN,NOT SPECIFIED,VERY FAST,UNKNOWN,NANO,High,UNKNOWN,NOT SPECIFIED,55.0,-55.0,6.1,8.4,50.0,8.0,125.0,0.0,0.0
A862,"Indicator Chip Very Fast Movement 8A 125V SMD Solder Pad 2410 Ceramic T/R CE/CSA/PSE/UL Electric Indicator, Very Fast Blow, 8A, 125VAC, 125VDC, 50A (IR), Surface Mount, NANO",VERY FAST,AUTOMOTIVE,VERY FAST,CERAMIC,6.1 X 2.69mm,High,SURFACE MOUNT,SURFACE MOUNT,125.0,-55.0,6.1,6.1,50.0,8.0,125.0,125.0,8.0
A863,"Indicator Chip Very Fast Movement 8A 125V SMD Solder Pad 2410 Ceramic T/R CE/CSA/PSE/UL Electric Indicator, Very Fast Blow, 8A, 125VAC, 125VDC, 50A (IR), Surface Mount, NANO",VERY FAST,AUTOMOTIVE,VERY FAST,CERAMIC,NANO,Low,SURFACE MOUNT,SURFACE MOUNT,125.0,-55.0,6.1,6.1,50.0,8.0,125.0,125.0,125.0
A864,"Indicator Chip Very Fast Movement 8A 125V SMD Solder Pad 2410 Ceramic T/R CE/CSA/PSE/UL Electric Indicator, Very Fast Blow, 8A, 125VAC, 125VDC, 50A (IR), Surface Mount, NANO",VERY FAST,AUTOMOTIVE,VERY FAST,CERAMIC,NANO,Low,SURFACE MOUNT,SURFACE MOUNT,125.0,-55.0,6.1,6.1,50.0,8.0,125.0,125.0,125.0
A865,nan,VERY FAST,AUTOMOTIVE,UNKNOWN,CERAMIC,6.1 X 2.69mm,UNKNOWN,SURFACE MOUNT,NOT SPECIFIED,55.0,-55.0,6.1,6.1,50.0,8.0,125.0,125.0,125.0
A866,nan,VERY FAST,AUTOMOTIVE,UNKNOWN,CERAMIC,6.1 X 2.69mm,UNKNOWN,SURFACE MOUNT,NOT SPECIFIED,55.0,-55.0,6.1,6.1,50.0,10.0,125.0,125.0,125.0
A867,"Indicator Chip Very Fast Movement 10A 125V SMD Solder Pad 2410 Ceramic T/R CE/CSA/PSE/UL Electric Indicator, Very Fast Blow, 10A, 125VAC, 125VDC, 35A (IR), Surface Mount, NANO",VERY FAST,AUTOMOTIVE,VERY FAST,CERAMIC,6.1 X 2.69mm,High,SURFACE MOUNT,SURFACE MOUNT,125.0,-55.0,6.1,6.1,35.0,10.0,125.0,125.0,125.0
A868,"Indicator Chip Very Fast Movement 10A 125V SMD Solder Pad 2410 Ceramic T/R CSA/PSE/UL Electric Indicator, Very Fast Blow, 10A, 125VAC, 125VDC, 50A (IR), Surface Mount, NANO",VERY FAST,AUTOMOTIVE,VERY FAST,CERAMIC,NANO,Low,SURFACE MOUNT,SURFACE MOUNT,125.0,-55.0,6.1,6.1,50.0,10.0,125.0,125.0,125.0
A869,"Indicator Chip Very Fast Movement 10A 125V SMD Solder Pad 2410 Ceramic T/R CE/CSA/PSE/UL Electric Indicator, Very Fast Blow, 10A, 125VAC, 125VDC, 35A (IR), Surface Mount, NANO",VERY FAST,AUTOMOTIVE,VERY FAST,CERAMIC,6.1 X 2.69mm,High,SURFACE MOUNT,SURFACE MOUNT,125.0,-55.0,6.1,6.1,35.0,10.0,125.0,125.0,125.0
A870,"Indicator Chip Very Fast Movement 10A 125V SMD Solder Pad 2410 Ceramic T/R CE/CSA/PSE/UL Electric Indicator, Very Fast Blow, 10A, 125VAC, 125VDC, 35A (IR), Surface Mount, NANO",VERY FAST,AUTOMOTIVE,VERY FAST,CERAMIC,NANO,Low,SURFACE MOUNT,SURFACE MOUNT,125.0,-55.0,6.1,6.1,35.0,10.0,125.0,125.0,125.0
A871,nan,VERY FAST,AUTOMOTIVE,UNKNOWN,CERAMIC,6.1 X 2.69mm,UNKNOWN,SURFACE MOUNT,NOT SPECIFIED,55.0,-55.0,6.1,6.1,50.0,10.0,125.0,125.0,125.0
A872,"Indicator Chip Very Fast Movement 12A 65V SMD Solder Pad 2410 Ceramic T/R CE/CSA/PSE/UL Electric Indicator, Very Fast Blow, 12A, 65VAC, 65VDC, 50A (IR), Surface Mount, NANO",VERY FAST,AUTOMOTIVE,VERY FAST,CERAMIC,6.1 X 2.69mm,High,SURFACE MOUNT,SURFACE MOUNT,55.0,-55.0,6.1,6.1,50.0,12.0,65.0,65.0,12.0
A873,"Indicator Chip Very Fast Movement 12A 65V SMD Solder Pad 2410 Ceramic T/R Automotive CE/CSA/PSE/UL Electric Indicator, Very Fast Blow, 12A, 65VAC, 65VDC, 50A (IR), Surface Mount, NANO",VERY FAST,AUTOMOTIVE,VERY FAST,CERAMIC,NANO,Low,SURFACE MOUNT,SURFACE MOUNT,55.0,-55.0,6.1,6.1,50.0,12.0,65.0,65.0,65.0
A874,"Indicator Chip Very Fast Movement 12A 65V SMD Solder Pad 2410 Ceramic T/R CE/CSA/PSE/UL Electric Indicator, Very Fast Blow, 12A, 65VAC, 65VDC, 50A (IR), Surface Mount, NANO",VERY FAST,AUTOMOTIVE,VERY FAST,CERAMIC,6.1 X 2.69mm,High,SURFACE MOUNT,SURFACE MOUNT,55.0,-55.0,6.1,6.1,50.0,12.0,65.0,65.0,12.0
A875,"Indicator Chip Very Fast Movement 12A 65V SMD Solder Pad 2410 Ceramic T/R CE/CSA/PSE/UL Electric Indicator, Very Fast Blow, 12A, 65VAC, 65VDC, 50A (IR), Surface Mount, NANO",VERY FAST,AUTOMOTIVE,VERY FAST,CERAMIC,NANO,Low,SURFACE MOUNT,SURFACE MOUNT,55.0,-55.0,6.1,6.1,50.0,12.0,65.0,65.0,65.0
A876,nan,VERY FAST,AUTOMOTIVE,UNKNOWN,CERAMIC,6.1 X 2.69mm,UNKNOWN,SURFACE MOUNT,NOT SPECIFIED,55.0,-55.0,6.1,6.1,50.0,12.0,65.0,65.0,65.0
A877,"Indicator Chip Very Fast Movement 1.5A 125V SMD Solder Pad 2410 Ceramic CE/CSA/PSE/UL Electric Indicator, Very Fast Blow, 15A, 65VAC, 65VDC, 100A (IR), Surface Mount",VERY FAST,AUTOMOTIVE,VERY FAST,CERAMIC,6.1 X 2.69mm,High,SURFACE MOUNT,SURFACE MOUNT,125.0,-55.0,6.1,6.1,100.0,15.0,65.0,65.0,1.5
A878,nan,VERY FAST,AUTOMOTIVE,UNKNOWN,CERAMIC,6.1 X 2.69mm,UNKNOWN,SURFACE MOUNT,NOT SPECIFIED,55.0,-55.0,6.1,6.1,50.0,15.0,65.0,65.0,65.0
A879,"Indicator Chip Very Fast Movement 15A 65V SMD Solder Pad 2410 Ceramic T/R CE/CSA/PSE/UL Electric Indicator, Very Fast Blow, 1.5A, 125VAC, 125VDC, 50A (IR), Surface Mount, NANO",VERY FAST,AUTOMOTIVE,VERY FAST,CERAMIC,6.1 X 2.69mm,High,SURFACE MOUNT,SURFACE MOUNT,125.0,-55.0,6.1,6.1,50.0,15.0,65.0,125.0,15.0
A880,"Indicator Chip Very Fast Movement 15A 65V SMD Solder Pad 2410 Ceramic T/R CSA/PSE/UL Electric Indicator, Very Fast Blow, 1.5A, 125VAC, 125VDC, 50A (IR), Surface Mount, NANO",VERY FAST,AUTOMOTIVE,VERY FAST,CERAMIC,NANO,Low,SURFACE MOUNT,SURFACE MOUNT,125.0,-55.0,6.1,6.1,50.0,15.0,65.0,125.0,65.0
A881,"Indicator Chip Very Fast Movement 1.5A 125V SMD Solder Pad 2410 Ceramic T/R CE/CSA/PSE/UL Electric Indicator, Very Fast Blow, 15A, 65VAC, 65VDC, 50A (IR), Surface Mount, NANO",VERY FAST,AUTOMOTIVE,VERY FAST,CERAMIC,6.1 X 2.69mm,High,SURFACE MOUNT,SURFACE MOUNT,125.0,-55.0,6.1,6.1,50.0,1.5,125.0,65.0,125.0
A882,"Indicator Chip Very Fast Movement 1.5A 125V SMD Solder Pad 2410 Ceramic T/R CE/CSA/PSE/UL Electric Indicator, Very Fast Blow, 1.5A, 125VAC, 125VDC, 50A (IR), Surface Mount, NANO",VERY FAST,AUTOMOTIVE,VERY FAST,CERAMIC,NANO,Low,SURFACE MOUNT,SURFACE MOUNT,125.0,-55.0,6.1,6.1,50.0,15.0,65.0,125.0,65.0
A883,nan,VERY FAST,AUTOMOTIVE,UNKNOWN,CERAMIC,6.1 X 2.69mm,UNKNOWN,SURFACE MOUNT,NOT SPECIFIED,55.0,-55.0,6.1,6.1,50.0,15.0,65.0,65.0,65.0
A884,"Indicator Chip Very Fast Movement 1.6A 125V SMD Solder Pad 2410 Ceramic CE/CSA/PSE/UL Electric Indicator, Very Fast Blow, 1.6A",VERY FAST,AUTOMOTIVE,VERY FAST,CERAMIC,6.1 X 2.69mm,High,SURFACE MOUNT,NOT SPECIFIED,125.0,-55.0,6.1,6.1,50.0,1.6,125.0,125.0,125.0
A885,"Indicator Chip Very Fast Movement 1.6A 125V SMD Solder Pad 2410 Ceramic T/R CE/CSA/PSE/UL Electric Indicator, Very Fast Blow, 1.6A, 125VAC, 125VDC, 50A (IR), Surface Mount, NANO",VERY FAST,AUTOMOTIVE,VERY FAST,CERAMIC,6.1 X 2.69mm,High,SURFACE MOUNT,SURFACE MOUNT,125.0,-55.0,6.1,6.1,50.0,1.6,125.0,125.0,1.6
A886,"Indicator Chip Very Fast Movement 1.6A 125V SMD Solder Pad 2410 Ceramic T/R CE/CSA/PSE/UL Electric Indicator, Very Fast Blow, 1.6A, 125VAC, 125VDC, 50A (IR), Surface Mount, NANO",VERY FAST,AUTOMOTIVE,VERY FAST,CERAMIC,NANO,Low,SURFACE MOUNT,SURFACE MOUNT,125.0,-55.0,6.1,6.1,50.0,1.6,125.0,125.0,125.0
A887,"Indicator Chip Very Fast Movement 1.6A 125V SMD Solder Pad 2410 Ceramic T/R CE/CSA/PSE/UL Electric Indicator, Very Fast Blow, 1.6A, 125VAC, 125VDC, 50A (IR), Surface Mount, NANO",VERY FAST,AUTOMOTIVE,VERY FAST,CERAMIC,NANO,Low,SURFACE MOUNT,SURFACE MOUNT,125.0,-55.0,6.1,6.1,50.0,1.6,125.0,125.0,125.0
A888,nan,VERY FAST,AUTOMOTIVE,UNKNOWN,CERAMIC,6.1 X 2.69mm,UNKNOWN,SURFACE MOUNT,NOT SPECIFIED,55.0,-55.0,6.1,6.1,50.0,1.6,125.0,125.0,125.0
A889,Indicator Chip Very Fast Movement 20A 125V SMD Solder Pad 2410 Ceramic T/R Electric Indicator,VERY FAST,AUTOMOTIVE,UNKNOWN,CERAMIC,6.1 X 2.69mm,Low,SURFACE MOUNT,NOT SPECIFIED,55.0,-55.0,6.1,6.1,50.0,20.0,125.0,125.0,125.0
A890,"Indicator Chip Very Fast Movement 2.5A 125V SMD Solder Pad 2410 Ceramic T/R CE/CSA/PSE/UL Electric Indicator, Very Fast Blow, 2.5A, 125VAC, 125VDC, 50A (IR), Surface Mount, NANO",VERY FAST,AUTOMOTIVE,VERY FAST,CERAMIC,6.1 X 2.69mm,High,SURFACE MOUNT,SURFACE MOUNT,125.0,-55.0,6.1,6.1,50.0,2.5,125.0,125.0,2.5
A891,"Indicator Chip Very Fast Movement 2.5A 125V SMD Solder Pad 2410 Ceramic T/R CSA/PSE/UL Electric Indicator, Very Fast Blow, 2.5A, 125VAC, 125VDC, 50A (IR), Surface Mount, NANO",VERY FAST,AUTOMOTIVE,VERY FAST,CERAMIC,NANO,Low,SURFACE MOUNT,SURFACE MOUNT,125.0,-55.0,6.1,6.1,50.0,2.5,125.0,125.0,125.0
A892,"Indicator Chip Very Fast Movement 2.5A 125V SMD Solder Pad 2410 Ceramic T/R CE/CSA/PSE/UL Electric Indicator, Very Fast Blow, 2.5A, 125VAC, 125VDC, 50A (IR), Surface Mount, NANO",VERY FAST,AUTOMOTIVE,VERY FAST,CERAMIC,6.1 X 2.69mm,High,SURFACE MOUNT,SURFACE MOUNT,125.0,-55.0,6.1,6.1,50.0,2.5,125.0,125.0,2.5
A893,"Indicator Chip Very Fast Movement 2.5A 125V SMD Solder Pad 2410 Ceramic T/R CE/CSA/PSE/UL Electric Indicator, Very Fast Blow, 2.5A, 125VAC, 125VDC, 50A (IR), Surface Mount, NANO",VERY FAST,AUTOMOTIVE,VERY FAST,CERAMIC,NANO,Low,SURFACE MOUNT,SURFACE MOUNT,125.0,-55.0,6.1,6.1,50.0,2.5,125.0,125.0,125.0
A894,nan,VERY FAST,AUTOMOTIVE,UNKNOWN,CERAMIC,6.1 X 2.69mm,UNKNOWN,SURFACE MOUNT,NOT SPECIFIED,55.0,-55.0,6.1,6.1,50.0,3.5,125.0,125.0,125.0
A895,"Indicator Chip Very Fast Movement 3.5A 125V SMD Solder Pad 2410 Ceramic T/R CE/CSA/PSE/UL Electric Indicator, Very Fast Blow, 3.5A, 125VAC, 125VDC, 50A (IR), Surface Mount, NANO",VERY FAST,AUTOMOTIVE,VERY FAST,CERAMIC,6.1 X 2.69mm,High,SURFACE MOUNT,SURFACE MOUNT,125.0,-55.0,6.1,6.1,50.0,3.5,125.0,125.0,3.5
A896,"Indicator Chip Very Fast Movement 3.5A 125V SMD Solder Pad 2410 Ceramic T/R CE/CSA/PSE/UL Electric Indicator, Very Fast Blow, 3.5A, 125VAC, 125VDC, 50A (IR), Surface Mount, NANO",VERY FAST,AUTOMOTIVE,VERY FAST,CERAMIC,NANO,Low,SURFACE MOUNT,SURFACE MOUNT,125.0,-55.0,6.1,6.1,50.0,3.5,125.0,125.0,125.0
A897,"Indicator Chip Very Fast Movement 3.5A 125V SMD Solder Pad 2410 Ceramic T/R CE/CSA/PSE/UL Electric Indicator, Very Fast Blow, 3.5A, 125VAC, 125VDC, 50A (IR), Surface Mount, NANO",VERY FAST,AUTOMOTIVE,VERY FAST,CERAMIC,6.1 X 2.69mm,High,SURFACE MOUNT,SURFACE MOUNT,125.0,-55.0,6.1,6.1,50.0,3.5,125.0,125.0,3.5
A898,"Indicator Chip Very Fast Movement 3.5A 125V SMD Solder Pad 2410 Ceramic T/R CE/CSA/PSE/UL Electric Indicator, Very Fast Blow, 3.5A, 125VAC, 125VDC, 50A (IR), Surface Mount, NANO",VERY FAST,AUTOMOTIVE,VERY FAST,CERAMIC,NANO,Low,SURFACE MOUNT,SURFACE MOUNT,125.0,-55.0,6.1,6.1,50.0,3.5,125.0,125.0,125.0
A899,nan,VERY FAST,AUTOMOTIVE,UNKNOWN,CERAMIC,6.1 X 2.69mm,UNKNOWN,SURFACE MOUNT,NOT SPECIFIED,55.0,-55.0,6.1,6.1,50.0,3.5,125.0,125.0,125.0
A900,"Indicator Chip Very Fast Movement 0.062A 125V SMD Solder Pad 2410 Ceramic T/R CE/CSA/PSE/UL Electric Indicator, Very Fast Blow, 0.062A, 125VAC, 125VDC, 50A (IR), Surface Mount, NANO",VERY FAST,AUTOMOTIVE,VERY FAST,CERAMIC,6.1 X 2.69mm,High,SURFACE MOUNT,SURFACE MOUNT,125.0,-55.0,6.1,6.1,50.0,0.062,125.0,125.0,0.062
A901,"Indicator Chip Very Fast Movement 0.062A 125V SMD Solder Pad 2410 Ceramic T/R CE/CSA/PSE/UL Electric Indicator, Very Fast Blow, 0.062A, 125VAC, 125VDC, 50A (IR), Surface Mount, NANO",VERY FAST,AUTOMOTIVE,VERY FAST,CERAMIC,NANO,Low,SURFACE MOUNT,SURFACE MOUNT,125.0,-55.0,6.1,6.1,50.0,0.062,125.0,125.0,125.0
A902,"Indicator Chip Very Fast Movement 0.062A 125V SMD Solder Pad 2410 Ceramic T/R CE/CSA/PSE/UL Electric Indicator, Very Fast Blow, 0.062A, 125VAC, 125VDC, 50A (IR), Surface Mount, NANO",VERY FAST,AUTOMOTIVE,VERY FAST,CERAMIC,6.1 X 2.69mm,High,SURFACE MOUNT,SURFACE MOUNT,125.0,-55.0,6.1,6.1,50.0,0.062,125.0,125.0,0.062
A903,"Indicator Chip Very Fast Movement 0.062A 125V SMD Solder Pad 2410 Ceramic T/R CE/CSA/PSE/UL Electric Indicator, Very Fast Blow, 0.062A, 125VAC, 125VDC, 50A (IR), Surface Mount, NANO",VERY FAST,AUTOMOTIVE,VERY FAST,CERAMIC,NANO,Low,SURFACE MOUNT,SURFACE MOUNT,125.0,-55.0,6.1,6.1,50.0,0.062,125.0,125.0,125.0
A904,nan,VERY FAST,AUTOMOTIVE,UNKNOWN,CERAMIC,6.1 X 2.69mm,UNKNOWN,SURFACE MOUNT,NOT SPECIFIED,55.0,-55.0,6.1,6.1,50.0,6.3,125.0,125.0,125.0
A905,"Indicator Chip Very Fast Movement 6.3A 125V SMD Solder Pad 2410 Ceramic T/R CE/CSA/PSE/UL Electric Indicator, Very Fast Blow, 6.3A, 125VAC, 125VDC, 50A (IR), Surface Mount, NANO",VERY FAST,AUTOMOTIVE,VERY FAST,CERAMIC,6.1 X 2.69mm,High,SURFACE MOUNT,SURFACE MOUNT,125.0,-55.0,6.1,6.1,50.0,6.3,125.0,125.0,6.3
A906,"Indicator Chip Very Fast Movement 6.3A 125V SMD Solder Pad 2410 Ceramic T/R CE/CSA/PSE/UL Electric Indicator, Very Fast Blow, 6.3A, 125VAC, 125VDC, 50A (IR), Surface Mount, NANO",VERY FAST,AUTOMOTIVE,VERY FAST,CERAMIC,NANO,Low,SURFACE MOUNT,SURFACE MOUNT,125.0,-55.0,6.1,6.1,50.0,6.3,125.0,125.0,125.0
A907,"Indicator Chip Very Fast Movement 6.3A 125V SMD Solder Pad 2410 Ceramic T/R CSA/PSE/UL Electric Indicator, Very Fast Blow, 6.3A, 50A (IR), NANO",VERY FAST,AUTOMOTIVE,VERY FAST,CERAMIC,6.1 X 2.69mm,Low,SURFACE MOUNT,NOT SPECIFIED,125.0,-55.0,6.1,6.1,50.0,6.3,125.0,125.0,125.0
A908,"Indicator Chip Very Fast Movement 6.3A 125V SMD Solder Pad 2410 Ceramic T/R CE/CSA/PSE/UL Electric Indicator, Very Fast Blow, 6.3A, 125VAC, 125VDC, 50A (IR), Surface Mount, NANO",VERY FAST,AUTOMOTIVE,VERY FAST,CERAMIC,NANO,Low,SURFACE MOUNT,SURFACE MOUNT,125.0,-55.0,6.1,6.1,50.0,6.3,125.0,125.0,125.0
A909,nan,VERY FAST,AUTOMOTIVE,UNKNOWN,CERAMIC,6.1 X 2.69mm,UNKNOWN,SURFACE MOUNT,NOT SPECIFIED,55.0,-55.0,6.1,6.1,50.0,6.3,125.0,125.0,125.0
A910,"Indicator Chip Very Fast Movement 0.08A 125V SMD Solder Pad 2410 Ceramic T/R CE/CSA/PSE/UL Electric Indicator, Very Fast Blow, 0.08A, 125VAC, 125VDC, 50A (IR), Surface Mount, NANO",VERY FAST,AUTOMOTIVE,VERY FAST,CERAMIC,6.1 X 2.69mm,High,SURFACE MOUNT,SURFACE MOUNT,125.0,-55.0,6.1,6.1,50.0,0.08,125.0,125.0,0.08
A911,"Indicator Chip Very Fast Movement 0.08A 125V SMD Solder Pad 2410 Ceramic T/R CE/CSA/PSE/UL Electric Indicator, Very Fast Blow, 0.08A, 125VAC, 125VDC, 50A (IR), Surface Mount, NANO",VERY FAST,AUTOMOTIVE,VERY FAST,CERAMIC,NANO,Low,SURFACE MOUNT,SURFACE MOUNT,125.0,-55.0,6.1,6.1,50.0,0.08,125.0,125.0,125.0
A912,"Indicator Chip Very Fast Movement 0.08A 125V SMD Solder Pad 2410 Ceramic T/R CE/CSA/PSE/UL Electric Indicator, Very Fast Blow, 0.08A, 125VAC, 125VDC, 50A (IR), Surface Mount, NANO",VERY FAST,AUTOMOTIVE,VERY FAST,CERAMIC,NANO,Low,SURFACE MOUNT,SURFACE MOUNT,125.0,-55.0,6.1,6.1,50.0,0.08,125.0,125.0,125.0
A913,nan,VERY FAST,AUTOMOTIVE,UNKNOWN,CERAMIC,6.1 X 2.69mm,UNKNOWN,SURFACE MOUNT,NOT SPECIFIED,55.0,-55.0,6.1,6.1,50.0,0.1,125.0,125.0,125.0
A914,"Indicator Chip Very Fast Movement 0.1A 125V SMD Solder Pad 2410 Ceramic T/R CE/CSA/PSE/UL Electric Indicator, Very Fast Blow, 0.1A, 125VAC, 125VDC, 50A (IR), Surface Mount, NANO",VERY FAST,AUTOMOTIVE,VERY FAST,CERAMIC,6.1 X 2.69mm,High,SURFACE MOUNT,SURFACE MOUNT,125.0,-55.0,6.1,6.1,50.0,0.1,125.0,125.0,0.1
A915,"Indicator Chip Very Fast Movement 0.1A 125V SMD Solder Pad 2410 Ceramic T/R CE/CSA/PSE/UL Electric Indicator, Very Fast Blow, 0.1A, 125VAC, 125VDC, 50A (IR), Surface Mount, NANO",VERY FAST,AUTOMOTIVE,VERY FAST,CERAMIC,NANO,Low,SURFACE MOUNT,SURFACE MOUNT,125.0,-55.0,6.1,6.1,50.0,0.1,125.0,125.0,125.0
A916,"Indicator Chip Very Fast Movement 0.1A 125V SMD Solder Pad 2410 Ceramic T/R CE/CSA/PSE/UL Electric Indicator, Very Fast Blow, 0.1A, 125VAC, 125VDC, 50A (IR), Surface Mount, NANO",VERY FAST,AUTOMOTIVE,VERY FAST,CERAMIC,NANO,Low,SURFACE MOUNT,SURFACE MOUNT,125.0,-55.0,6.1,6.1,50.0,0.1,125.0,125.0,125.0
A917,"Indicator Chip Very Fast Movement 0.125A 125V SMD Solder Pad 2410 Ceramic T/R CE/CSA/PSE/UL Electric Indicator, Very Fast Blow, 0.125A, 125VAC, 125VDC, 50A (IR), Surface Mount, NANO",VERY FAST,AUTOMOTIVE,VERY FAST,CERAMIC,6.1 X 2.69mm,High,SURFACE MOUNT,SURFACE MOUNT,125.0,-55.0,6.1,6.1,50.0,1.25,125.0,125.0,0.125
A918,"Indicator Chip Very Fast Movement 1.25A 125V SMD Solder Pad 2410 Ceramic T/R CE/CSA/PSE/UL Electric Indicator, Very Fast Blow, 0.125A, 125VAC, 125VDC, 50A (IR), Surface Mount, NANO",VERY FAST,AUTOMOTIVE,VERY FAST,CERAMIC,NANO,Low,SURFACE MOUNT,SURFACE MOUNT,125.0,-55.0,6.1,6.1,50.0,1.25,125.0,125.0,125.0
A919,"Indicator Chip Very Fast Movement 0.125A 125V SMD Solder Pad 2410 Ceramic T/R CE/CSA/PSE/UL Electric Indicator, Very Fast Blow, 0.125A, 125VAC, 125VDC, 50A (IR), Surface Mount, NANO",VERY FAST,AUTOMOTIVE,VERY FAST,CERAMIC,6.1 X 2.69mm,High,SURFACE MOUNT,SURFACE MOUNT,125.0,-55.0,6.1,6.1,50.0,0.125,125.0,125.0,0.125
A920,"Indicator Chip Very Fast Movement 0.125A 125V SMD Solder Pad 2410 Ceramic T/R CE/CSA/PSE/UL Electric Indicator, Very Fast Blow, 0.125A, 125VAC, 125VDC, 50A (IR), Surface Mount, NANO",VERY FAST,AUTOMOTIVE,VERY FAST,CERAMIC,NANO,Low,SURFACE MOUNT,SURFACE MOUNT,125.0,-55.0,6.1,6.1,50.0,1.25,125.0,125.0,125.0
A921,nan,VERY FAST,AUTOMOTIVE,UNKNOWN,CERAMIC,6.1 X 2.69mm,UNKNOWN,SURFACE MOUNT,NOT SPECIFIED,55.0,-55.0,6.1,6.1,50.0,1.25,125.0,125.0,125.0
A922,nan,UNKNOWN,NOT SPECIFIED,VERY FAST,UNKNOWN,NOT SPECIFIED,High,UNKNOWN,NOT SPECIFIED,55.0,-55.0,6.1,8.4,50.0,0.16,125.0,0.0,0.0
A923,nan,VERY FAST,AUTOMOTIVE,UNKNOWN,CERAMIC,6.1 X 2.69mm,UNKNOWN,SURFACE MOUNT,NOT SPECIFIED,55.0,-55.0,6.1,6.1,50.0,0.16,125.0,125.0,125.0
A924,"Indicator Chip Very Fast Movement 0.16A 125V SMD Solder Pad 2410 Ceramic T/R CE/CSA/PSE/UL Electric Indicator, Very Fast Blow, 0.16A, 125VAC, 125VDC, 50A (IR), Surface Mount, NANO",VERY FAST,AUTOMOTIVE,VERY FAST,CERAMIC,6.1 X 2.69mm,High,SURFACE MOUNT,SURFACE MOUNT,125.0,-55.0,6.1,6.1,50.0,0.16,125.0,125.0,0.16
A925,"Indicator Chip Very Fast Movement 0.16A 125V SMD Solder Pad 2410 Ceramic T/R CSA/PSE/UL Electric Indicator, Very Fast Blow, 0.16A, 125VAC, 125VDC, 50A (IR), Surface Mount, NANO",VERY FAST,AUTOMOTIVE,VERY FAST,CERAMIC,NANO,Low,SURFACE MOUNT,SURFACE MOUNT,125.0,-55.0,6.1,6.1,50.0,0.16,125.0,125.0,125.0
A926,"Indicator Chip Very Fast Movement 0.16A 125V SMD Solder Pad 2410 Ceramic T/R CE/CSA/PSE/UL Electric Indicator, Very Fast Blow, 0.16A, 125VAC, 125VDC, 50A (IR), Surface Mount, NANO",VERY FAST,AUTOMOTIVE,VERY FAST,CERAMIC,6.1 X 2.69mm,High,SURFACE MOUNT,SURFACE MOUNT,125.0,-55.0,6.1,6.1,50.0,0.16,125.0,125.0,0.16
A927,"Indicator Chip Very Fast Movement 0.16A 125V SMD Solder Pad 2410 Ceramic T/R CE/CSA/PSE/UL Electric Indicator, Very Fast Blow, 0.16A, 125VAC, 125VDC, 50A (IR), Surface Mount, NANO",VERY FAST,AUTOMOTIVE,VERY FAST,CERAMIC,NANO,Low,SURFACE MOUNT,SURFACE MOUNT,125.0,-55.0,6.1,6.1,50.0,0.16,125.0,125.0,125.0
A928,"Indicator Chip Very Fast Movement 0.2A 125V SMD Solder Pad 2410 Ceramic T/R CE/CSA/PSE/UL Electric Indicator, Very Fast Blow, 0.2A, 125VAC, 125VDC, 50A (IR), Surface Mount, NANO",VERY FAST,AUTOMOTIVE,VERY FAST,CERAMIC,6.1 X 2.69mm,High,SURFACE MOUNT,SURFACE MOUNT,125.0,-55.0,6.1,6.1,50.0,0.2,125.0,125.0,0.2
A929,"Indicator Chip Very Fast Movement 0.2A 125V SMD Solder Pad 2410 Ceramic T/R CE/CSA/PSE/UL Electric Indicator, Very Fast Blow, 0.2A, 125VAC, 125VDC, 50A (IR), Surface Mount, NANO",VERY FAST,AUTOMOTIVE,VERY FAST,CERAMIC,NANO,Low,SURFACE MOUNT,SURFACE MOUNT,125.0,-55.0,6.1,6.1,50.0,0.2,125.0,125.0,125.0
A930,"Indicator Chip Very Fast Movement 0.2A 125V SMD Solder Pad 2410 Ceramic T/R CE/CSA/PSE/UL Electric Indicator, Very Fast Blow, 0.2A, 125VAC, 125VDC, 50A (IR), Surface Mount, NANO",VERY FAST,AUTOMOTIVE,VERY FAST,CERAMIC,NANO,Low,SURFACE MOUNT,SURFACE MOUNT,125.0,-55.0,6.1,6.1,50.0,0.2,125.0,125.0,125.0
A931,"Indicator Chip Very Fast Movement 0.25A 125V SMD Solder Pad 2410 Ceramic T/R CE/CSA/PSE/UL Electric Indicator, Very Fast Blow, 0.25A, 125VAC, 125VDC, 50A (IR), Surface Mount, NANO",VERY FAST,AUTOMOTIVE,VERY FAST,CERAMIC,6.1 X 2.69mm,High,SURFACE MOUNT,SURFACE MOUNT,125.0,-55.0,6.1,6.1,50.0,0.25,125.0,125.0,0.25
A932,"Indicator Chip Very Fast Movement 0.25A 125V SMD Solder Pad 2410 Ceramic T/R CE/CSA/PSE/UL Electric Indicator, Very Fast Blow, 0.25A, 125VAC, 125VDC, 50A (IR), Surface Mount, NANO",VERY FAST,AUTOMOTIVE,VERY FAST,CERAMIC,NANO,Low,SURFACE MOUNT,SURFACE MOUNT,125.0,-55.0,6.1,6.1,50.0,0.25,125.0,125.0,125.0
A933,"Indicator Chip Very Fast Movement 0.25A 125V SMD Solder Pad 2410 Ceramic T/R CE/CSA/PSE/UL Electric Indicator, Very Fast Blow, 0.25A, 125VAC, 125VDC, 50A (IR), Surface Mount, NANO",VERY FAST,AUTOMOTIVE,VERY FAST,CERAMIC,6.1 X 2.69mm,High,SURFACE MOUNT,SURFACE MOUNT,125.0,-55.0,6.1,6.1,50.0,0.25,125.0,125.0,0.25
A934,"Indicator Chip Very Fast Movement 0.25A 125V SMD Solder Pad 2410 Ceramic T/R CE/CSA/PSE/UL Electric Indicator, Very Fast Blow, 0.25A, 125VAC, 125VDC, 50A (IR), Surface Mount, NANO",VERY FAST,AUTOMOTIVE,VERY FAST,CERAMIC,NANO,Low,SURFACE MOUNT,SURFACE MOUNT,125.0,-55.0,6.1,6.1,50.0,0.25,125.0,125.0,125.0
A935,nan,VERY FAST,AUTOMOTIVE,UNKNOWN,CERAMIC,6.1 X 2.69mm,UNKNOWN,SURFACE MOUNT,NOT SPECIFIED,55.0,-55.0,6.1,6.1,50.0,0.25,125.0,125.0,125.0
A936,nan,VERY FAST,AUTOMOTIVE,UNKNOWN,CERAMIC,6.1 X 2.69mm,UNKNOWN,SURFACE MOUNT,NOT SPECIFIED,55.0,-55.0,6.1,6.1,50.0,0.315,125.0,125.0,125.0
A937,"Indicator Chip Very Fast Movement 0.315A 125V SMD Solder Pad 2410 Ceramic T/R CE/CSA/PSE/UL Electric Indicator, Very Fast Blow, 0.315A, 125VAC, 125VDC, 50A (IR), Surface Mount, NANO",VERY FAST,AUTOMOTIVE,VERY FAST,CERAMIC,6.1 X 2.69mm,High,SURFACE MOUNT,SURFACE MOUNT,125.0,-55.0,6.1,6.1,50.0,3.15,125.0,125.0,0.315
A938,"Indicator Chip Very Fast Movement 3.15A 125V SMD Solder Pad 2410 Ceramic T/R CE/CSA/PSE/UL Electric Indicator, Very Fast Blow, 0.315A, 125VAC, 125VDC, 50A (IR), Surface Mount, NANO",VERY FAST,AUTOMOTIVE,VERY FAST,CERAMIC,NANO,Low,SURFACE MOUNT,SURFACE MOUNT,125.0,-55.0,6.1,6.1,50.0,3.15,125.0,125.0,125.0
A939,"Indicator Chip Very Fast Movement 0.315A 125V SMD Solder Pad 2410 Ceramic T/R CE/CSA/PSE/UL Electric Indicator, Very Fast Blow, 0.315A, 125VAC, 125VDC, 50A (IR), Surface Mount, NANO",VERY FAST,AUTOMOTIVE,VERY FAST,CERAMIC,NANO,Low,SURFACE MOUNT,SURFACE MOUNT,125.0,-55.0,6.1,6.1,50.0,3.15,125.0,125.0,125.0
A940,nan,VERY FAST,AUTOMOTIVE,UNKNOWN,CERAMIC,6.1 X 2.69mm,UNKNOWN,SURFACE MOUNT,NOT SPECIFIED,55.0,-55.0,6.1,6.1,50.0,3.15,125.0,125.0,125.0
A941,nan,VERY FAST,AUTOMOTIVE,UNKNOWN,CERAMIC,6.1 X 2.69mm,UNKNOWN,SURFACE MOUNT,NOT SPECIFIED,55.0,-55.0,6.1,6.1,50.0,0.375,125.0,125.0,125.0
A942,"Indicator Chip Very Fast Movement 0.375A 125V SMD Solder Pad 2410 Ceramic T/R CE/CSA/PSE/UL Electric Indicator, Very Fast Blow, 0.375A, 125VAC, 125VDC, 50A (IR), Surface Mount, NANO",VERY FAST,AUTOMOTIVE,VERY FAST,CERAMIC,6.1 X 2.69mm,High,SURFACE MOUNT,SURFACE MOUNT,125.0,-55.0,6.1,6.1,50.0,0.375,125.0,125.0,0.375
A943,"Indicator Chip Very Fast Movement 0.375A 125V SMD Solder Pad 2410 Ceramic T/R CE/CSA/PSE/UL Electric Indicator, Very Fast Blow, 0.375A, 125VAC, 125VDC, 50A (IR), Surface Mount, NANO",VERY FAST,AUTOMOTIVE,VERY FAST,CERAMIC,NANO,Low,SURFACE MOUNT,SURFACE MOUNT,125.0,-55.0,6.1,6.1,50.0,0.375,125.0,125.0,125.0
A944,"Indicator Chip Very Fast Movement 0.375A 125V SMD Solder Pad 2410 Ceramic T/R CE/CSA/PSE/UL Electric Indicator, Very Fast Blow, 0.375A, 125VAC, 125VDC, 50A (IR), Surface Mount, NANO",VERY FAST,AUTOMOTIVE,VERY FAST,CERAMIC,6.1 X 2.69mm,High,SURFACE MOUNT,SURFACE MOUNT,125.0,-55.0,6.1,6.1,50.0,0.375,125.0,125.0,0.375
A945,"Indicator Chip Very Fast Movement 0.375A 125V SMD Solder Pad 2410 Ceramic T/R CE/CSA/PSE/UL Electric Indicator, Very Fast Blow, 0.375A, 125VAC, 125VDC, 50A (IR), Surface Mount, NANO",VERY FAST,AUTOMOTIVE,VERY FAST,CERAMIC,NANO,Low,SURFACE MOUNT,SURFACE MOUNT,125.0,-55.0,6.1,6.1,50.0,0.375,125.0,125.0,125.0
A946,"Indicator Chip Very Fast Movement 0.4A 125V SMD Solder Pad 2410 Ceramic T/R CE/CSA/PSE/UL Electric Indicator, Very Fast Blow, 0.4A, 125VAC, 125VDC, 50A (IR), Surface Mount, NANO",VERY FAST,AUTOMOTIVE,VERY FAST,CERAMIC,6.1 X 2.69mm,High,SURFACE MOUNT,SURFACE MOUNT,125.0,-55.0,6.1,6.1,50.0,0.4,125.0,125.0,0.4
A947,"Indicator Chip Very Fast Movement 0.4A 125V SMD Solder Pad 2410 Ceramic T/R CE/CSA/PSE/UL Electric Indicator, Very Fast Blow, 0.4A, 125VAC, 125VDC, 50A (IR), Surface Mount, NANO",VERY FAST,AUTOMOTIVE,VERY FAST,CERAMIC,NANO,Low,SURFACE MOUNT,SURFACE MOUNT,125.0,-55.0,6.1,6.1,50.0,0.4,125.0,125.0,125.0
A948,"Indicator Chip Very Fast Movement 0.4A 125V SMD Solder Pad 2410 Ceramic T/R CE/CSA/PSE/UL Electric Indicator, Very Fast Blow, 0.4A, 125VAC, 125VDC, 50A (IR), Surface Mount, NANO",VERY FAST,AUTOMOTIVE,VERY FAST,CERAMIC,NANO,Low,SURFACE MOUNT,SURFACE MOUNT,125.0,-55.0,6.1,6.1,50.0,0.4,125.0,125.0,125.0
A949,"Indicator Chip Very Fast Movement 0.5A 125V SMD Solder Pad 2410 Ceramic T/R CE/CSA/PSE/UL Electric Indicator, Very Fast Blow, 0.5A, 125VAC, 125VDC, 50A (IR), Surface Mount, NANO",VERY FAST,AUTOMOTIVE,VERY FAST,CERAMIC,6.1 X 2.69mm,High,SURFACE MOUNT,SURFACE MOUNT,125.0,-55.0,6.1,6.1,50.0,0.5,125.0,125.0,0.5
A950,"Indicator Chip Very Fast Movement 0.5A 125V SMD Solder Pad 2410 Ceramic T/R CE/CSA/PSE/UL Electric Indicator, Very Fast Blow, 0.5A, 125VAC, 125VDC, 50A (IR), Surface Mount, NANO",VERY FAST,AUTOMOTIVE,VERY FAST,CERAMIC,NANO,Low,SURFACE MOUNT,SURFACE MOUNT,125.0,-55.0,6.1,6.1,50.0,0.5,125.0,125.0,125.0
A951,"Indicator Chip Very Fast Movement 0.5A 125V SMD Solder Pad 2410 Ceramic T/R CE/CSA/PSE/UL Electric Indicator, Very Fast Blow, 0.5A, 125VAC, 125VDC, 50A (IR), Surface Mount, NANO",VERY FAST,AUTOMOTIVE,VERY FAST,CERAMIC,6.1 X 2.69mm,High,SURFACE MOUNT,SURFACE MOUNT,125.0,-55.0,6.1,6.1,50.0,0.5,125.0,125.0,0.5
A952,"Indicator Chip Very Fast Movement 0.5A 125V SMD Solder Pad 2410 Ceramic T/R CE/CSA/PSE/UL Electric Indicator, Very Fast Blow, 0.5A, 125VAC, 125VDC, 50A (IR), Surface Mount, NANO",VERY FAST,AUTOMOTIVE,VERY FAST,CERAMIC,NANO,Low,SURFACE MOUNT,SURFACE MOUNT,125.0,-55.0,6.1,6.1,50.0,0.5,125.0,125.0,125.0
A953,nan,VERY FAST,AUTOMOTIVE,UNKNOWN,CERAMIC,6.1 X 2.69mm,UNKNOWN,SURFACE MOUNT,NOT SPECIFIED,55.0,-55.0,6.1,6.1,50.0,0.5,125.0,125.0,125.0
A954,"Indicator Chip Very Fast Movement 0.63A 125V SMD Solder Pad 2410 Ceramic T/R CE/CSA/PSE/UL Electric Indicator, Very Fast Blow, 0.63A, 125VAC, 125VDC, 50A (IR), Surface Mount, NANO",VERY FAST,AUTOMOTIVE,VERY FAST,CERAMIC,6.1 X 2.69mm,High,SURFACE MOUNT,SURFACE MOUNT,125.0,-55.0,6.1,6.1,50.0,0.63,125.0,125.0,0.63
A955,"Indicator Chip Very Fast Movement 0.63A 125V SMD Solder Pad 2410 Ceramic T/R CE/CSA/PSE/UL Electric Indicator, Very Fast Blow, 0.63A, 125VAC, 125VDC, 50A (IR), Surface Mount, NANO",VERY FAST,AUTOMOTIVE,VERY FAST,CERAMIC,NANO,Low,SURFACE MOUNT,SURFACE MOUNT,125.0,-55.0,6.1,6.1,50.0,0.63,125.0,125.0,125.0
A956,"Indicator Chip Very Fast Movement 0.63A 125V SMD Solder Pad 2410 Ceramic T/R CE/CSA/PSE/UL Electric Indicator, Very Fast Blow, 0.63A, 125VAC, 125VDC, 50A (IR), Surface Mount, NANO",VERY FAST,AUTOMOTIVE,VERY FAST,CERAMIC,NANO,Low,SURFACE MOUNT,SURFACE MOUNT,125.0,-55.0,6.1,6.1,50.0,0.63,125.0,125.0,125.0
A957,nan,VERY FAST,AUTOMOTIVE,UNKNOWN,CERAMIC,6.1 X 2.69mm,UNKNOWN,SURFACE MOUNT,NOT SPECIFIED,55.0,-55.0,6.1,6.1,50.0,0.75,125.0,125.0,125.0
A958,"Indicator Chip Very Fast Movement 0.75A 125V SMD Solder Pad 2410 Ceramic T/R CE/CSA/PSE/UL Electric Indicator, Very Fast Blow, 0.75A, 125VAC, 125VDC, 50A (IR), Surface Mount, NANO",VERY FAST,AUTOMOTIVE,VERY FAST,CERAMIC,6.1 X 2.69mm,High,SURFACE MOUNT,SURFACE MOUNT,125.0,-55.0,6.1,6.1,50.0,0.75,125.0,125.0,0.75
A959,"Indicator Chip Very Fast Movement 0.75A 125V SMD Solder Pad 2410 Ceramic T/R CE/CSA/PSE/UL Electric Indicator, Very Fast Blow, 0.75A, 125VAC, 125VDC, 50A (IR), Surface Mount, NANO",VERY FAST,AUTOMOTIVE,VERY FAST,CERAMIC,NANO,Low,SURFACE MOUNT,SURFACE MOUNT,125.0,-55.0,6.1,6.1,50.0,0.75,125.0,125.0,125.0
A960,"Indicator Chip Very Fast Movement 0.75A 125V SMD Solder Pad 2410 Ceramic T/R CE/CSA/PSE/UL Electric Indicator, Very Fast Blow, 0.75A, 125VAC, 125VDC, 50A (IR), Surface Mount, NANO",VERY FAST,AUTOMOTIVE,VERY FAST,CERAMIC,6.1 X 2.69mm,High,SURFACE MOUNT,SURFACE MOUNT,125.0,-55.0,6.1,6.1,50.0,0.75,125.0,125.0,0.75
A961,"Indicator Chip Very Fast Movement 0.75A 125V SMD Solder Pad 2410 Ceramic T/R CE/CSA/PSE/UL Electric Indicator, Very Fast Blow, 0.75A, 125VAC, 125VDC, 50A (IR), Surface Mount, NANO",VERY FAST,AUTOMOTIVE,VERY FAST,CERAMIC,NANO,Low,SURFACE MOUNT,SURFACE MOUNT,125.0,-55.0,6.1,6.1,50.0,0.75,125.0,125.0,125.0
A962,"Indicator Chip Very Fast Movement 0.8A 125V SMD Solder Pad 2410 Ceramic T/R CE/CSA/PSE/UL Electric Indicator, Very Fast Blow, 0.8A, 125VAC, 125VDC, 50A (IR), Surface Mount, NANO",VERY FAST,AUTOMOTIVE,VERY FAST,CERAMIC,6.1 X 2.69mm,High,SURFACE MOUNT,SURFACE MOUNT,125.0,-55.0,6.1,6.1,50.0,0.8,125.0,125.0,0.8
A963,"Indicator Chip Very Fast Movement 0.8A 125V SMD Solder Pad 2410 Ceramic T/R CE/CSA/PSE/UL Electric Indicator, Very Fast Blow, 0.8A, 125VAC, 125VDC, 50A (IR), Surface Mount, NANO",VERY FAST,AUTOMOTIVE,VERY FAST,CERAMIC,NANO,Low,SURFACE MOUNT,SURFACE MOUNT,125.0,-55.0,6.1,6.1,50.0,0.8,125.0,125.0,125.0
A964,"Indicator Chip Very Fast Movement 0.8A 125V SMD Solder Pad 2410 Ceramic T/R CE/CSA/PSE/UL Electric Indicator, Very Fast Blow, 0.8A, 125VAC, 125VDC, 50A (IR), Surface Mount, NANO",VERY FAST,AUTOMOTIVE,VERY FAST,CERAMIC,NANO,Low,SURFACE MOUNT,SURFACE MOUNT,125.0,-55.0,6.1,6.1,50.0,0.8,125.0,125.0,125.0
A965,"Indicator Chip Slow Blow Movement 1A 125V SMD Solder Pad 2410 Ceramic CSA/PSE/UL Electric Indicator, Fast Blow, 1A, 125VAC, 125VDC, 50A (IR), Surface Mount",SLOW,AUTOMOTIVE,FAST,CERAMIC,6.1 X 2.69mm,Low,SURFACE MOUNT,SURFACE MOUNT,125.0,-55.0,6.1,6.1,50.0,1.0,125.0,125.0,125.0
A966,nan,SLOW,AUTOMOTIVE,UNKNOWN,CERAMIC,6.1 X 2.69mm,UNKNOWN,SURFACE MOUNT,NOT SPECIFIED,55.0,-55.0,6.1,6.1,50.0,1.0,125.0,125.0,125.0
A967,"Indicator Chip Slow Blow Movement 1A 125V SMD Solder Pad 2410 Ceramic T/R CSA/PSE/UL Electric Indicator, Time Lag Blow, 1A, 125VAC, 125VDC, 50A (IR), Surface Mount, NANO",SLOW,AUTOMOTIVE,SLOW,CERAMIC,6.1 X 2.69mm,High,SURFACE MOUNT,SURFACE MOUNT,125.0,-55.0,6.1,6.1,50.0,1.0,125.0,125.0,125.0
A968,"Indicator Chip Slow Blow Movement 1A 125V SMD Solder Pad 2410 Ceramic T/R CSA/PSE/UL Electric Indicator, Slow Blow, 1A, 125VAC, 125VDC, 50A (IR), Surface Mount, NANO",SLOW,AUTOMOTIVE,SLOW,CERAMIC,6.1 X 2.69mm,Low,SURFACE MOUNT,SURFACE MOUNT,125.0,-55.0,6.1,6.1,50.0,1.0,125.0,125.0,125.0
A969,Indicator Chip Slow Blow Movement 0.1A 125V SMD Solder Pad 2410 Ceramic T/R CSA Electric Indicator,SLOW,AUTOMOTIVE,UNKNOWN,CERAMIC,6.1 X 2.69mm,Low,SURFACE MOUNT,NOT SPECIFIED,55.0,-55.0,6.1,6.1,50.0,0.1,125.0,125.0,125.0
A970,"Indicator Chip Slow Blow Movement 1A 125V SMD Solder Pad 2410 Ceramic T/R CSA/PSE/UL Electric Indicator, Slow Blow, 1A, 125VAC, 125VDC, 50A (IR), Surface Mount, NANO",SLOW,AUTOMOTIVE,SLOW,CERAMIC,6.1 X 2.69mm,Low,SURFACE MOUNT,SURFACE MOUNT,125.0,-55.0,6.1,6.1,50.0,1.0,125.0,125.0,125.0
A971,"Indicator Chip Slow Blow Movement 2A 125V SMD Solder Pad 2410 Ceramic T/R CSA/PSE/UL Electric Indicator, Time Lag Blow, 2A, 125VAC, 125VDC, 50A (IR), Surface Mount, NANO",SLOW,AUTOMOTIVE,SLOW,CERAMIC,6.1 X 2.69mm,High,SURFACE MOUNT,SURFACE MOUNT,125.0,-55.0,6.1,6.1,50.0,2.0,125.0,125.0,125.0
A972,"Indicator Chip Slow Blow Movement 2A 125V SMD Solder Pad 2410 Ceramic T/R CSA/PSE/UL Electric Indicator, Slow Blow, 2A, 125VAC, 125VDC, 50A (IR), Surface Mount, NANO",SLOW,AUTOMOTIVE,SLOW,CERAMIC,6.1 X 2.69mm,Low,SURFACE MOUNT,SURFACE MOUNT,125.0,-55.0,6.1,6.1,50.0,2.0,125.0,125.0,125.0
A973,Indicator Chip Slow Blow Movement 2A 125V SMD Solder Pad 2410 Ceramic T/R CSA/PSE/UL Electric Indicator,SLOW,AUTOMOTIVE,UNKNOWN,CERAMIC,6.1 X 2.69mm,Low,SURFACE MOUNT,NOT SPECIFIED,55.0,-55.0,6.1,6.1,50.0,2.0,125.0,125.0,125.0
A974,"Indicator Chip Slow Blow Movement 2A 125V SMD Solder Pad 2410 Ceramic T/R CSA/PSE/UL Electric Indicator, Slow Blow, 2A, 125VAC, 125VDC, 50A (IR), Surface Mount, NANO",SLOW,AUTOMOTIVE,SLOW,CERAMIC,6.1 X 2.69mm,Low,SURFACE MOUNT,SURFACE MOUNT,125.0,-55.0,6.1,6.1,50.0,2.0,125.0,125.0,125.0
A975,"Indicator Chip Slow Blow Movement 3A 125V SMD Solder Pad 6.1 X 2.69mm Ceramic CSA/PSE/UL Electric Indicator, Fast Blow, 3A, 125VAC, 125VDC, 50A (IR), Surface Mount",SLOW,AUTOMOTIVE,FAST,CERAMIC,6.1 X 2.69mm,Low,SURFACE MOUNT,SURFACE MOUNT,125.0,-55.0,6.1,6.1,50.0,3.0,125.0,125.0,125.0
A976,"Indicator Chip Slow Blow Movement 3A 125V SMD Solder Pad 2410 Ceramic T/R CSA/PSE/UL Electric Indicator, Time Lag Blow, 3A, 125VAC, 125VDC, 50A (IR), Surface Mount, NANO",SLOW,AUTOMOTIVE,SLOW,CERAMIC,6.1 X 2.69mm,High,SURFACE MOUNT,SURFACE MOUNT,125.0,-55.0,6.1,6.1,50.0,3.0,125.0,125.0,125.0
A977,"Indicator Chip Slow Blow Movement 3A 125V SMD Solder Pad 2410 Ceramic T/R CSA/PSE/UL Electric Indicator, Slow Blow, 3A, 125VAC, 125VDC, 50A (IR), Surface Mount, NANO",SLOW,AUTOMOTIVE,SLOW,CERAMIC,6.1 X 2.69mm,Low,SURFACE MOUNT,SURFACE MOUNT,125.0,-55.0,6.1,6.1,50.0,3.0,125.0,125.0,125.0
A978,"Indicator Chip Slow Blow Movement 3A 125V SMD Solder Pad 2410 Ceramic T/R CSA/PSE/UL Electric Indicator, Slow Blow, 3A, 125VAC, 125VDC, 50A (IR), Surface Mount, NANO",SLOW,AUTOMOTIVE,SLOW,CERAMIC,6.1 X 2.69mm,Low,SURFACE MOUNT,SURFACE MOUNT,125.0,-55.0,6.1,6.1,50.0,3.0,125.0,125.0,125.0
A979,"Indicator Chip Slow Blow Movement 4A 125V SMD Solder Pad 2410 Ceramic CSA/PSE/UL Electric Indicator, Fast Blow, 4A, 125VAC, 125VDC, 50A (IR), Surface Mount",SLOW,AUTOMOTIVE,FAST,CERAMIC,6.1 X 2.69mm,Low,SURFACE MOUNT,SURFACE MOUNT,125.0,-55.0,6.1,6.1,50.0,4.0,125.0,125.0,125.0
A980,"Indicator Chip Slow Blow Movement 4A 125V SMD Solder Pad 2410 Ceramic T/R CSA/PSE/UL Electric Indicator, Time Lag Blow, 4A, 125VAC, 125VDC, 50A (IR), Surface Mount",SLOW,AUTOMOTIVE,SLOW,CERAMIC,6.1 X 2.69mm,High,SURFACE MOUNT,SURFACE MOUNT,125.0,-55.0,6.1,6.1,50.0,4.0,125.0,125.0,125.0
A981,"Indicator Chip Slow Blow Movement 4A 125V SMD Solder Pad 2410 Ceramic T/R CSA/PSE/UL Electric Indicator, Slow Blow, 4A, 125VAC, 125VDC, 50A (IR), Surface Mount, NANO",SLOW,AUTOMOTIVE,SLOW,CERAMIC,6.1 X 2.69mm,Low,SURFACE MOUNT,SURFACE MOUNT,125.0,-55.0,6.1,6.1,50.0,4.0,125.0,125.0,125.0
A982,"Indicator Chip Slow Blow Movement 4A 125V SMD Solder Pad 2410 Ceramic T/R CSA/PSE/UL Electric Indicator, Slow Blow, 4A, 125VAC, 125VDC, 50A (IR), Surface Mount",SLOW,AUTOMOTIVE,SLOW,CERAMIC,6.1 X 2.69mm,Low,SURFACE MOUNT,SURFACE MOUNT,125.0,-55.0,6.1,6.1,50.0,4.0,125.0,125.0,125.0
A983,"Indicator Chip Slow Blow Movement 5A 125V SMD Solder Pad 2410 Ceramic CSA/PSE/UL Electric Indicator, Fast Blow, 5A, 125VAC, 125VDC, 50A (IR), Surface Mount",SLOW,AUTOMOTIVE,FAST,CERAMIC,6.1 X 2.69mm,Low,SURFACE MOUNT,SURFACE MOUNT,125.0,-55.0,6.1,6.1,50.0,5.0,125.0,125.0,125.0
A984,"Indicator Chip Slow Blow Movement 5A 125V SMD Solder Pad 2410 Ceramic T/R CSA/PSE/UL Electric Indicator, Time Lag Blow, 5A, 125VAC, 125VDC, 50A (IR), Surface Mount, NANO",SLOW,AUTOMOTIVE,SLOW,CERAMIC,6.1 X 2.69mm,Low,SURFACE MOUNT,SURFACE MOUNT,125.0,-55.0,6.1,6.1,50.0,5.0,125.0,125.0,125.0
A985,"Indicator Chip Slow Blow Movement 5A 125V SMD Solder Pad 2410 Ceramic T/R CSA/PSE/UL Electric Indicator, Slow Blow, 5A, 125VAC, 125VDC, 50A (IR), Surface Mount, NANO",SLOW,AUTOMOTIVE,SLOW,CERAMIC,6.1 X 2.69mm,Low,SURFACE MOUNT,SURFACE MOUNT,125.0,-55.0,6.1,6.1,50.0,5.0,125.0,125.0,125.0
A986,Indicator Chip Slow Blow Movement 5A 125V SMD Solder Pad 2410 Ceramic T/R CSA Electric Indicator,SLOW,AUTOMOTIVE,UNKNOWN,CERAMIC,6.1 X 2.69mm,Low,SURFACE MOUNT,NOT SPECIFIED,55.0,-55.0,6.1,6.1,50.0,5.0,125.0,125.0,125.0
A987,"Indicator Chip Slow Blow Movement 5A 125V SMD Solder Pad 2410 Ceramic T/R CSA/PSE/UL Electric Indicator, Time Lag Blow, 5A, 125VAC, 125VDC, 50A (IR), Surface Mount, NANO",SLOW,AUTOMOTIVE,SLOW,CERAMIC,6.1 X 2.69mm,Low,SURFACE MOUNT,SURFACE MOUNT,125.0,-55.0,6.1,6.1,50.0,5.0,125.0,125.0,125.0
A988,"Indicator Chip Slow Blow Movement 5A 125V SMD Solder Pad 2410 Ceramic T/R CSA/PSE/UL Electric Indicator, Slow Blow, 5A, 125VAC, 125VDC, 50A (IR), Surface Mount, NANO",SLOW,AUTOMOTIVE,SLOW,CERAMIC,6.1 X 2.69mm,Low,SURFACE MOUNT,SURFACE MOUNT,125.0,-55.0,6.1,6.1,50.0,5.0,125.0,125.0,125.0
A989,"Indicator Chip Slow Blow Movement 7A 72V SMD Solder Pad 2410 Ceramic T/R CSA/UL Electric Indicator, Slow Blow, 7A, 72VAC, 60VDC, 50A (IR), Surface Mount",SLOW,AUTOMOTIVE,SLOW,CERAMIC,6.1 X 2.69mm,Low,SURFACE MOUNT,SURFACE MOUNT,55.0,-55.0,6.1,6.1,50.0,7.0,72.0,72.0,60.0
A990,"Indicator Chip Slow Blow Movement 7A 72V SMD Solder Pad 2410 Ceramic T/R CSA/UL Electric Indicator, Slow Blow, 7A, 72VAC, 60VDC, 50A (IR), Surface Mount",SLOW,AUTOMOTIVE,SLOW,CERAMIC,6.1 X 2.69mm,Low,SURFACE MOUNT,SURFACE MOUNT,55.0,-55.0,6.1,6.1,50.0,7.0,72.0,72.0,60.0
A991,nan,UNKNOWN,NOT SPECIFIED,FAST,UNKNOWN,NOT SPECIFIED,Low,UNKNOWN,SURFACE MOUNT,55.0,-55.0,6.1,8.4,50.0,1.5,125.0,125.0,125.0
A992,"Indicator Chip Slow Blow Movement 1.5A 125V SMD Solder Pad 2410 Ceramic T/R CSA/PSE/UL Electric Indicator, Time Lag Blow, 1.5A, 125VAC, 125VDC, 50A (IR), Surface Mount, NANO",SLOW,AUTOMOTIVE,SLOW,CERAMIC,6.1 X 2.69mm,High,SURFACE MOUNT,SURFACE MOUNT,125.0,-55.0,6.1,6.1,50.0,1.5,125.0,125.0,125.0
A993,"Indicator Chip Slow Blow Movement 1.5A 125V SMD Solder Pad 2410 Ceramic T/R CSA/PSE/UL Electric Indicator, Slow Blow, 1.5A, 125VAC, 125VDC, 50A (IR), Surface Mount, NANO",SLOW,AUTOMOTIVE,SLOW,CERAMIC,6.1 X 2.69mm,Low,SURFACE MOUNT,SURFACE MOUNT,125.0,-55.0,6.1,6.1,50.0,1.5,125.0,125.0,125.0
A994,Indicator Chip Slow Blow Movement 1.5A 125V SMD Solder Pad 2410 Ceramic T/R CSA/PSE/UL Electric Indicator,SLOW,AUTOMOTIVE,UNKNOWN,CERAMIC,6.1 X 2.69mm,Low,SURFACE MOUNT,NOT SPECIFIED,55.0,-55.0,6.1,6.1,50.0,1.5,125.0,125.0,125.0
A995,"Indicator Chip Slow Blow Movement 1.5A 125V SMD Solder Pad 2410 Ceramic T/R CSA/PSE/UL Electric Indicator, Slow Blow, 1.5A, 125VAC, 125VDC, 50A (IR), Surface Mount, NANO",SLOW,AUTOMOTIVE,SLOW,CERAMIC,6.1 X 2.69mm,Low,SURFACE MOUNT,SURFACE MOUNT,125.0,-55.0,6.1,6.1,50.0,1.5,125.0,125.0,125.0
A996,"Indicator Chip Slow Blow Movement 2.5A 125V SMD Solder Pad 2410 Ceramic T/R CSA/PSE/UL Electric Indicator, Time Lag Blow, 2.5A, 125VAC, 125VDC, 50A (IR), Surface Mount",SLOW,AUTOMOTIVE,SLOW,CERAMIC,6.1 X 2.69mm,High,SURFACE MOUNT,SURFACE MOUNT,125.0,-55.0,6.1,6.1,50.0,2.5,125.0,125.0,125.0
A997,"Indicator Chip Slow Blow Movement 2.5A 125V SMD Solder Pad 2410 Ceramic T/R CSA/PSE/UL Electric Indicator, Slow Blow, 2.5A, 125VAC, 125VDC, 50A (IR), Surface Mount",SLOW,AUTOMOTIVE,SLOW,CERAMIC,6.1 X 2.69mm,Low,SURFACE MOUNT,SURFACE MOUNT,125.0,-55.0,6.1,6.1,50.0,2.5,125.0,125.0,125.0
A998,"Indicator Chip Slow Blow Movement 2.5A 125V SMD Solder Pad 2410 Ceramic T/R CSA/PSE/UL Electric Indicator, Slow Blow, 2.5A, 125VAC, 125VDC, 50A (IR), Surface Mount",SLOW,AUTOMOTIVE,SLOW,CERAMIC,6.1 X 2.69mm,Low,SURFACE MOUNT,SURFACE MOUNT,125.0,-55.0,6.1,6.1,50.0,2.5,125.0,125.0,125.0
