ID,DESCRIPTION,Attribut1,Application,Characteristic,Material,Size,LC Risk,Mounting,Mounting Feature,Operating Temperature-Max (Cel),Operating Temperature-Min (Cel),Product Diameter,Product Length,Rated Breaking Capacity (A),Rated Current (A),Rated Voltage (V),Rated Voltage(AC) (V),Rated Voltage(DC) (V),search_context
A1,"Indicator Red Fast Movement 1.6A 250V Holder Plastic 5 X 20mm Ceramic Box CCC/PSE/VDE/cULus Electric Indicator, Very Fast Blow, 1.6A, 250VAC, 1500A (IR), Inline/holder, 5x20mm",FAST,PRIMARY PROTECTION IN EQUIPMENT,VERY FAST,CERAMIC,5 X 20mm,Low,HOLDER,INLINE/HOLDER,55.0,-55.0,5.2,20.0,1500.0,1.6,250.0,250.0,0.0,"Industrial Part: Indicator Red Fast Movement 1.6A 250V Holder Plastic 5 X 20mm Ceramic Box CCC/PSE/VDE/cULus Electric Indicator, Very Fast Blow, 1.6A, 250VAC, 1500A (IR), Inline/holder, 5x20mm. Rated Current: 1.6A. Voltage: 250.0V. Material: CERAMIC. Physical Size: 5.2mm x 20.0mm."
A2,"Non Resettable Indicators Electric Indicator, Very Fast Blow, 6.3A, 250VAC, 1500A (IR), Inline/holder, 5x20mm",UNKNOWN,PRIMARY PROTECTION IN EQUIPMENT,VERY FAST,CERAMIC,5 X 20mm,Low,HOLDER,INLINE/HOLDER,55.0,-55.0,5.2,20.0,1500.0,6.3,250.0,250.0,0.0,"Industrial Part: Non Resettable Indicators Electric Indicator, Very Fast Blow, 6.3A, 250VAC, 1500A (IR), Inline/holder, 5x20mm. Rated Current: 6.3A. Voltage: 250.0V. Material: CERAMIC. Physical Size: 5.2mm x 20.0mm."
A3,"Indicator Red Fast Movement 8A 250V Holder Plastic 5 X 20mm Ceramic Box KC/PSE/VDE/cULus Electric Indicator, Very Fast Blow, 8A, 250VAC, 1500A (IR), Inline/holder, 5x20mm",FAST,PRIMARY PROTECTION IN EQUIPMENT,VERY FAST,CERAMIC,5 X 20mm,Low,HOLDER,INLINE/HOLDER,55.0,-55.0,5.2,20.0,1500.0,8.0,250.0,250.0,0.0,"Industrial Part: Indicator Red Fast Movement 8A 250V Holder Plastic 5 X 20mm Ceramic Box KC/PSE/VDE/cULus Electric Indicator, Very Fast Blow, 8A, 250VAC, 1500A (IR), Inline/holder, 5x20mm. Rated Current: 8.0A. Voltage: 250.0V. Material: CERAMIC. Physical Size: 5.2mm x 20.0mm."
A4,"Non Resettable Indicators Electric Indicator, Very Fast Blow, 10A, 250VAC, 1500A (IR), Inline/holder, 5x20mm",UNKNOWN,PRIMARY PROTECTION IN EQUIPMENT,VERY FAST,CERAMIC,5 X 20mm,Low,HOLDER,INLINE/HOLDER,55.0,-55.0,5.2,20.0,1500.0,10.0,250.0,250.0,0.0,"Industrial Part: Non Resettable Indicators Electric Indicator, Very Fast Blow, 10A, 250VAC, 1500A (IR), Inline/holder, 5x20mm. Rated Current: 10.0A. Voltage: 250.0V. Material: CERAMIC. Physical Size: 5.2mm x 20.0mm."
A5,"Indicator Red Fast Movement 12.5A 250V Holder Plastic 5 X 20mm Ceramic Box PSE/cULus Electric Indicator, Very Fast Blow, 12.5A, 250VAC, 500A (IR), Inline/holder, 5x20mm",FAST,PRIMARY PROTECTION IN EQUIPMENT,VERY FAST,CERAMIC,5 X 20mm,Low,HOLDER,INLINE/HOLDER,55.0,-55.0,5.2,20.0,500.0,12.5,250.0,250.0,0.0,"Industrial Part: Indicator Red Fast Movement 12.5A 250V Holder Plastic 5 X 20mm Ceramic Box PSE/cULus Electric Indicator, Very Fast Blow, 12.5A, 250VAC, 500A (IR), Inline/holder, 5x20mm. Rated Current: 12.5A. Voltage: 250.0V. Material: CERAMIC. Physical Size: 5.2mm x 20.0mm."
A6,"Indicator Red Fast Movement 12.5A 250V Holder Plastic 5 X 20mm Ceramic Bulk PSE/cULus Electric Indicator, Very Fast Blow, 12.5A, 250VAC, 500A (IR), Inline/holder, 5x20mm",FAST,PRIMARY PROTECTION IN EQUIPMENT,VERY FAST,CERAMIC,5 X 20mm,Low,HOLDER,INLINE/HOLDER,55.0,-55.0,5.2,20.0,500.0,12.5,250.0,250.0,0.0,"Industrial Part: Indicator Red Fast Movement 12.5A 250V Holder Plastic 5 X 20mm Ceramic Bulk PSE/cULus Electric Indicator, Very Fast Blow, 12.5A, 250VAC, 500A (IR), Inline/holder, 5x20mm. Rated Current: 12.5A. Voltage: 250.0V. Material: CERAMIC. Physical Size: 5.2mm x 20.0mm."
A7,"Indicator Red Fast Movement 20A 250V Holder Plastic 6.3 X 32mm Glass Box Electric Indicator, Very Fast Blow, 20A, 250VAC, 1000A (IR), H, Inline/holder",FAST,INDUSTRIAL ELECTRONIC,VERY FAST,GLASS,6.3 X 32mm,Low,HOLDER,INLINE/HOLDER,85.0,-40.0,6.35,31.8,1000.0,20.0,250.0,250.0,0.0,"Industrial Part: Indicator Red Fast Movement 20A 250V Holder Plastic 6.3 X 32mm Glass Box Electric Indicator, Very Fast Blow, 20A, 250VAC, 1000A (IR), H, Inline/holder. Rated Current: 20.0A. Voltage: 250.0V. Material: GLASS. Physical Size: 6.35mm x 31.8mm."
A8,,SLOW,POWER SUPPLY ADAPTER,UNKNOWN,CERAMIC,5 X 20mm,UNKNOWN,UNKNOWN,NOT SPECIFIED,55.0,-55.0,5.0,8.4,50.0,1.25,125.0,0.0,0.0,Industrial Part: nan. Rated Current: 1.25A. Voltage: 125.0V. Material: CERAMIC. Physical Size: 5.0mm x 8.4mm.
A9,"Indicator Red Slow Blow Movement 1A 250V Holder Plastic Melf 5 X 20mm Ceramic Box CCC/CSA/PSE/VDE/cULus Electric Indicator, Time Lag Blow, 1A, 250VAC, 300VDC, 1500A (IR), Inline/holder, 5x20mm",SLOW,POWER SUPPLY ADAPTER,SLOW,CERAMIC,5x20mm,Low,HOLDER,INLINE/HOLDER,55.0,-55.0,5.2,20.0,1500.0,1.0,250.0,250.0,300.0,"Industrial Part: Indicator Red Slow Blow Movement 1A 250V Holder Plastic Melf 5 X 20mm Ceramic Box CCC/CSA/PSE/VDE/cULus Electric Indicator, Time Lag Blow, 1A, 250VAC, 300VDC, 1500A (IR), Inline/holder, 5x20mm. Rated Current: 1.0A. Voltage: 250.0V. Material: CERAMIC. Physical Size: 5.2mm x 20.0mm."
A10,"Non Resettable Indicators Electric Indicator, Time Lag Blow, 2A, 250VAC, 300VDC, 1500A (IR), Inline/holder, 5x20mm",UNKNOWN,POWER SUPPLY ADAPTER,SLOW,CERAMIC,5x20mm,Low,HOLDER,INLINE/HOLDER,55.0,-55.0,5.2,20.0,1500.0,2.0,250.0,250.0,300.0,"Industrial Part: Non Resettable Indicators Electric Indicator, Time Lag Blow, 2A, 250VAC, 300VDC, 1500A (IR), Inline/holder, 5x20mm. Rated Current: 2.0A. Voltage: 250.0V. Material: CERAMIC. Physical Size: 5.2mm x 20.0mm."
A11,"Indicator Red Slow Blow Movement 2A 250V Axial 5 X 20mm Ceramic T/R cULus Electric Indicator, Time Lag Blow, 2A, 250VAC, 300VDC, 1500A (IR), Through Hole",SLOW,PRIMARY PROTECTION ON PCB,SLOW,CERAMIC,5 X 20mm,Low,THROUGH HOLE,THROUGH HOLE,55.0,-55.0,5.4,22.5,1500.0,2.0,250.0,250.0,300.0,"Industrial Part: Indicator Red Slow Blow Movement 2A 250V Axial 5 X 20mm Ceramic T/R cULus Electric Indicator, Time Lag Blow, 2A, 250VAC, 300VDC, 1500A (IR), Through Hole. Rated Current: 2.0A. Voltage: 250.0V. Material: CERAMIC. Physical Size: 5.4mm x 22.5mm."
A12,"Red Indicator, 5 X 20 mm Electric Indicator, Time Lag Blow, 2.5A, 250VAC, 300VDC, 1500A (IR), Inline/holder, 5x20mm",UNKNOWN,NOT SPECIFIED,SLOW,UNKNOWN,5x20mm,Low,UNKNOWN,INLINE/HOLDER,55.0,-55.0,5.2,20.0,5.0,2.5,250.0,250.0,300.0,"Industrial Part: Red Indicator, 5 X 20 mm Electric Indicator, Time Lag Blow, 2.5A, 250VAC, 300VDC, 1500A (IR), Inline/holder, 5x20mm. Rated Current: 2.5A. Voltage: 250.0V. Material: UNKNOWN. Physical Size: 5.2mm x 20.0mm."
A13,"Indicator Red Slow Blow Movement 2.5A 250V Holder Plastic Melf 5 X 20mm Ceramic Bulk CCC/CSA/PSE/UL/cULus Electric Indicator, Time Lag Blow, 2.5A, 250VAC, 300VDC, 1500A (IR), Inline/holder, 5x20mm",SLOW,POWER SUPPLY ADAPTER,SLOW,CERAMIC,5x20mm,Low,HOLDER,INLINE/HOLDER,55.0,-55.0,5.2,20.0,1500.0,2.5,250.0,250.0,300.0,"Industrial Part: Indicator Red Slow Blow Movement 2.5A 250V Holder Plastic Melf 5 X 20mm Ceramic Bulk CCC/CSA/PSE/UL/cULus Electric Indicator, Time Lag Blow, 2.5A, 250VAC, 300VDC, 1500A (IR), Inline/holder, 5x20mm. Rated Current: 2.5A. Voltage: 250.0V. Material: CERAMIC. Physical Size: 5.2mm x 20.0mm."
A14,"Indicator Red Slow Blow Movement 3.15A 250V Holder Plastic 5 X 20mm Ceramic Bulk CCC/CSA/PSE/UL/VDE/cULus Electric Indicator, Time Lag Blow, 3.15A, 250VAC, 300VDC, 1500A (IR), Inline/holder, 5x20mm",SLOW,POWER SUPPLY ADAPTER,SLOW,CERAMIC,5 X 20mm,Low,HOLDER,INLINE/HOLDER,55.0,-55.0,5.2,20.0,1500.0,3.15,250.0,250.0,300.0,"Industrial Part: Indicator Red Slow Blow Movement 3.15A 250V Holder Plastic 5 X 20mm Ceramic Bulk CCC/CSA/PSE/UL/VDE/cULus Electric Indicator, Time Lag Blow, 3.15A, 250VAC, 300VDC, 1500A (IR), Inline/holder, 5x20mm. Rated Current: 3.15A. Voltage: 250.0V. Material: CERAMIC. Physical Size: 5.2mm x 20.0mm."
A15,"Non Resettable Indicators Electric Indicator, Time Lag Blow, 4A, 250VAC, 150VDC, 1500A (IR), Inline/holder, 5x20mm",UNKNOWN,POWER SUPPLY ADAPTER,SLOW,CERAMIC,5x20mm,Low,HOLDER,INLINE/HOLDER,55.0,-55.0,5.2,20.0,1500.0,4.0,250.0,250.0,150.0,"Industrial Part: Non Resettable Indicators Electric Indicator, Time Lag Blow, 4A, 250VAC, 150VDC, 1500A (IR), Inline/holder, 5x20mm. Rated Current: 4.0A. Voltage: 250.0V. Material: CERAMIC. Physical Size: 5.2mm x 20.0mm."
A16,"Non Resettable Indicators Electric Indicator, Time Lag Blow, 5A, 250VAC, 150VDC, 1500A (IR), Inline/holder, 5x20mm",UNKNOWN,NOT SPECIFIED,SLOW,UNKNOWN,5x20mm,Low,HOLDER,INLINE/HOLDER,55.0,-55.0,5.2,20.0,1500.0,5.0,250.0,250.0,150.0,"Industrial Part: Non Resettable Indicators Electric Indicator, Time Lag Blow, 5A, 250VAC, 150VDC, 1500A (IR), Inline/holder, 5x20mm. Rated Current: 5.0A. Voltage: 250.0V. Material: UNKNOWN. Physical Size: 5.2mm x 20.0mm."
A17,"Indicator Red Slow Blow Movement 6.3A 250V Holder Plastic Melf 5 X 20mm Ceramic Bulk CCC/PSE/cULus Electric Indicator, Time Lag Blow, 6.3A, 250VAC, 150VDC, 1500A (IR), Inline/holder, 5x20mm",SLOW,POWER SUPPLY ADAPTER,SLOW,CERAMIC,5x20mm,Low,HOLDER,INLINE/HOLDER,55.0,-55.0,5.2,20.0,1500.0,6.3,250.0,250.0,150.0,"Industrial Part: Indicator Red Slow Blow Movement 6.3A 250V Holder Plastic Melf 5 X 20mm Ceramic Bulk CCC/PSE/cULus Electric Indicator, Time Lag Blow, 6.3A, 250VAC, 150VDC, 1500A (IR), Inline/holder, 5x20mm. Rated Current: 6.3A. Voltage: 250.0V. Material: CERAMIC. Physical Size: 5.2mm x 20.0mm."
A18,,SLOW,POWER SUPPLY ADAPTER,UNKNOWN,CERAMIC,5 X 20mm,UNKNOWN,HOLDER,NOT SPECIFIED,55.0,-55.0,5.2,20.0,50.0,8.0,150.0,250.0,150.0,Industrial Part: nan. Rated Current: 8.0A. Voltage: 150.0V. Material: CERAMIC. Physical Size: 5.2mm x 20.0mm.
A19,"Indicator Red Slow Blow Movement 8A 250V Holder Plastic Melf 5 X 20mm Ceramic Bulk KC/PSE/VDE/cULus Electric Indicator, Time Lag Blow, 8A, 250VAC, 150VDC, 1000A (IR), Inline/holder, 5x20mm",SLOW,POWER SUPPLY ADAPTER,SLOW,CERAMIC,5x20mm,Low,HOLDER,INLINE/HOLDER,55.0,-55.0,5.2,20.0,1000.0,8.0,250.0,250.0,150.0,"Industrial Part: Indicator Red Slow Blow Movement 8A 250V Holder Plastic Melf 5 X 20mm Ceramic Bulk KC/PSE/VDE/cULus Electric Indicator, Time Lag Blow, 8A, 250VAC, 150VDC, 1000A (IR), Inline/holder, 5x20mm. Rated Current: 8.0A. Voltage: 250.0V. Material: CERAMIC. Physical Size: 5.2mm x 20.0mm."
A20,"Indicator Red Slow Blow Movement 16A 250V Holder Plastic 5 X 20mm Ceramic Box CCC/CSA/PSE/UL/VDE/cULus Electric Indicator, Time Lag Blow, 16A, 250VAC, 125VDC, 500A (IR), Inline/holder, 5x20mm",SLOW,POWER SUPPLY ADAPTER,SLOW,CERAMIC,5x20mm,Low,HOLDER,INLINE/HOLDER,125.0,-55.0,5.2,20.0,500.0,16.0,250.0,250.0,125.0,"Industrial Part: Indicator Red Slow Blow Movement 16A 250V Holder Plastic 5 X 20mm Ceramic Box CCC/CSA/PSE/UL/VDE/cULus Electric Indicator, Time Lag Blow, 16A, 250VAC, 125VDC, 500A (IR), Inline/holder, 5x20mm. Rated Current: 16.0A. Voltage: 250.0V. Material: CERAMIC. Physical Size: 5.2mm x 20.0mm."
A21,,SLOW,POWER SUPPLY ADAPTER,UNKNOWN,CERAMIC,5 X 20mm,UNKNOWN,UNKNOWN,NOT SPECIFIED,55.0,-55.0,5.0,8.4,50.0,2.5,250.0,250.0,0.0,Industrial Part: nan. Rated Current: 2.5A. Voltage: 250.0V. Material: CERAMIC. Physical Size: 5.0mm x 8.4mm.
A22,"Indicator Red Slow Blow Movement 6.3A 250V Holder Plastic 6.3 X 32mm Glass Box UL Electric Indicator, Time Lag Blow, 6.3A, 250VAC, 1500A (IR), H, Inline/holder",SLOW,MOTOR CIRCUIT,SLOW,GLASS,6.3 X 32mm,Low,HOLDER,INLINE/HOLDER,85.0,-40.0,6.35,31.8,1500.0,6.3,250.0,250.0,0.0,"Industrial Part: Indicator Red Slow Blow Movement 6.3A 250V Holder Plastic 6.3 X 32mm Glass Box UL Electric Indicator, Time Lag Blow, 6.3A, 250VAC, 1500A (IR), H, Inline/holder. Rated Current: 6.3A. Voltage: 250.0V. Material: GLASS. Physical Size: 6.35mm x 31.8mm."
A23,"Indicator Red Slow Blow Movement 16A 250V Holder Plastic 6.3 X 32mm Glass Box UL Electric Indicator, Time Lag Blow, 16A, 250VAC, 1000A (IR), H, Inline/holder",SLOW,MOTOR CIRCUIT,SLOW,GLASS,6.3 X 32mm,Low,HOLDER,INLINE/HOLDER,85.0,-40.0,6.35,31.8,1000.0,16.0,250.0,250.0,0.0,"Industrial Part: Indicator Red Slow Blow Movement 16A 250V Holder Plastic 6.3 X 32mm Glass Box UL Electric Indicator, Time Lag Blow, 16A, 250VAC, 1000A (IR), H, Inline/holder. Rated Current: 16.0A. Voltage: 250.0V. Material: GLASS. Physical Size: 6.35mm x 31.8mm."
A24,"Indicator Red Slow Blow Movement 1A 250V Holder Plastic Melf 5 X 20mm Ceramic Bag CCC/VDE/cULus Electric Indicator, Time Lag Blow, 1A, 250VAC, 300VDC, 1500A (IR), Surface Mount",SLOW,MOTOR CIRCUIT,SLOW,CERAMIC,5 X 20mm,Low,HOLDER,SURFACE MOUNT,55.0,-55.0,5.2,20.0,1500.0,1.0,250.0,250.0,300.0,"Industrial Part: Indicator Red Slow Blow Movement 1A 250V Holder Plastic Melf 5 X 20mm Ceramic Bag CCC/VDE/cULus Electric Indicator, Time Lag Blow, 1A, 250VAC, 300VDC, 1500A (IR), Surface Mount. Rated Current: 1.0A. Voltage: 250.0V. Material: CERAMIC. Physical Size: 5.2mm x 20.0mm."
A25,"Indicators PN Electric Indicator, Time Lag Blow, 1A, 250VAC, 300VDC, 1500A (IR), Surface Mount",UNKNOWN,NOT SPECIFIED,SLOW,UNKNOWN,5 X 20mm,Low,UNKNOWN,SURFACE MOUNT,55.0,-55.0,5.2,20.0,1500.0,1.0,250.0,250.0,300.0,"Industrial Part: Indicators PN Electric Indicator, Time Lag Blow, 1A, 250VAC, 300VDC, 1500A (IR), Surface Mount. Rated Current: 1.0A. Voltage: 250.0V. Material: UNKNOWN. Physical Size: 5.2mm x 20.0mm."
A26,"Indicator Red Slow Blow Movement 1A 250V Holder Plastic Melf 5 X 20mm Ceramic T/R CCC/VDE/cULus Electric Indicator, Time Lag Blow, 1A, 250VAC, 300VDC, 1500A (IR), Surface Mount",SLOW,MOTOR CIRCUIT,SLOW,CERAMIC,5 X 20mm,Low,HOLDER,SURFACE MOUNT,55.0,-55.0,5.2,20.0,1500.0,1.0,250.0,250.0,300.0,"Industrial Part: Indicator Red Slow Blow Movement 1A 250V Holder Plastic Melf 5 X 20mm Ceramic T/R CCC/VDE/cULus Electric Indicator, Time Lag Blow, 1A, 250VAC, 300VDC, 1500A (IR), Surface Mount. Rated Current: 1.0A. Voltage: 250.0V. Material: CERAMIC. Physical Size: 5.2mm x 20.0mm."
A27,"Indicator Red Slow Blow Movement 1.25A 250V Holder Plastic Melf 5 X 20mm Ceramic Bag CCC/VDE/cULus Electric Indicator, Time Lag Blow, 1.25A, 250VAC, 300VDC, 1500A (IR), Surface Mount",SLOW,MOTOR CIRCUIT,SLOW,CERAMIC,5 X 20mm,Low,HOLDER,SURFACE MOUNT,55.0,-55.0,5.2,20.0,1500.0,1.25,250.0,250.0,300.0,"Industrial Part: Indicator Red Slow Blow Movement 1.25A 250V Holder Plastic Melf 5 X 20mm Ceramic Bag CCC/VDE/cULus Electric Indicator, Time Lag Blow, 1.25A, 250VAC, 300VDC, 1500A (IR), Surface Mount. Rated Current: 1.25A. Voltage: 250.0V. Material: CERAMIC. Physical Size: 5.2mm x 20.0mm."
A28,"Indicators PN Electric Indicator, Time Lag Blow, 1.25A, 250VAC, 300VDC, 1500A (IR), Surface Mount",UNKNOWN,NOT SPECIFIED,SLOW,UNKNOWN,5 X 20mm,Low,UNKNOWN,SURFACE MOUNT,55.0,-55.0,5.2,20.0,1500.0,1.25,250.0,250.0,300.0,"Industrial Part: Indicators PN Electric Indicator, Time Lag Blow, 1.25A, 250VAC, 300VDC, 1500A (IR), Surface Mount. Rated Current: 1.25A. Voltage: 250.0V. Material: UNKNOWN. Physical Size: 5.2mm x 20.0mm."
A29,"Indicator Red Slow Blow Movement 1.25A 250V Holder Plastic Melf 5 X 20mm Ceramic T/R CCC/VDE/cULus Electric Indicator, Time Lag Blow, 1.25A, 250VAC, 300VDC, 1500A (IR), Surface Mount",SLOW,MOTOR CIRCUIT,SLOW,CERAMIC,5 X 20mm,Low,HOLDER,SURFACE MOUNT,55.0,-55.0,5.2,20.0,1500.0,1.25,250.0,250.0,300.0,"Industrial Part: Indicator Red Slow Blow Movement 1.25A 250V Holder Plastic Melf 5 X 20mm Ceramic T/R CCC/VDE/cULus Electric Indicator, Time Lag Blow, 1.25A, 250VAC, 300VDC, 1500A (IR), Surface Mount. Rated Current: 1.25A. Voltage: 250.0V. Material: CERAMIC. Physical Size: 5.2mm x 20.0mm."
A30,"Indicator Red Slow Blow Movement 1.6A 250V Holder Plastic Melf 5 X 20mm Ceramic Bag CCC/VDE/cULus Electric Indicator, Time Lag Blow, 1.6A, 250VAC, 300VDC, 1500A (IR), Surface Mount",SLOW,MOTOR CIRCUIT,SLOW,CERAMIC,5 X 20mm,Low,HOLDER,SURFACE MOUNT,55.0,-55.0,5.2,20.0,1500.0,1.6,250.0,250.0,300.0,"Industrial Part: Indicator Red Slow Blow Movement 1.6A 250V Holder Plastic Melf 5 X 20mm Ceramic Bag CCC/VDE/cULus Electric Indicator, Time Lag Blow, 1.6A, 250VAC, 300VDC, 1500A (IR), Surface Mount. Rated Current: 1.6A. Voltage: 250.0V. Material: CERAMIC. Physical Size: 5.2mm x 20.0mm."
A31,"Indicator Red Slow Blow Movement 1.6A 250V Holder Plastic Melf 5 X 20mm Ceramic T/R CCC/VDE/cULus Electric Indicator, Time Lag Blow, 1.6A, 250VAC, 300VDC, 1500A (IR), Surface Mount",SLOW,MOTOR CIRCUIT,SLOW,CERAMIC,5 X 20mm,Low,HOLDER,SURFACE MOUNT,55.0,-55.0,5.2,20.0,1500.0,1.6,250.0,250.0,300.0,"Industrial Part: Indicator Red Slow Blow Movement 1.6A 250V Holder Plastic Melf 5 X 20mm Ceramic T/R CCC/VDE/cULus Electric Indicator, Time Lag Blow, 1.6A, 250VAC, 300VDC, 1500A (IR), Surface Mount. Rated Current: 1.6A. Voltage: 250.0V. Material: CERAMIC. Physical Size: 5.2mm x 20.0mm."
A32,"Indicator Red Slow Blow Movement 2A 250V Holder Plastic Melf 5 X 20mm Ceramic Bag CCC/VDE/cULus Electric Indicator, Time Lag Blow, 2A, 250VAC, 300VDC, 1500A (IR), Surface Mount",SLOW,MOTOR CIRCUIT,SLOW,CERAMIC,5 X 20mm,Low,HOLDER,SURFACE MOUNT,55.0,-55.0,5.2,20.0,1500.0,2.0,250.0,250.0,300.0,"Industrial Part: Indicator Red Slow Blow Movement 2A 250V Holder Plastic Melf 5 X 20mm Ceramic Bag CCC/VDE/cULus Electric Indicator, Time Lag Blow, 2A, 250VAC, 300VDC, 1500A (IR), Surface Mount. Rated Current: 2.0A. Voltage: 250.0V. Material: CERAMIC. Physical Size: 5.2mm x 20.0mm."
A33,"Indicators PN Electric Indicator, Time Lag Blow, 2A, 250VAC, 300VDC, 1500A (IR), Surface Mount",UNKNOWN,NOT SPECIFIED,SLOW,UNKNOWN,5 X 20mm,Low,HOLDER,SURFACE MOUNT,55.0,-55.0,5.2,20.0,1500.0,2.0,250.0,250.0,300.0,"Industrial Part: Indicators PN Electric Indicator, Time Lag Blow, 2A, 250VAC, 300VDC, 1500A (IR), Surface Mount. Rated Current: 2.0A. Voltage: 250.0V. Material: UNKNOWN. Physical Size: 5.2mm x 20.0mm."
A34,"Indicator Red Slow Blow Movement 2A 250V Holder Plastic Melf 5 X 20mm Ceramic T/R CCC/VDE/cULus Electric Indicator, Time Lag Blow, 2A, 250VAC, 300VDC, 1500A (IR), Surface Mount",SLOW,MOTOR CIRCUIT,SLOW,CERAMIC,5 X 20mm,Low,HOLDER,SURFACE MOUNT,55.0,-55.0,5.2,20.0,1500.0,2.0,250.0,250.0,300.0,"Industrial Part: Indicator Red Slow Blow Movement 2A 250V Holder Plastic Melf 5 X 20mm Ceramic T/R CCC/VDE/cULus Electric Indicator, Time Lag Blow, 2A, 250VAC, 300VDC, 1500A (IR), Surface Mount. Rated Current: 2.0A. Voltage: 250.0V. Material: CERAMIC. Physical Size: 5.2mm x 20.0mm."
A35,"Indicator Red Slow Blow Movement 2.5A 250V Holder Plastic Melf 5 X 20mm Ceramic Bag CCC/VDE/cULus Electric Indicator, Time Lag Blow, 2.5A, 250VAC, 300VDC, 1500A (IR), Surface Mount",SLOW,MOTOR CIRCUIT,SLOW,CERAMIC,5 X 20mm,Low,HOLDER,SURFACE MOUNT,55.0,-55.0,5.2,20.0,1500.0,2.5,250.0,250.0,300.0,"Industrial Part: Indicator Red Slow Blow Movement 2.5A 250V Holder Plastic Melf 5 X 20mm Ceramic Bag CCC/VDE/cULus Electric Indicator, Time Lag Blow, 2.5A, 250VAC, 300VDC, 1500A (IR), Surface Mount. Rated Current: 2.5A. Voltage: 250.0V. Material: CERAMIC. Physical Size: 5.2mm x 20.0mm."
A36,"Indicators PN Electric Indicator, Time Lag Blow, 2.5A, 250VAC, 300VDC, 1500A (IR), Surface Mount",UNKNOWN,NOT SPECIFIED,SLOW,UNKNOWN,5 X 20mm,Low,UNKNOWN,SURFACE MOUNT,55.0,-55.0,5.2,20.0,1500.0,2.5,250.0,250.0,300.0,"Industrial Part: Indicators PN Electric Indicator, Time Lag Blow, 2.5A, 250VAC, 300VDC, 1500A (IR), Surface Mount. Rated Current: 2.5A. Voltage: 250.0V. Material: UNKNOWN. Physical Size: 5.2mm x 20.0mm."
A37,"Indicator Red Slow Blow Movement 2.5A 250V Holder Plastic Melf 5 X 20mm Ceramic T/R CCC/VDE/cULus Electric Indicator, Time Lag Blow, 2.5A, 250VAC, 300VDC, 1500A (IR), Surface Mount",SLOW,MOTOR CIRCUIT,SLOW,CERAMIC,5 X 20mm,Low,HOLDER,SURFACE MOUNT,55.0,-55.0,5.2,20.0,1500.0,2.5,250.0,250.0,300.0,"Industrial Part: Indicator Red Slow Blow Movement 2.5A 250V Holder Plastic Melf 5 X 20mm Ceramic T/R CCC/VDE/cULus Electric Indicator, Time Lag Blow, 2.5A, 250VAC, 300VDC, 1500A (IR), Surface Mount. Rated Current: 2.5A. Voltage: 250.0V. Material: CERAMIC. Physical Size: 5.2mm x 20.0mm."
A38,"Indicator Red Slow Blow Movement 3.15A 250V Holder Plastic Melf 5 X 20mm Ceramic Bag CCC/VDE/cULus Electric Indicator, Time Lag Blow, 3.15A, 250VAC, 300VDC, 1500A (IR), Surface Mount",SLOW,MOTOR CIRCUIT,SLOW,CERAMIC,5 X 20mm,Low,HOLDER,SURFACE MOUNT,55.0,-55.0,5.2,20.0,1500.0,3.15,250.0,250.0,300.0,"Industrial Part: Indicator Red Slow Blow Movement 3.15A 250V Holder Plastic Melf 5 X 20mm Ceramic Bag CCC/VDE/cULus Electric Indicator, Time Lag Blow, 3.15A, 250VAC, 300VDC, 1500A (IR), Surface Mount. Rated Current: 3.15A. Voltage: 250.0V. Material: CERAMIC. Physical Size: 5.2mm x 20.0mm."
A39,"Indicators PN Electric Indicator, Time Lag Blow, 3.15A, 250VAC, 300VDC, 1500A (IR), Surface Mount",UNKNOWN,NOT SPECIFIED,SLOW,UNKNOWN,5 X 20mm,Low,UNKNOWN,SURFACE MOUNT,55.0,-55.0,5.2,20.0,1500.0,3.15,250.0,250.0,300.0,"Industrial Part: Indicators PN Electric Indicator, Time Lag Blow, 3.15A, 250VAC, 300VDC, 1500A (IR), Surface Mount. Rated Current: 3.15A. Voltage: 250.0V. Material: UNKNOWN. Physical Size: 5.2mm x 20.0mm."
A40,"Indicator Red Slow Blow Movement 3.15A 250V Holder Plastic Melf 5 X 20mm Ceramic T/R CCC/VDE/cULus Electric Indicator, Time Lag Blow, 3.15A, 250VAC, 300VDC, 1500A (IR), Surface Mount",SLOW,MOTOR CIRCUIT,SLOW,CERAMIC,5 X 20mm,Low,HOLDER,SURFACE MOUNT,55.0,-55.0,5.2,20.0,1500.0,3.15,250.0,250.0,300.0,"Industrial Part: Indicator Red Slow Blow Movement 3.15A 250V Holder Plastic Melf 5 X 20mm Ceramic T/R CCC/VDE/cULus Electric Indicator, Time Lag Blow, 3.15A, 250VAC, 300VDC, 1500A (IR), Surface Mount. Rated Current: 3.15A. Voltage: 250.0V. Material: CERAMIC. Physical Size: 5.2mm x 20.0mm."
A41,"Indicator Red Slow Blow Movement 4A 250V Holder Plastic Melf 5 X 20mm Ceramic Bag CCC/VDE/cULus Electric Indicator, Time Lag Blow, 4A, 250VAC, 150VDC, 1500A (IR), Surface Mount",SLOW,MOTOR CIRCUIT,SLOW,CERAMIC,5 X 20mm,Low,HOLDER,SURFACE MOUNT,55.0,-55.0,5.2,20.0,1500.0,4.0,250.0,250.0,150.0,"Industrial Part: Indicator Red Slow Blow Movement 4A 250V Holder Plastic Melf 5 X 20mm Ceramic Bag CCC/VDE/cULus Electric Indicator, Time Lag Blow, 4A, 250VAC, 150VDC, 1500A (IR), Surface Mount. Rated Current: 4.0A. Voltage: 250.0V. Material: CERAMIC. Physical Size: 5.2mm x 20.0mm."
A42,"Indicator Red Slow Blow Movement 4A 250V Holder Plastic Melf 5 X 20mm Ceramic T/R CCC/VDE/cULus Electric Indicator, Time Lag Blow, 4A, 250VAC, 150VDC, 1500A (IR), Surface Mount",SLOW,MOTOR CIRCUIT,SLOW,CERAMIC,5 X 20mm,Low,HOLDER,SURFACE MOUNT,55.0,-55.0,5.2,20.0,1500.0,4.0,250.0,250.0,150.0,"Industrial Part: Indicator Red Slow Blow Movement 4A 250V Holder Plastic Melf 5 X 20mm Ceramic T/R CCC/VDE/cULus Electric Indicator, Time Lag Blow, 4A, 250VAC, 150VDC, 1500A (IR), Surface Mount. Rated Current: 4.0A. Voltage: 250.0V. Material: CERAMIC. Physical Size: 5.2mm x 20.0mm."
A43,"Indicator Red Slow Blow Movement 4A 250V Holder Plastic Melf 5 X 20mm Ceramic T/R CCC/VDE/cULus Electric Indicator, Time Lag Blow, 4A, 250VAC, 150VDC, 1500A (IR), Surface Mount",SLOW,MOTOR CIRCUIT,SLOW,CERAMIC,5 X 20mm,Low,HOLDER,SURFACE MOUNT,55.0,-55.0,5.2,20.0,1500.0,4.0,250.0,250.0,150.0,"Industrial Part: Indicator Red Slow Blow Movement 4A 250V Holder Plastic Melf 5 X 20mm Ceramic T/R CCC/VDE/cULus Electric Indicator, Time Lag Blow, 4A, 250VAC, 150VDC, 1500A (IR), Surface Mount. Rated Current: 4.0A. Voltage: 250.0V. Material: CERAMIC. Physical Size: 5.2mm x 20.0mm."
A44,"Indicator Red Slow Blow Movement 5A 250V Holder Plastic Melf 5 X 20mm Ceramic Bag CCC/VDE/cULus Electric Indicator, Time Lag Blow, 5A, 250VAC, 150VDC, 1500A (IR), Surface Mount",SLOW,MOTOR CIRCUIT,SLOW,CERAMIC,5 X 20mm,Low,HOLDER,SURFACE MOUNT,55.0,-55.0,5.2,20.0,1500.0,5.0,250.0,250.0,150.0,"Industrial Part: Indicator Red Slow Blow Movement 5A 250V Holder Plastic Melf 5 X 20mm Ceramic Bag CCC/VDE/cULus Electric Indicator, Time Lag Blow, 5A, 250VAC, 150VDC, 1500A (IR), Surface Mount. Rated Current: 5.0A. Voltage: 250.0V. Material: CERAMIC. Physical Size: 5.2mm x 20.0mm."
A45,"Indicators PN Electric Indicator, Time Lag Blow, 5A, 250VAC, 150VDC, 1500A (IR), Surface Mount",UNKNOWN,NOT SPECIFIED,SLOW,UNKNOWN,5 X 20mm,Low,UNKNOWN,SURFACE MOUNT,55.0,-55.0,5.2,20.0,1500.0,5.0,250.0,250.0,150.0,"Industrial Part: Indicators PN Electric Indicator, Time Lag Blow, 5A, 250VAC, 150VDC, 1500A (IR), Surface Mount. Rated Current: 5.0A. Voltage: 250.0V. Material: UNKNOWN. Physical Size: 5.2mm x 20.0mm."
A46,"Indicator Red Slow Blow Movement 5A 250V Holder Plastic Melf 5 X 20mm Ceramic T/R CCC/VDE/cULus Electric Indicator, Time Lag Blow, 5A, 250VAC, 150VDC, 1500A (IR), Surface Mount",SLOW,MOTOR CIRCUIT,SLOW,CERAMIC,5 X 20mm,Low,HOLDER,SURFACE MOUNT,55.0,-55.0,5.2,20.0,1500.0,5.0,250.0,250.0,150.0,"Industrial Part: Indicator Red Slow Blow Movement 5A 250V Holder Plastic Melf 5 X 20mm Ceramic T/R CCC/VDE/cULus Electric Indicator, Time Lag Blow, 5A, 250VAC, 150VDC, 1500A (IR), Surface Mount. Rated Current: 5.0A. Voltage: 250.0V. Material: CERAMIC. Physical Size: 5.2mm x 20.0mm."
A47,"Indicator Red Slow Blow Movement 6.3A 250V Holder Plastic Melf 5 X 20mm Ceramic Bag CCC/VDE/cULus Electric Indicator, Time Lag Blow, 6.3A, 250VAC, 150VDC, 1500A (IR), Surface Mount",SLOW,MOTOR CIRCUIT,SLOW,CERAMIC,5 X 20mm,Low,HOLDER,SURFACE MOUNT,55.0,-55.0,5.2,20.0,1500.0,6.3,250.0,250.0,150.0,"Industrial Part: Indicator Red Slow Blow Movement 6.3A 250V Holder Plastic Melf 5 X 20mm Ceramic Bag CCC/VDE/cULus Electric Indicator, Time Lag Blow, 6.3A, 250VAC, 150VDC, 1500A (IR), Surface Mount. Rated Current: 6.3A. Voltage: 250.0V. Material: CERAMIC. Physical Size: 5.2mm x 20.0mm."
A48,"Indicators PN Electric Indicator, Time Lag Blow, 6.3A, 250VAC, 150VDC, 1500A (IR), Surface Mount",UNKNOWN,NOT SPECIFIED,SLOW,UNKNOWN,5 X 20mm,Low,UNKNOWN,SURFACE MOUNT,55.0,-55.0,5.2,20.0,1500.0,6.3,250.0,250.0,150.0,"Industrial Part: Indicators PN Electric Indicator, Time Lag Blow, 6.3A, 250VAC, 150VDC, 1500A (IR), Surface Mount. Rated Current: 6.3A. Voltage: 250.0V. Material: UNKNOWN. Physical Size: 5.2mm x 20.0mm."
A49,"Indicator Red Slow Blow Movement 6.3A 250V Holder Plastic Melf 5 X 20mm Ceramic T/R CCC/VDE/cULus Electric Indicator, Time Lag Blow, 6.3A, 250VAC, 150VDC, 1500A (IR), Surface Mount",SLOW,MOTOR CIRCUIT,SLOW,CERAMIC,5 X 20mm,Low,HOLDER,SURFACE MOUNT,55.0,-55.0,5.2,20.0,1500.0,6.3,250.0,250.0,150.0,"Industrial Part: Indicator Red Slow Blow Movement 6.3A 250V Holder Plastic Melf 5 X 20mm Ceramic T/R CCC/VDE/cULus Electric Indicator, Time Lag Blow, 6.3A, 250VAC, 150VDC, 1500A (IR), Surface Mount. Rated Current: 6.3A. Voltage: 250.0V. Material: CERAMIC. Physical Size: 5.2mm x 20.0mm."
A50,"Indicator Red Slow Blow Movement 8A 250V Holder Plastic Melf 5 X 20mm Ceramic Bag CCC/VDE/cULus Electric Indicator, Time Lag Blow, 8A, 250VAC, 150VDC, 1000A (IR), Surface Mount",SLOW,MOTOR CIRCUIT,SLOW,CERAMIC,5 X 20mm,Low,HOLDER,SURFACE MOUNT,55.0,-55.0,5.2,20.0,1000.0,8.0,250.0,250.0,150.0,"Industrial Part: Indicator Red Slow Blow Movement 8A 250V Holder Plastic Melf 5 X 20mm Ceramic Bag CCC/VDE/cULus Electric Indicator, Time Lag Blow, 8A, 250VAC, 150VDC, 1000A (IR), Surface Mount. Rated Current: 8.0A. Voltage: 250.0V. Material: CERAMIC. Physical Size: 5.2mm x 20.0mm."
A51,"Indicators PN Electric Indicator, Time Lag Blow, 8A, 250VAC, 150VDC, 1000A (IR), Surface Mount",UNKNOWN,NOT SPECIFIED,SLOW,UNKNOWN,5 X 20mm,Low,UNKNOWN,SURFACE MOUNT,55.0,-55.0,5.2,20.0,1000.0,8.0,250.0,250.0,150.0,"Industrial Part: Indicators PN Electric Indicator, Time Lag Blow, 8A, 250VAC, 150VDC, 1000A (IR), Surface Mount. Rated Current: 8.0A. Voltage: 250.0V. Material: UNKNOWN. Physical Size: 5.2mm x 20.0mm."
A52,"Indicator Red Slow Blow Movement 8A 250V Holder Plastic Melf 5 X 20mm Ceramic T/R CCC/VDE/cULus Electric Indicator, Time Lag Blow, 8A, 250VAC, 150VDC, 1000A (IR), Surface Mount",SLOW,MOTOR CIRCUIT,SLOW,CERAMIC,5 X 20mm,Low,HOLDER,SURFACE MOUNT,55.0,-55.0,5.2,20.0,1000.0,8.0,250.0,250.0,150.0,"Industrial Part: Indicator Red Slow Blow Movement 8A 250V Holder Plastic Melf 5 X 20mm Ceramic T/R CCC/VDE/cULus Electric Indicator, Time Lag Blow, 8A, 250VAC, 150VDC, 1000A (IR), Surface Mount. Rated Current: 8.0A. Voltage: 250.0V. Material: CERAMIC. Physical Size: 5.2mm x 20.0mm."
A53,"Indicator Red Slow Blow Movement 10A 250V Holder Plastic Melf 5 X 20mm Ceramic Bag CCC/VDE/cULus Electric Indicator, Time Lag Blow, 10A, 250VAC, 150VDC, 1000A (IR), Surface Mount",SLOW,MOTOR CIRCUIT,SLOW,CERAMIC,5 X 20mm,Low,HOLDER,SURFACE MOUNT,55.0,-55.0,5.2,20.0,1000.0,10.0,250.0,250.0,150.0,"Industrial Part: Indicator Red Slow Blow Movement 10A 250V Holder Plastic Melf 5 X 20mm Ceramic Bag CCC/VDE/cULus Electric Indicator, Time Lag Blow, 10A, 250VAC, 150VDC, 1000A (IR), Surface Mount. Rated Current: 10.0A. Voltage: 250.0V. Material: CERAMIC. Physical Size: 5.2mm x 20.0mm."
A54,"Indicators PN Electric Indicator, Time Lag Blow, 10A, 250VAC, 150VDC, 1000A (IR), Surface Mount",UNKNOWN,NOT SPECIFIED,SLOW,UNKNOWN,5 X 20mm,Low,UNKNOWN,SURFACE MOUNT,55.0,-55.0,5.2,20.0,1000.0,10.0,250.0,250.0,150.0,"Industrial Part: Indicators PN Electric Indicator, Time Lag Blow, 10A, 250VAC, 150VDC, 1000A (IR), Surface Mount. Rated Current: 10.0A. Voltage: 250.0V. Material: UNKNOWN. Physical Size: 5.2mm x 20.0mm."
A55,"Indicator Red Slow Blow Movement 10A 250V Holder Plastic Melf 5 X 20mm Ceramic T/R CCC/VDE/cULus Electric Indicator, Time Lag Blow, 10A, 250VAC, 150VDC, 1000A (IR), Surface Mount",SLOW,MOTOR CIRCUIT,SLOW,CERAMIC,5 X 20mm,Low,HOLDER,SURFACE MOUNT,55.0,-55.0,5.2,20.0,1000.0,10.0,250.0,250.0,150.0,"Industrial Part: Indicator Red Slow Blow Movement 10A 250V Holder Plastic Melf 5 X 20mm Ceramic T/R CCC/VDE/cULus Electric Indicator, Time Lag Blow, 10A, 250VAC, 150VDC, 1000A (IR), Surface Mount. Rated Current: 10.0A. Voltage: 250.0V. Material: CERAMIC. Physical Size: 5.2mm x 20.0mm."
A56,"Indicator Red Slow Blow Movement 12.5A 250V Holder Plastic Melf 5 X 20mm Ceramic Bag CCC/VDE/cULus Electric Indicator, Time Lag Blow, 12.5A, 250VAC, 125VDC, 500A (IR), Surface Mount",SLOW,MOTOR CIRCUIT,SLOW,CERAMIC,5 X 20mm,Low,HOLDER,SURFACE MOUNT,125.0,-55.0,5.2,20.0,500.0,12.5,250.0,250.0,125.0,"Industrial Part: Indicator Red Slow Blow Movement 12.5A 250V Holder Plastic Melf 5 X 20mm Ceramic Bag CCC/VDE/cULus Electric Indicator, Time Lag Blow, 12.5A, 250VAC, 125VDC, 500A (IR), Surface Mount. Rated Current: 12.5A. Voltage: 250.0V. Material: CERAMIC. Physical Size: 5.2mm x 20.0mm."
A57,"Indicator Red Slow Blow Movement 12.5A 250V Holder Plastic Melf 5 X 20mm Ceramic T/R CCC/VDE/cULus Electric Indicator, Time Lag Blow, 12.5A, 250VAC, 125VDC, 500A (IR), Surface Mount",SLOW,MOTOR CIRCUIT,SLOW,CERAMIC,5 X 20mm,Low,HOLDER,SURFACE MOUNT,125.0,-55.0,5.2,20.0,500.0,12.5,250.0,250.0,125.0,"Industrial Part: Indicator Red Slow Blow Movement 12.5A 250V Holder Plastic Melf 5 X 20mm Ceramic T/R CCC/VDE/cULus Electric Indicator, Time Lag Blow, 12.5A, 250VAC, 125VDC, 500A (IR), Surface Mount. Rated Current: 12.5A. Voltage: 250.0V. Material: CERAMIC. Physical Size: 5.2mm x 20.0mm."
A58,"Indicator Red Slow Blow Movement 16A 250V Holder Plastic Melf 5 X 20mm Ceramic Bag CCC/VDE/cULus Electric Indicator, Time Lag Blow, 16A, 250VAC, 125VDC, 500A (IR), Surface Mount",SLOW,MOTOR CIRCUIT,SLOW,CERAMIC,5 X 20mm,Low,HOLDER,SURFACE MOUNT,125.0,-55.0,5.2,20.0,500.0,16.0,250.0,250.0,125.0,"Industrial Part: Indicator Red Slow Blow Movement 16A 250V Holder Plastic Melf 5 X 20mm Ceramic Bag CCC/VDE/cULus Electric Indicator, Time Lag Blow, 16A, 250VAC, 125VDC, 500A (IR), Surface Mount. Rated Current: 16.0A. Voltage: 250.0V. Material: CERAMIC. Physical Size: 5.2mm x 20.0mm."
A59,"Indicator Red Slow Blow Movement 16A 250V Holder Plastic Melf 5 X 20mm Ceramic T/R CCC/VDE/cULus Electric Indicator, Time Lag Blow, 16A, 250VAC, 125VDC, 500A (IR), Surface Mount",SLOW,MOTOR CIRCUIT,SLOW,CERAMIC,5 X 20mm,Low,HOLDER,SURFACE MOUNT,125.0,-55.0,5.2,20.0,500.0,16.0,250.0,250.0,125.0,"Industrial Part: Indicator Red Slow Blow Movement 16A 250V Holder Plastic Melf 5 X 20mm Ceramic T/R CCC/VDE/cULus Electric Indicator, Time Lag Blow, 16A, 250VAC, 125VDC, 500A (IR), Surface Mount. Rated Current: 16.0A. Voltage: 250.0V. Material: CERAMIC. Physical Size: 5.2mm x 20.0mm."
A60,"Indicator Red Slow Blow Movement 16A 250V Holder Plastic Melf 5 X 20mm Ceramic T/R CCC/VDE/cULus Electric Indicator, Time Lag Blow, 16A, 250VAC, 125VDC, 500A (IR), Surface Mount",SLOW,MOTOR CIRCUIT,SLOW,CERAMIC,5 X 20mm,Low,HOLDER,SURFACE MOUNT,125.0,-55.0,5.2,20.0,500.0,16.0,250.0,250.0,125.0,"Industrial Part: Indicator Red Slow Blow Movement 16A 250V Holder Plastic Melf 5 X 20mm Ceramic T/R CCC/VDE/cULus Electric Indicator, Time Lag Blow, 16A, 250VAC, 125VDC, 500A (IR), Surface Mount. Rated Current: 16.0A. Voltage: 250.0V. Material: CERAMIC. Physical Size: 5.2mm x 20.0mm."
A61,,FAST,MOTOR CIRCUIT,UNKNOWN,GLASS,5 X 15mm,UNKNOWN,UNKNOWN,NOT SPECIFIED,55.0,-55.0,5.0,8.4,50.0,1.0,250.0,250.0,0.0,Industrial Part: nan. Rated Current: 1.0A. Voltage: 250.0V. Material: GLASS. Physical Size: 5.0mm x 8.4mm.
A62,,FAST,MOTOR CIRCUIT,UNKNOWN,GLASS,5 X 15mm,UNKNOWN,UNKNOWN,NOT SPECIFIED,55.0,-55.0,5.0,8.4,50.0,2.0,250.0,250.0,0.0,Industrial Part: nan. Rated Current: 2.0A. Voltage: 250.0V. Material: GLASS. Physical Size: 5.0mm x 8.4mm.
A63,"Indicator Holder 20A 500VAC Solder Lug Panel Mount Box Indicator ACCESSORY, Indicator HOLDER",UNKNOWN,NOT SPECIFIED,UNKNOWN,UNKNOWN,5mm X 20mm|6.3mm X 32mm,Low,PANEL MOUNT,NOT SPECIFIED,55.0,-55.0,5.0,49.0,50.0,20.0,500.0,500.0,0.0,"Industrial Part: Indicator Holder 20A 500VAC Solder Lug Panel Mount Box Indicator ACCESSORY, Indicator HOLDER. Rated Current: 20.0A. Voltage: 500.0V. Material: UNKNOWN. Physical Size: 5.0mm x 49.0mm."
A64,Indicator Holder 16A 250VAC Solder Lug Through Hole Box ROTARY SWITCH-,UNKNOWN,NOT SPECIFIED,UNKNOWN,UNKNOWN,6.3mm X 32mm,Low,THROUGH HOLE,NOT SPECIFIED,55.0,-55.0,6.3,8.4,50.0,16.0,250.0,250.0,0.0,Industrial Part: Indicator Holder 16A 250VAC Solder Lug Through Hole Box ROTARY SWITCH-. Rated Current: 16.0A. Voltage: 250.0V. Material: UNKNOWN. Physical Size: 6.3mm x 8.4mm.
A65,Indicator Holder 16A 250VAC Solder Lug Through Hole Box ROTARY SWITCH-,UNKNOWN,NOT SPECIFIED,UNKNOWN,UNKNOWN,6.3mm X 32mm,Low,THROUGH HOLE,NOT SPECIFIED,55.0,-55.0,6.3,8.4,50.0,16.0,250.0,250.0,0.0,Industrial Part: Indicator Holder 16A 250VAC Solder Lug Through Hole Box ROTARY SWITCH-. Rated Current: 16.0A. Voltage: 250.0V. Material: UNKNOWN. Physical Size: 6.3mm x 8.4mm.
A66,Indicator Holder 20A 250VAC Solder Lug Panel Mount Box Indicator ACCESSORY,UNKNOWN,NOT SPECIFIED,UNKNOWN,UNKNOWN,5mm X 20mm|6.3mm X 32mm,Low,PANEL MOUNT,NOT SPECIFIED,55.0,-55.0,5.0,45.0,50.0,20.0,250.0,250.0,0.0,Industrial Part: Indicator Holder 20A 250VAC Solder Lug Panel Mount Box Indicator ACCESSORY. Rated Current: 20.0A. Voltage: 250.0V. Material: UNKNOWN. Physical Size: 5.0mm x 45.0mm.
A67,Indicator Holder 20A 250VAC Quick Connect Panel Mount Box Indicator ACCESSORY,UNKNOWN,NOT SPECIFIED,UNKNOWN,UNKNOWN,5mm X 20mm|6.3mm X 32mm,Low,PANEL MOUNT,NOT SPECIFIED,55.0,-55.0,5.0,46.5,50.0,20.0,250.0,250.0,0.0,Industrial Part: Indicator Holder 20A 250VAC Quick Connect Panel Mount Box Indicator ACCESSORY. Rated Current: 20.0A. Voltage: 250.0V. Material: UNKNOWN. Physical Size: 5.0mm x 46.5mm.
A68,Indicator Holder 30A 500VAC Through Hole Pin Box Indicator ACCESSORY,UNKNOWN,NOT SPECIFIED,UNKNOWN,UNKNOWN,6.3mm X 32mm,Low,THROUGH HOLE,NOT SPECIFIED,55.0,-55.0,14.9,8.4,50.0,30.0,500.0,500.0,0.0,Industrial Part: Indicator Holder 30A 500VAC Through Hole Pin Box Indicator ACCESSORY. Rated Current: 30.0A. Voltage: 500.0V. Material: UNKNOWN. Physical Size: 14.9mm x 8.4mm.
A69,"Indicator Holder 6.3A 250VAC Solder Through Hole Box Indicator ACCESSORY, Indicator CLIP",UNKNOWN,NOT SPECIFIED,UNKNOWN,UNKNOWN,5mm X 20mm,Low,THROUGH HOLE,NOT SPECIFIED,55.0,-55.0,9.5,31.0,50.0,6.3,250.0,250.0,0.0,"Industrial Part: Indicator Holder 6.3A 250VAC Solder Through Hole Box Indicator ACCESSORY, Indicator CLIP. Rated Current: 6.3A. Voltage: 250.0V. Material: UNKNOWN. Physical Size: 9.5mm x 31.0mm."
A70,"Indicator Holder 12A 250VAC Pin Through Hole Box Indicator ACCESSORY, Indicator HOLDER",UNKNOWN,NOT SPECIFIED,UNKNOWN,UNKNOWN,5mm X 20mm,Low,THROUGH HOLE,NOT SPECIFIED,55.0,-55.0,5.0,31.5,50.0,12.0,250.0,250.0,0.0,"Industrial Part: Indicator Holder 12A 250VAC Pin Through Hole Box Indicator ACCESSORY, Indicator HOLDER. Rated Current: 12.0A. Voltage: 250.0V. Material: UNKNOWN. Physical Size: 5.0mm x 31.5mm."
A71,"Indicator Holder 16A 250VAC Through Hole Pin Box Indicator ACCESSORY, Indicator HOLDER",UNKNOWN,NOT SPECIFIED,UNKNOWN,UNKNOWN,5mm X 20mm|6.3mm X 32mm,Low,THROUGH HOLE,NOT SPECIFIED,55.0,-55.0,5.0,45.0,50.0,16.0,250.0,250.0,0.0,"Industrial Part: Indicator Holder 16A 250VAC Through Hole Pin Box Indicator ACCESSORY, Indicator HOLDER. Rated Current: 16.0A. Voltage: 250.0V. Material: UNKNOWN. Physical Size: 5.0mm x 45.0mm."
A72,Indicator Holder 10A 250VAC Panel Mount Quick Connect Box Indicators/Accessories,UNKNOWN,NOT SPECIFIED,UNKNOWN,UNKNOWN,5mm X 20mm,Low,PANEL MOUNT,NOT SPECIFIED,55.0,-55.0,5.0,35.1,50.0,10.0,250.0,250.0,0.0,Industrial Part: Indicator Holder 10A 250VAC Panel Mount Quick Connect Box Indicators/Accessories. Rated Current: 10.0A. Voltage: 250.0V. Material: UNKNOWN. Physical Size: 5.0mm x 35.1mm.
A73,"Indicator Holder 6.3A 250V Pin Through Hole Box Indicator ACCESSORY, Indicator HOLDER",UNKNOWN,NOT SPECIFIED,UNKNOWN,UNKNOWN,NOT SPECIFIED,Low,THROUGH HOLE,NOT SPECIFIED,55.0,-55.0,9.5,8.4,50.0,6.3,250.0,0.0,0.0,"Industrial Part: Indicator Holder 6.3A 250V Pin Through Hole Box Indicator ACCESSORY, Indicator HOLDER. Rated Current: 6.3A. Voltage: 250.0V. Material: UNKNOWN. Physical Size: 9.5mm x 8.4mm."
A74,Indicator Holder Surface Mount Tapend Reel Indicators/Accessories,UNKNOWN,NOT SPECIFIED,UNKNOWN,UNKNOWN,NOT SPECIFIED,Low,SURFACE MOUNT,NOT SPECIFIED,55.0,-55.0,12.0,12.0,50.0,2.0,125.0,0.0,0.0,Industrial Part: Indicator Holder Surface Mount Tapend Reel Indicators/Accessories. Rated Current: 2.0A. Voltage: 125.0V. Material: UNKNOWN. Physical Size: 12.0mm x 12.0mm.
A75,Indicator Holder Surface Mount Tapend Reel Indicators/Accessories,UNKNOWN,NOT SPECIFIED,UNKNOWN,UNKNOWN,NOT SPECIFIED,Low,SURFACE MOUNT,NOT SPECIFIED,55.0,-55.0,12.0,12.0,50.0,2.0,125.0,0.0,0.0,Industrial Part: Indicator Holder Surface Mount Tapend Reel Indicators/Accessories. Rated Current: 2.0A. Voltage: 125.0V. Material: UNKNOWN. Physical Size: 12.0mm x 12.0mm.
A76,"Indicator Holder 10A 250V Snap-In Through Hole Box Indicator ACCESSORY, Indicator HOLDER",UNKNOWN,NOT SPECIFIED,UNKNOWN,UNKNOWN,5mm X 20mm,Low,THROUGH HOLE,NOT SPECIFIED,55.0,-55.0,5.0,22.5,50.0,10.0,250.0,0.0,0.0,"Industrial Part: Indicator Holder 10A 250V Snap-In Through Hole Box Indicator ACCESSORY, Indicator HOLDER. Rated Current: 10.0A. Voltage: 250.0V. Material: UNKNOWN. Physical Size: 5.0mm x 22.5mm."
A77,Indicator Holder 10A 500VDC Clip Holder Box Indicator ACCESSORY,UNKNOWN,NOT SPECIFIED,UNKNOWN,UNKNOWN,5mm X 20mm,Low,HOLDER,NOT SPECIFIED,55.0,-55.0,5.0,25.0,50.0,10.0,500.0,0.0,10.0,Industrial Part: Indicator Holder 10A 500VDC Clip Holder Box Indicator ACCESSORY. Rated Current: 10.0A. Voltage: 500.0V. Material: UNKNOWN. Physical Size: 5.0mm x 25.0mm.
A78,Indicator Holder 10A 500VDC Clip Holder Box Indicator ACCESSORY,UNKNOWN,NOT SPECIFIED,UNKNOWN,UNKNOWN,5mm X 20mm,Low,HOLDER,NOT SPECIFIED,55.0,-55.0,5.0,25.0,50.0,10.0,500.0,0.0,10.0,Industrial Part: Indicator Holder 10A 500VDC Clip Holder Box Indicator ACCESSORY. Rated Current: 10.0A. Voltage: 500.0V. Material: UNKNOWN. Physical Size: 5.0mm x 25.0mm.
A79,Indicator Holder 10A 500VDC Clip Holder Box Indicator ACCESSORY,UNKNOWN,NOT SPECIFIED,UNKNOWN,UNKNOWN,5mm X 20mm,Low,HOLDER,NOT SPECIFIED,55.0,-55.0,5.0,25.0,50.0,10.0,500.0,0.0,10.0,Industrial Part: Indicator Holder 10A 500VDC Clip Holder Box Indicator ACCESSORY. Rated Current: 10.0A. Voltage: 500.0V. Material: UNKNOWN. Physical Size: 5.0mm x 25.0mm.
A80,Indicator Holder 10A 500VDC Clip Holder Box Indicator ACCESSORY,UNKNOWN,NOT SPECIFIED,UNKNOWN,UNKNOWN,5mm X 20mm,Low,HOLDER,NOT SPECIFIED,55.0,-55.0,5.0,25.0,50.0,10.0,500.0,0.0,10.0,Industrial Part: Indicator Holder 10A 500VDC Clip Holder Box Indicator ACCESSORY. Rated Current: 10.0A. Voltage: 500.0V. Material: UNKNOWN. Physical Size: 5.0mm x 25.0mm.
A81,"Indicator Red Very Fast Movement 8A 250V Holder Plastic 5 X 20mm Ceramic Box Electric Indicator, Super Fast Blow, 8A, 250VAC, 1500A (IR), Inline/holder, 5x20mm",VERY FAST,MOTOR CIRCUIT,VERY FAST,CERAMIC,5x20mm,Low,HOLDER,INLINE/HOLDER,85.0,-40.0,5.2,20.0,1500.0,8.0,250.0,250.0,0.0,"Industrial Part: Indicator Red Very Fast Movement 8A 250V Holder Plastic 5 X 20mm Ceramic Box Electric Indicator, Super Fast Blow, 8A, 250VAC, 1500A (IR), Inline/holder, 5x20mm. Rated Current: 8.0A. Voltage: 250.0V. Material: CERAMIC. Physical Size: 5.2mm x 20.0mm."
A82,"Indicator Red Very Fast Movement 6.3A 250V Holder Plastic 6.3 X 32mm Glass Box Electric Indicator, Super Fast Blow, 6.3A, 250VAC, 1500A (IR), Inline/holder",VERY FAST,SEMICONDUCTOR PROTECTION,VERY FAST,GLASS,6.3 X 32mm,Low,HOLDER,INLINE/HOLDER,85.0,-40.0,6.35,31.8,1500.0,6.3,250.0,250.0,0.0,"Industrial Part: Indicator Red Very Fast Movement 6.3A 250V Holder Plastic 6.3 X 32mm Glass Box Electric Indicator, Super Fast Blow, 6.3A, 250VAC, 1500A (IR), Inline/holder. Rated Current: 6.3A. Voltage: 250.0V. Material: GLASS. Physical Size: 6.35mm x 31.8mm."
A83,,FAST,MOTOR CIRCUIT,UNKNOWN,GLASS,5 X 20mm,UNKNOWN,UNKNOWN,NOT SPECIFIED,55.0,-55.0,5.0,8.4,50.0,4.0,125.0,0.0,0.0,Industrial Part: nan. Rated Current: 4.0A. Voltage: 125.0V. Material: GLASS. Physical Size: 5.0mm x 8.4mm.
A84,Indicator 0.002A 250V Fast Movement 2-Pin Box Indicator,FAST,PRIMARY PROTECTION IN EQUIPMENT,UNKNOWN,GLASS,5 X 20mm,Low,UNKNOWN,NOT SPECIFIED,55.0,-55.0,5.0,8.4,50.0,0.002,250.0,250.0,0.0,Industrial Part: Indicator 0.002A 250V Fast Movement 2-Pin Box Indicator. Rated Current: 0.002A. Voltage: 250.0V. Material: GLASS. Physical Size: 5.0mm x 8.4mm.
A85,,FAST,PRIMARY PROTECTION IN EQUIPMENT,UNKNOWN,GLASS,5 X 20mm,UNKNOWN,UNKNOWN,NOT SPECIFIED,55.0,-55.0,5.0,8.4,50.0,0.004,250.0,250.0,0.0,Industrial Part: nan. Rated Current: 0.004A. Voltage: 250.0V. Material: GLASS. Physical Size: 5.0mm x 8.4mm.
A86,,FAST,PRIMARY PROTECTION IN EQUIPMENT,UNKNOWN,GLASS,5 X 20mm,UNKNOWN,UNKNOWN,NOT SPECIFIED,55.0,-55.0,5.0,8.4,50.0,0.007,250.0,250.0,0.0,Industrial Part: nan. Rated Current: 0.007A. Voltage: 250.0V. Material: GLASS. Physical Size: 5.0mm x 8.4mm.
A87,,FAST,PRIMARY PROTECTION IN EQUIPMENT,UNKNOWN,GLASS,5 X 20mm,UNKNOWN,UNKNOWN,NOT SPECIFIED,55.0,-55.0,5.0,8.4,50.0,0.01,250.0,250.0,0.0,Industrial Part: nan. Rated Current: 0.01A. Voltage: 250.0V. Material: GLASS. Physical Size: 5.0mm x 8.4mm.
A88,,FAST,PRIMARY PROTECTION IN EQUIPMENT,UNKNOWN,GLASS,5 X 20mm,UNKNOWN,UNKNOWN,NOT SPECIFIED,55.0,-55.0,5.0,8.4,50.0,0.014,250.0,250.0,0.0,Industrial Part: nan. Rated Current: 0.014A. Voltage: 250.0V. Material: GLASS. Physical Size: 5.0mm x 8.4mm.
A89,"Indicator Red Fast Movement 1A 250V Axial 5 X 20mm Glass Box Electric Indicator, Very Fast Blow, 1A, 250VAC, 35A (IR), Through Hole",FAST,MOTOR CIRCUIT,VERY FAST,GLASS,5 X 20mm,Low,THROUGH HOLE,THROUGH HOLE,55.0,-55.0,5.8,21.2,35.0,1.0,250.0,250.0,0.0,"Industrial Part: Indicator Red Fast Movement 1A 250V Axial 5 X 20mm Glass Box Electric Indicator, Very Fast Blow, 1A, 250VAC, 35A (IR), Through Hole. Rated Current: 1.0A. Voltage: 250.0V. Material: GLASS. Physical Size: 5.8mm x 21.2mm."
A90,"Indicator Red Fast Movement 1A 250V Axial 5 X 20mm Glass T/R Electric Indicator, Very Fast Blow, 1A, 250VAC, 35A (IR), Through Hole",FAST,MOTOR CIRCUIT,VERY FAST,GLASS,5 X 20mm,Low,THROUGH HOLE,THROUGH HOLE,55.0,-55.0,5.8,21.2,35.0,1.0,250.0,250.0,0.0,"Industrial Part: Indicator Red Fast Movement 1A 250V Axial 5 X 20mm Glass T/R Electric Indicator, Very Fast Blow, 1A, 250VAC, 35A (IR), Through Hole. Rated Current: 1.0A. Voltage: 250.0V. Material: GLASS. Physical Size: 5.8mm x 21.2mm."
A91,"Red Indicator, 5 X 20 mm, Quick-Movement F, L, 250 VAC Electric Indicator, Fast Blow, 1.6A, 250VAC, 35A (IR), Inline/holder, 5x20mm",UNKNOWN,NOT SPECIFIED,FAST,UNKNOWN,5x20mm,Low,HOLDER,INLINE/HOLDER,55.0,-55.0,5.2,20.0,5.0,1.6,250.0,250.0,0.0,"Industrial Part: Red Indicator, 5 X 20 mm, Quick-Movement F, L, 250 VAC Electric Indicator, Fast Blow, 1.6A, 250VAC, 35A (IR), Inline/holder, 5x20mm. Rated Current: 1.6A. Voltage: 250.0V. Material: UNKNOWN. Physical Size: 5.2mm x 20.0mm."
A92,"Indicator Red Fast Movement 3.15A 250V Holder Plastic 5 X 20mm Glass CCC/PSE/VDE/cULus Electric Indicator, Fast Blow, 3.15A, 250VAC, 35A (IR), Inline/holder, 5x20mm",FAST,PRIMARY PROTECTION IN EQUIPMENT,FAST,GLASS,5x20mm,Low,HOLDER,INLINE/HOLDER,55.0,-55.0,5.2,20.0,35.0,3.15,250.0,250.0,0.0,"Industrial Part: Indicator Red Fast Movement 3.15A 250V Holder Plastic 5 X 20mm Glass CCC/PSE/VDE/cULus Electric Indicator, Fast Blow, 3.15A, 250VAC, 35A (IR), Inline/holder, 5x20mm. Rated Current: 3.15A. Voltage: 250.0V. Material: GLASS. Physical Size: 5.2mm x 20.0mm."
A93,"Indicator Red Fast Movement 8A 250V Holder Plastic 5 X 20mm Glass PSE/VDE/cULus Electric Indicator, Fast Blow, 8A, 250VAC, 80A (IR), Inline/holder, 5x20mm",FAST,PRIMARY PROTECTION IN EQUIPMENT,FAST,GLASS,5x20mm,Low,HOLDER,INLINE/HOLDER,55.0,-55.0,5.2,20.0,80.0,8.0,250.0,250.0,0.0,"Industrial Part: Indicator Red Fast Movement 8A 250V Holder Plastic 5 X 20mm Glass PSE/VDE/cULus Electric Indicator, Fast Blow, 8A, 250VAC, 80A (IR), Inline/holder, 5x20mm. Rated Current: 8.0A. Voltage: 250.0V. Material: GLASS. Physical Size: 5.2mm x 20.0mm."
A94,,UNKNOWN,NOT SPECIFIED,FAST,UNKNOWN,5x20mm,Low,UNKNOWN,INLINE/HOLDER,55.0,-55.0,5.2,20.0,35.0,0.063,250.0,250.0,0.0,Industrial Part: nan. Rated Current: 0.063A. Voltage: 250.0V. Material: UNKNOWN. Physical Size: 5.2mm x 20.0mm.
A95,,UNKNOWN,PRIMARY PROTECTION IN EQUIPMENT,UNKNOWN,UNKNOWN,5 X 20mm,UNKNOWN,HOLDER,NOT SPECIFIED,55.0,-55.0,5.2,20.0,50.0,2.0,125.0,0.0,0.0,Industrial Part: nan. Rated Current: 2.0A. Voltage: 125.0V. Material: UNKNOWN. Physical Size: 5.2mm x 20.0mm.
A96,,MEDIUM,MOTOR CIRCUIT,UNKNOWN,GLASS,5 X 20mm,UNKNOWN,UNKNOWN,NOT SPECIFIED,55.0,-55.0,5.0,8.4,50.0,0.63,125.0,250.0,125.0,Industrial Part: nan. Rated Current: 0.63A. Voltage: 125.0V. Material: GLASS. Physical Size: 5.0mm x 8.4mm.
A97,"Indicator Red Slow Blow Movement 1.6A 250V Holder Plastic 5 X 20mm Ceramic Box Electric Indicator, Medium Time Lag Blow, 1.6A, 250VAC, 125VDC, 1000A (IR), Inline/holder",SLOW,MOTOR CIRCUIT,MEDIUM,CERAMIC,5 X 20mm,Low,HOLDER,INLINE/HOLDER,85.0,-40.0,5.2,20.0,1000.0,1.6,250.0,250.0,125.0,"Industrial Part: Indicator Red Slow Blow Movement 1.6A 250V Holder Plastic 5 X 20mm Ceramic Box Electric Indicator, Medium Time Lag Blow, 1.6A, 250VAC, 125VDC, 1000A (IR), Inline/holder. Rated Current: 1.6A. Voltage: 250.0V. Material: CERAMIC. Physical Size: 5.2mm x 20.0mm."
A98,"Indicator Red Medium Time Delay Movement 2.5A 250V Holder Plastic 5 X 20mm Ceramic Box Electric Indicator, Medium Time Lag Blow, 2.5A, 250VAC, 125VDC, 1000A (IR), Inline/holder",MEDIUM,MOTOR CIRCUIT,MEDIUM,CERAMIC,5 X 20mm,Low,HOLDER,INLINE/HOLDER,85.0,-40.0,5.2,20.0,1000.0,2.5,250.0,250.0,125.0,"Industrial Part: Indicator Red Medium Time Delay Movement 2.5A 250V Holder Plastic 5 X 20mm Ceramic Box Electric Indicator, Medium Time Lag Blow, 2.5A, 250VAC, 125VDC, 1000A (IR), Inline/holder. Rated Current: 2.5A. Voltage: 250.0V. Material: CERAMIC. Physical Size: 5.2mm x 20.0mm."
A99,"Non Resettable Indicators Electric Indicator, Medium Time Lag Blow, 4A, 250VAC, 125VDC, 1000A (IR), Inline/holder",UNKNOWN,NOT SPECIFIED,MEDIUM,UNKNOWN,NOT SPECIFIED,Low,HOLDER,INLINE/HOLDER,85.0,-40.0,5.2,20.0,1000.0,4.0,250.0,250.0,125.0,"Industrial Part: Non Resettable Indicators Electric Indicator, Medium Time Lag Blow, 4A, 250VAC, 125VDC, 1000A (IR), Inline/holder. Rated Current: 4.0A. Voltage: 250.0V. Material: UNKNOWN. Physical Size: 5.2mm x 20.0mm."
A100,"Indicator Red Slow Blow Movement 6.3A 250V Holder Plastic 5 X 20mm Ceramic Box Electric Indicator, Medium Time Lag Blow, 6.3A, 250VAC, 125VDC, 1000A (IR), Inline/holder",SLOW,MOTOR CIRCUIT,MEDIUM,CERAMIC,5 X 20mm,Low,HOLDER,INLINE/HOLDER,85.0,-40.0,5.2,20.0,1000.0,6.3,250.0,250.0,125.0,"Industrial Part: Indicator Red Slow Blow Movement 6.3A 250V Holder Plastic 5 X 20mm Ceramic Box Electric Indicator, Medium Time Lag Blow, 6.3A, 250VAC, 125VDC, 1000A (IR), Inline/holder. Rated Current: 6.3A. Voltage: 250.0V. Material: CERAMIC. Physical Size: 5.2mm x 20.0mm."
A101,,SLOW,MOTOR CIRCUIT,UNKNOWN,CERAMIC,5 X 20mm,UNKNOWN,UNKNOWN,NOT SPECIFIED,55.0,-55.0,5.0,8.4,50.0,10.0,250.0,250.0,0.0,Industrial Part: nan. Rated Current: 10.0A. Voltage: 250.0V. Material: CERAMIC. Physical Size: 5.0mm x 8.4mm.
A102,,MEDIUM,MOTOR CIRCUIT,UNKNOWN,CERAMIC,5 X 20mm,UNKNOWN,UNKNOWN,NOT SPECIFIED,55.0,-55.0,5.0,8.4,50.0,10.0,125.0,250.0,125.0,Industrial Part: nan. Rated Current: 10.0A. Voltage: 125.0V. Material: CERAMIC. Physical Size: 5.0mm x 8.4mm.
A103,,SLOW,PRIMARY PROTECTION IN EQUIPMENT,UNKNOWN,GLASS,5 X 20mm,UNKNOWN,UNKNOWN,NOT SPECIFIED,55.0,-55.0,5.0,8.4,50.0,4.0,250.0,250.0,0.0,Industrial Part: nan. Rated Current: 4.0A. Voltage: 250.0V. Material: GLASS. Physical Size: 5.0mm x 8.4mm.
A104,Indicator Red Slow Blow Movement 0.08A 250V Holder Plastic 5 X 20mm Glass Box CCC/VDE/cULus Electric Indicator,SLOW,PRIMARY PROTECTION IN EQUIPMENT,UNKNOWN,GLASS,5 X 20mm,Low,HOLDER,NOT SPECIFIED,55.0,-55.0,5.2,20.0,50.0,0.08,250.0,250.0,0.0,Industrial Part: Indicator Red Slow Blow Movement 0.08A 250V Holder Plastic 5 X 20mm Glass Box CCC/VDE/cULus Electric Indicator. Rated Current: 0.08A. Voltage: 250.0V. Material: GLASS. Physical Size: 5.2mm x 20.0mm.
A105,"Red Indicator, 5 X 20 mm, Time-Lag T, L, 250 VAC Electric Indicator",UNKNOWN,NOT SPECIFIED,UNKNOWN,UNKNOWN,NOT SPECIFIED,Low,HOLDER,NOT SPECIFIED,55.0,-55.0,5.2,20.0,50.0,5.0,250.0,250.0,0.0,"Industrial Part: Red Indicator, 5 X 20 mm, Time-Lag T, L, 250 VAC Electric Indicator. Rated Current: 5.0A. Voltage: 250.0V. Material: UNKNOWN. Physical Size: 5.2mm x 20.0mm."
A106,Indicator Red Slow Blow Movement 1A 250V Holder Plastic 5 X 20mm Glass Box CCC/PSE/VDE/cULus Electric Indicator,SLOW,PRIMARY PROTECTION IN EQUIPMENT,UNKNOWN,GLASS,5 X 20mm,Low,HOLDER,NOT SPECIFIED,55.0,-55.0,5.2,20.0,50.0,1.0,250.0,250.0,0.0,Industrial Part: Indicator Red Slow Blow Movement 1A 250V Holder Plastic 5 X 20mm Glass Box CCC/PSE/VDE/cULus Electric Indicator. Rated Current: 1.0A. Voltage: 250.0V. Material: GLASS. Physical Size: 5.2mm x 20.0mm.
A107,"Indicator Red Slow Blow Movement 2A 250V Axial 5.4 X 22.5mm Glass Bulk cULus Electric Indicator, Time Lag Blow, 2A, 250VAC, 35A (IR), Through Hole",SLOW,PRIMARY PROTECTION ON PCB,SLOW,GLASS,5.4 X 22.5mm,Low,THROUGH HOLE,THROUGH HOLE,55.0,-55.0,5.4,22.5,35.0,2.0,250.0,250.0,0.0,"Industrial Part: Indicator Red Slow Blow Movement 2A 250V Axial 5.4 X 22.5mm Glass Bulk cULus Electric Indicator, Time Lag Blow, 2A, 250VAC, 35A (IR), Through Hole. Rated Current: 2.0A. Voltage: 250.0V. Material: GLASS. Physical Size: 5.4mm x 22.5mm."
A108,Indicator Red Slow Blow Movement 2.5A 250V Holder Plastic 5 X 20mm Glass Box CCC/PSE/VDE/cULus Electric Indicator,SLOW,PRIMARY PROTECTION IN EQUIPMENT,UNKNOWN,GLASS,5 X 20mm,Low,HOLDER,NOT SPECIFIED,55.0,-55.0,5.2,20.0,50.0,2.5,250.0,250.0,0.0,Industrial Part: Indicator Red Slow Blow Movement 2.5A 250V Holder Plastic 5 X 20mm Glass Box CCC/PSE/VDE/cULus Electric Indicator. Rated Current: 2.5A. Voltage: 250.0V. Material: GLASS. Physical Size: 5.2mm x 20.0mm.
A109,Indicator Red Slow Blow Movement 4A 250V Holder Plastic 5 X 20mm Glass Box CCC/PSE/VDE/cULus Electric Indicator,SLOW,PRIMARY PROTECTION ON PCB,UNKNOWN,GLASS,5 X 20mm,Low,HOLDER,NOT SPECIFIED,55.0,-55.0,5.2,20.0,50.0,4.0,250.0,250.0,0.0,Industrial Part: Indicator Red Slow Blow Movement 4A 250V Holder Plastic 5 X 20mm Glass Box CCC/PSE/VDE/cULus Electric Indicator. Rated Current: 4.0A. Voltage: 250.0V. Material: GLASS. Physical Size: 5.2mm x 20.0mm.
A110,"Indicator Red Slow Blow Movement 6.3A 250V Holder Plastic 5 X 20mm Glass Box CCC/PSE/VDE/cULus Electric Indicator, Time Lag Blow, 6.3A, 250VAC, 63A (IR), L, Inline/holder, 5x20mm",SLOW,PRIMARY PROTECTION IN EQUIPMENT,SLOW,GLASS,5x20mm,Low,HOLDER,INLINE/HOLDER,55.0,-55.0,5.2,20.0,63.0,6.3,250.0,250.0,0.0,"Industrial Part: Indicator Red Slow Blow Movement 6.3A 250V Holder Plastic 5 X 20mm Glass Box CCC/PSE/VDE/cULus Electric Indicator, Time Lag Blow, 6.3A, 250VAC, 63A (IR), L, Inline/holder, 5x20mm. Rated Current: 6.3A. Voltage: 250.0V. Material: GLASS. Physical Size: 5.2mm x 20.0mm."
A111,"Red Indicator, 5 X 20 mm, Time-Lag T, L, 250 VAC Electric Indicator, Time Lag Blow, 10A, 250VAC, 100A (IR), L, Inline/holder, 5x20mm",UNKNOWN,NOT SPECIFIED,SLOW,UNKNOWN,5x20mm,Low,HOLDER,INLINE/HOLDER,55.0,-55.0,5.2,20.0,5.0,10.0,250.0,250.0,0.0,"Industrial Part: Red Indicator, 5 X 20 mm, Time-Lag T, L, 250 VAC Electric Indicator, Time Lag Blow, 10A, 250VAC, 100A (IR), L, Inline/holder, 5x20mm. Rated Current: 10.0A. Voltage: 250.0V. Material: UNKNOWN. Physical Size: 5.2mm x 20.0mm."
A112,"Indicator Red Slow Blow Movement 16A 250V Holder Plastic 5 X 20mm Glass Box PSE/VDE/cULus Electric Indicator, Time Lag Blow, 16A, 250VAC, 160A (IR), L, Inline/holder, 5x20mm",SLOW,PRIMARY PROTECTION IN EQUIPMENT,SLOW,GLASS,5x20mm,Low,HOLDER,INLINE/HOLDER,55.0,-55.0,5.2,20.0,160.0,16.0,250.0,250.0,0.0,"Industrial Part: Indicator Red Slow Blow Movement 16A 250V Holder Plastic 5 X 20mm Glass Box PSE/VDE/cULus Electric Indicator, Time Lag Blow, 16A, 250VAC, 160A (IR), L, Inline/holder, 5x20mm. Rated Current: 16.0A. Voltage: 250.0V. Material: GLASS. Physical Size: 5.2mm x 20.0mm."
A113,,UNKNOWN,PRIMARY PROTECTION IN EQUIPMENT,UNKNOWN,GLASS,5 X 20mm,UNKNOWN,UNKNOWN,NOT SPECIFIED,55.0,-55.0,5.0,8.4,50.0,2.0,125.0,0.0,0.0,Industrial Part: nan. Rated Current: 2.0A. Voltage: 125.0V. Material: GLASS. Physical Size: 5.0mm x 8.4mm.
A114,"Indicator Red Slow Blow Movement 2A 250V Holder Plastic 6.3 X 32mm Glass Box CSA Electric Indicator, Time Lag Blow, 2A, 250VAC, 35A (IR), Inline/holder",SLOW,INDUSTRIAL ELECTRONIC,SLOW,GLASS,6.3 X 32mm,Low,HOLDER,INLINE/HOLDER,85.0,-40.0,6.35,31.8,35.0,2.0,250.0,250.0,0.0,"Industrial Part: Indicator Red Slow Blow Movement 2A 250V Holder Plastic 6.3 X 32mm Glass Box CSA Electric Indicator, Time Lag Blow, 2A, 250VAC, 35A (IR), Inline/holder. Rated Current: 2.0A. Voltage: 250.0V. Material: GLASS. Physical Size: 6.35mm x 31.8mm."
A115,"Indicator Red Slow Blow Movement 20A 250V Holder Plastic 6.3 X 32mm Glass Box CSA Electric Indicator, Time Lag Blow, 20A, 250VAC, 200A (IR), Inline/holder",SLOW,INDUSTRIAL ELECTRONIC,SLOW,GLASS,6.3 X 32mm,Low,HOLDER,INLINE/HOLDER,85.0,-40.0,6.35,31.8,200.0,20.0,250.0,250.0,0.0,"Industrial Part: Indicator Red Slow Blow Movement 20A 250V Holder Plastic 6.3 X 32mm Glass Box CSA Electric Indicator, Time Lag Blow, 20A, 250VAC, 200A (IR), Inline/holder. Rated Current: 20.0A. Voltage: 250.0V. Material: GLASS. Physical Size: 6.35mm x 31.8mm."
A116,"Indicator Red Slow Blow Movement 1.25A 250V Holder Plastic 5 X 20mm Glass Box cULus Electric Indicator, Time Lag Blow, 1.25A, 250VAC, 100A (IR), Inline/holder",SLOW,MOTOR CIRCUIT,SLOW,GLASS,5 X 20mm,Low,HOLDER,INLINE/HOLDER,85.0,-40.0,5.2,20.0,100.0,1.25,250.0,250.0,0.0,"Industrial Part: Indicator Red Slow Blow Movement 1.25A 250V Holder Plastic 5 X 20mm Glass Box cULus Electric Indicator, Time Lag Blow, 1.25A, 250VAC, 100A (IR), Inline/holder. Rated Current: 1.25A. Voltage: 250.0V. Material: GLASS. Physical Size: 5.2mm x 20.0mm."
A117,,UNKNOWN,NOT SPECIFIED,VERY FAST,UNKNOWN,NOT SPECIFIED,Low,UNKNOWN,INLINE/HOLDER,85.0,-40.0,5.2,20.0,35.0,0.05,250.0,250.0,0.0,Industrial Part: nan. Rated Current: 0.05A. Voltage: 250.0V. Material: UNKNOWN. Physical Size: 5.2mm x 20.0mm.
A118,,UNKNOWN,NOT SPECIFIED,VERY FAST,UNKNOWN,NOT SPECIFIED,Low,UNKNOWN,INLINE/HOLDER,85.0,-40.0,5.2,20.0,200.0,6.3,250.0,250.0,0.0,Industrial Part: nan. Rated Current: 6.3A. Voltage: 250.0V. Material: UNKNOWN. Physical Size: 5.2mm x 20.0mm.
A119,"Indicator Red Fast Movement 6.3A 250V Holder Plastic Melf 5 X 20mm Glass Bulk cULus Electric Indicator, Very Fast Blow, 6.3A, 250VAC, 200A (IR), Inline/holder",FAST,MOTOR CIRCUIT,VERY FAST,GLASS,5 X 20mm,Low,HOLDER,INLINE/HOLDER,85.0,-40.0,5.2,20.0,200.0,6.3,250.0,250.0,0.0,"Industrial Part: Indicator Red Fast Movement 6.3A 250V Holder Plastic Melf 5 X 20mm Glass Bulk cULus Electric Indicator, Very Fast Blow, 6.3A, 250VAC, 200A (IR), Inline/holder. Rated Current: 6.3A. Voltage: 250.0V. Material: GLASS. Physical Size: 5.2mm x 20.0mm."
A120,Indicator Red Slow Blow Movement 1A 250V Holder Plastic 5 X 20mm CSA/UL Indicator,SLOW,MOTOR CIRCUIT,UNKNOWN,UNKNOWN,5 X 20mm,Low,HOLDER,NOT SPECIFIED,55.0,-55.0,5.2,20.0,50.0,1.0,250.0,250.0,0.0,Industrial Part: Indicator Red Slow Blow Movement 1A 250V Holder Plastic 5 X 20mm CSA/UL Indicator. Rated Current: 1.0A. Voltage: 250.0V. Material: UNKNOWN. Physical Size: 5.2mm x 20.0mm.
A121,,SLOW,MOTOR CIRCUIT,UNKNOWN,GLASS,5 X 20mm,UNKNOWN,UNKNOWN,NOT SPECIFIED,55.0,-55.0,5.0,8.4,50.0,2.25,250.0,250.0,0.0,Industrial Part: nan. Rated Current: 2.25A. Voltage: 250.0V. Material: GLASS. Physical Size: 5.0mm x 8.4mm.
A122,"Indicator 1A 125V Fast Movement Electric Indicator, Very Fast Blow, 1A, 125VAC, 125VDC, 100A (IR), Through Hole",FAST,MOTOR CIRCUIT,VERY FAST,CERAMIC,NOT SPECIFIED,Low,UNKNOWN,THROUGH HOLE,125.0,-55.0,4.6,4.6,100.0,1.0,125.0,125.0,125.0,"Industrial Part: Indicator 1A 125V Fast Movement Electric Indicator, Very Fast Blow, 1A, 125VAC, 125VDC, 100A (IR), Through Hole. Rated Current: 1.0A. Voltage: 125.0V. Material: CERAMIC. Physical Size: 4.6mm x 4.6mm."
A123,Indicator 0.063A 250V Super Time Lag Movement Indicator,SLOW,MOTOR CIRCUIT,UNKNOWN,UNKNOWN,5 X 20mm,Low,UNKNOWN,NOT SPECIFIED,55.0,-55.0,5.0,8.4,50.0,0.063,250.0,250.0,0.0,Industrial Part: Indicator 0.063A 250V Super Time Lag Movement Indicator. Rated Current: 0.063A. Voltage: 250.0V. Material: UNKNOWN. Physical Size: 5.0mm x 8.4mm.
A124,,SLOW,MOTOR CIRCUIT,UNKNOWN,UNKNOWN,5 X 20mm,UNKNOWN,UNKNOWN,NOT SPECIFIED,55.0,-55.0,5.0,8.4,50.0,0.08,250.0,250.0,0.0,Industrial Part: nan. Rated Current: 0.08A. Voltage: 250.0V. Material: UNKNOWN. Physical Size: 5.0mm x 8.4mm.
A125,,SLOW,MOTOR CIRCUIT,UNKNOWN,UNKNOWN,5 X 20mm,UNKNOWN,UNKNOWN,NOT SPECIFIED,55.0,-55.0,5.0,8.4,50.0,0.1,250.0,250.0,0.0,Industrial Part: nan. Rated Current: 0.1A. Voltage: 250.0V. Material: UNKNOWN. Physical Size: 5.0mm x 8.4mm.
A126,,SLOW,MOTOR CIRCUIT,UNKNOWN,UNKNOWN,5 X 20mm,UNKNOWN,UNKNOWN,NOT SPECIFIED,55.0,-55.0,5.0,8.4,50.0,0.125,250.0,250.0,0.0,Industrial Part: nan. Rated Current: 0.125A. Voltage: 250.0V. Material: UNKNOWN. Physical Size: 5.0mm x 8.4mm.
A127,"Indicator Misc, Non resettable Indicators, Red Indicators, Typ FTT 5x20 Indicator",SLOW,MOTOR CIRCUIT,UNKNOWN,GLASS,5 X 20mm,Low,HOLDER,NOT SPECIFIED,55.0,-55.0,5.2,20.0,50.0,2.5,250.0,250.0,0.0,"Industrial Part: Indicator Misc, Non resettable Indicators, Red Indicators, Typ FTT 5x20 Indicator. Rated Current: 2.5A. Voltage: 250.0V. Material: GLASS. Physical Size: 5.2mm x 20.0mm."
A128,,UNKNOWN,NOT SPECIFIED,UNKNOWN,UNKNOWN,NOT SPECIFIED,UNKNOWN,UNKNOWN,NOT SPECIFIED,55.0,-55.0,6.1,8.4,50.0,2.0,125.0,0.0,0.0,Industrial Part: nan. Rated Current: 2.0A. Voltage: 125.0V. Material: UNKNOWN. Physical Size: 6.1mm x 8.4mm.
A129,,UNKNOWN,NOT SPECIFIED,UNKNOWN,UNKNOWN,NOT SPECIFIED,UNKNOWN,UNKNOWN,NOT SPECIFIED,55.0,-55.0,6.1,8.4,50.0,2.0,125.0,0.0,0.0,Industrial Part: nan. Rated Current: 2.0A. Voltage: 125.0V. Material: UNKNOWN. Physical Size: 6.1mm x 8.4mm.
A130,,UNKNOWN,NOT SPECIFIED,UNKNOWN,UNKNOWN,NOT SPECIFIED,UNKNOWN,UNKNOWN,NOT SPECIFIED,55.0,-55.0,6.1,8.4,50.0,2.0,125.0,0.0,0.0,Industrial Part: nan. Rated Current: 2.0A. Voltage: 125.0V. Material: UNKNOWN. Physical Size: 6.1mm x 8.4mm.
A131,,UNKNOWN,NOT SPECIFIED,UNKNOWN,UNKNOWN,NOT SPECIFIED,UNKNOWN,UNKNOWN,NOT SPECIFIED,55.0,-55.0,6.1,8.4,50.0,2.0,125.0,0.0,0.0,Industrial Part: nan. Rated Current: 2.0A. Voltage: 125.0V. Material: UNKNOWN. Physical Size: 6.1mm x 8.4mm.
A132,,UNKNOWN,NOT SPECIFIED,SLOW,UNKNOWN,NOT SPECIFIED,Low,UNKNOWN,SURFACE MOUNT,55.0,-55.0,5.2,20.0,10.0,5.0,250.0,250.0,0.0,Industrial Part: nan. Rated Current: 5.0A. Voltage: 250.0V. Material: UNKNOWN. Physical Size: 5.2mm x 20.0mm.
A133,"Indicator Red Slow Blow Movement 5A 250V Holder Plastic 5 X 20mm Glass T/R CSA/VDE/cULus Electric Indicator, Time Lag Blow, 5A, 250VAC, 10A (IR), L, Surface Mount, 5x20mm",SLOW,PRIMARY PROTECTION ON SMD PCB,SLOW,GLASS,5 X 20mm,Low,HOLDER,SURFACE MOUNT,55.0,-55.0,5.2,20.0,10.0,5.0,250.0,250.0,0.0,"Industrial Part: Indicator Red Slow Blow Movement 5A 250V Holder Plastic 5 X 20mm Glass T/R CSA/VDE/cULus Electric Indicator, Time Lag Blow, 5A, 250VAC, 10A (IR), L, Surface Mount, 5x20mm. Rated Current: 5.0A. Voltage: 250.0V. Material: GLASS. Physical Size: 5.2mm x 20.0mm."
A134,"Indicator Red Slow Blow Movement 10A 250V Holder Plastic 5 X 20mm Glass T/R CSA/VDE/cULus Electric Indicator, Time Lag Blow, 10A, 250VAC, 10A (IR), L, Surface Mount, 5x20mm",SLOW,PRIMARY PROTECTION ON SMD PCB,SLOW,GLASS,5 X 20mm,Low,HOLDER,SURFACE MOUNT,55.0,-55.0,5.2,20.0,10.0,10.0,250.0,250.0,0.0,"Industrial Part: Indicator Red Slow Blow Movement 10A 250V Holder Plastic 5 X 20mm Glass T/R CSA/VDE/cULus Electric Indicator, Time Lag Blow, 10A, 250VAC, 10A (IR), L, Surface Mount, 5x20mm. Rated Current: 10.0A. Voltage: 250.0V. Material: GLASS. Physical Size: 5.2mm x 20.0mm."
A135,"Indicator SubRed Slow Blow Movement 0.1A 250V Radial 8.5 X 8.5mm Thermoplastic Bag CCC/CSA/PSE/UL/VDE/cULus Electric Indicator, Time Lag Blow, 0.1A, 250VAC, 125VDC, 35A (IR), Through Hole",SLOW,POWER SUPPLY ADAPTER FOR LAPTOP,SLOW,THERMOPLASTIC,8.5 X 8.5mm,Low,THROUGH HOLE,THROUGH HOLE,125.0,-55.0,8.5,8.5,35.0,0.1,250.0,250.0,125.0,"Industrial Part: Indicator SubRed Slow Blow Movement 0.1A 250V Radial 8.5 X 8.5mm Thermoplastic Bag CCC/CSA/PSE/UL/VDE/cULus Electric Indicator, Time Lag Blow, 0.1A, 250VAC, 125VDC, 35A (IR), Through Hole. Rated Current: 0.1A. Voltage: 250.0V. Material: THERMOPLASTIC. Physical Size: 8.5mm x 8.5mm."
A136,"Indicator SubRed Slow Blow Movement 2.5A 250V 8.5 X 8.5mm Thermoplastic CCC/PSE/VDE/cULus Electric Indicator, Time Lag Blow, 2.5A, 250VAC, 100A (IR), Through Hole",SLOW,PRIMARY PROTECTION ON PCB,SLOW,THERMOPLASTIC,8.5 X 8.5mm,Low,THROUGH HOLE,THROUGH HOLE,55.0,-55.0,8.5,8.5,100.0,2.5,250.0,250.0,0.0,"Industrial Part: Indicator SubRed Slow Blow Movement 2.5A 250V 8.5 X 8.5mm Thermoplastic CCC/PSE/VDE/cULus Electric Indicator, Time Lag Blow, 2.5A, 250VAC, 100A (IR), Through Hole. Rated Current: 2.5A. Voltage: 250.0V. Material: THERMOPLASTIC. Physical Size: 8.5mm x 8.5mm."
A137,"Indicator SubRed Slow Blow Movement 6.3A 250V 8.5 X 8.5mm Thermoplastic Box CCC/PSE/VDE/cULus Electric Indicator, Time Lag Blow, 6.3A, 250VAC, 100A (IR), Through Hole",SLOW,PRIMARY PROTECTION ON PCB,SLOW,THERMOPLASTIC,8.5 X 8.5mm,Low,THROUGH HOLE,THROUGH HOLE,55.0,-55.0,8.5,8.5,100.0,6.3,250.0,250.0,0.0,"Industrial Part: Indicator SubRed Slow Blow Movement 6.3A 250V 8.5 X 8.5mm Thermoplastic Box CCC/PSE/VDE/cULus Electric Indicator, Time Lag Blow, 6.3A, 250VAC, 100A (IR), Through Hole. Rated Current: 6.3A. Voltage: 250.0V. Material: THERMOPLASTIC. Physical Size: 8.5mm x 8.5mm."
A138,,SLOW,MOTOR CIRCUIT,UNKNOWN,CERAMIC,6.3 X 32mm,UNKNOWN,UNKNOWN,NOT SPECIFIED,55.0,-55.0,6.3,8.4,50.0,0.125,250.0,250.0,0.0,Industrial Part: nan. Rated Current: 0.125A. Voltage: 250.0V. Material: CERAMIC. Physical Size: 6.3mm x 8.4mm.
A139,,SLOW,MOTOR CIRCUIT,UNKNOWN,CERAMIC,6.3 X 32mm,UNKNOWN,UNKNOWN,NOT SPECIFIED,55.0,-55.0,6.3,8.4,50.0,10.0,250.0,250.0,0.0,Industrial Part: nan. Rated Current: 10.0A. Voltage: 250.0V. Material: CERAMIC. Physical Size: 6.3mm x 8.4mm.
A140,"Indicator Clip 10A Through Hole Pin Bulk Indicator ACCESSORY, Indicator CLIP",UNKNOWN,NOT SPECIFIED,UNKNOWN,UNKNOWN,NOT SPECIFIED,Low,THROUGH HOLE,NOT SPECIFIED,55.0,-55.0,4.1,4.1,50.0,10.0,125.0,0.0,0.0,"Industrial Part: Indicator Clip 10A Through Hole Pin Bulk Indicator ACCESSORY, Indicator CLIP. Rated Current: 10.0A. Voltage: 125.0V. Material: UNKNOWN. Physical Size: 4.1mm x 4.1mm."
A141,"Indicator Clip 15A Through Hole Pin Bulk Indicator ACCESSORY, Indicator CLIP",UNKNOWN,NOT SPECIFIED,UNKNOWN,UNKNOWN,NOT SPECIFIED,Low,THROUGH HOLE,NOT SPECIFIED,55.0,-55.0,7.87,7.87,50.0,15.0,125.0,0.0,0.0,"Industrial Part: Indicator Clip 15A Through Hole Pin Bulk Indicator ACCESSORY, Indicator CLIP. Rated Current: 15.0A. Voltage: 125.0V. Material: UNKNOWN. Physical Size: 7.87mm x 7.87mm."
A142,"Indicator Clip 10A Panel Mount Pin Indicator ACCESSORY, Indicator CLIP",UNKNOWN,NOT SPECIFIED,UNKNOWN,UNKNOWN,NOT SPECIFIED,Low,PANEL MOUNT,NOT SPECIFIED,55.0,-55.0,5.0,5.0,50.0,10.0,125.0,0.0,0.0,"Industrial Part: Indicator Clip 10A Panel Mount Pin Indicator ACCESSORY, Indicator CLIP. Rated Current: 10.0A. Voltage: 125.0V. Material: UNKNOWN. Physical Size: 5.0mm x 5.0mm."
A143,"Indicator Clip 30A 250VDC/250VAC Through Hole Pin Bulk Indicator ACCESSORY, Indicator CLIP",UNKNOWN,NOT SPECIFIED,UNKNOWN,UNKNOWN,6.3mm X 32mm,Low,THROUGH HOLE,NOT SPECIFIED,55.0,-55.0,7.11,7.11,50.0,30.0,250.0,250.0,30.0,"Industrial Part: Indicator Clip 30A 250VDC/250VAC Through Hole Pin Bulk Indicator ACCESSORY, Indicator CLIP. Rated Current: 30.0A. Voltage: 250.0V. Material: UNKNOWN. Physical Size: 7.11mm x 7.11mm."
A144,,UNKNOWN,NOT SPECIFIED,UNKNOWN,UNKNOWN,NOT SPECIFIED,UNKNOWN,UNKNOWN,NOT SPECIFIED,55.0,-55.0,6.1,8.4,50.0,2.0,125.0,0.0,0.0,Industrial Part: nan. Rated Current: 2.0A. Voltage: 125.0V. Material: UNKNOWN. Physical Size: 6.1mm x 8.4mm.
A145,"Indicator Chip Very Fast Movement 1A SMD Solder Pad 9.73 X 5.03 X 3.81mm T/R CSA/PSE/UL Electric Indicator, Fast Blow, 1A, Surface Mount, NANO",VERY FAST,MOTOR CIRCUIT,FAST,UNKNOWN,9.73 X 5.03 X 3.81mm,Low,SURFACE MOUNT,SURFACE MOUNT,55.0,-55.0,9.73,9.73,50.0,1.0,125.0,0.0,0.0,"Industrial Part: Indicator Chip Very Fast Movement 1A SMD Solder Pad 9.73 X 5.03 X 3.81mm T/R CSA/PSE/UL Electric Indicator, Fast Blow, 1A, Surface Mount, NANO. Rated Current: 1.0A. Voltage: 125.0V. Material: UNKNOWN. Physical Size: 9.73mm x 9.73mm."
A146,"Indicator Chip Slow Blow Movement 1A SMD Solder Pad 9.73 X 5.03 X 3.81mm T/R CSA/PSE/UL Electric Indicator, Time Lag Blow, 1A, Surface Mount, NANO",SLOW,MOTOR CIRCUIT,SLOW,UNKNOWN,9.73 X 5.03 X 3.81mm,Low,SURFACE MOUNT,SURFACE MOUNT,55.0,-55.0,9.73,9.73,50.0,1.0,125.0,0.0,0.0,"Industrial Part: Indicator Chip Slow Blow Movement 1A SMD Solder Pad 9.73 X 5.03 X 3.81mm T/R CSA/PSE/UL Electric Indicator, Time Lag Blow, 1A, Surface Mount, NANO. Rated Current: 1.0A. Voltage: 125.0V. Material: UNKNOWN. Physical Size: 9.73mm x 9.73mm."
A147,"Indicator Chip Slow Blow Movement 2A SMD Solder Pad 9.73 X 5.03 X 3.81mm T/R CSA/PSE/UL Electric Indicator, Time Lag Blow, 2A, Surface Mount, NANO",SLOW,MOTOR CIRCUIT,SLOW,UNKNOWN,9.73 X 5.03 X 3.81mm,Low,SURFACE MOUNT,SURFACE MOUNT,55.0,-55.0,9.73,9.73,50.0,2.0,125.0,0.0,0.0,"Industrial Part: Indicator Chip Slow Blow Movement 2A SMD Solder Pad 9.73 X 5.03 X 3.81mm T/R CSA/PSE/UL Electric Indicator, Time Lag Blow, 2A, Surface Mount, NANO. Rated Current: 2.0A. Voltage: 125.0V. Material: UNKNOWN. Physical Size: 9.73mm x 9.73mm."
A148,"Indicator Chip Slow Blow Movement 3A SMD Solder Pad 9.73 X 5.03 X 3.81mm T/R CSA/PSE/UL Electric Indicator, Time Lag Blow, 3A, Surface Mount, NANO",SLOW,MOTOR CIRCUIT,SLOW,UNKNOWN,9.73 X 5.03 X 3.81mm,Low,SURFACE MOUNT,SURFACE MOUNT,55.0,-55.0,9.73,9.73,50.0,3.0,125.0,0.0,0.0,"Industrial Part: Indicator Chip Slow Blow Movement 3A SMD Solder Pad 9.73 X 5.03 X 3.81mm T/R CSA/PSE/UL Electric Indicator, Time Lag Blow, 3A, Surface Mount, NANO. Rated Current: 3.0A. Voltage: 125.0V. Material: UNKNOWN. Physical Size: 9.73mm x 9.73mm."
A149,"Indicator Chip Slow Blow Movement 4A SMD Solder Pad 9.73 X 5.03 X 3.81mm T/R CSA/PSE/UL Electric Indicator, Time Lag Blow, 4A, Surface Mount, NANO",SLOW,MOTOR CIRCUIT,SLOW,UNKNOWN,9.73 X 5.03 X 3.81mm,Low,SURFACE MOUNT,SURFACE MOUNT,55.0,-55.0,9.73,9.73,50.0,4.0,125.0,0.0,0.0,"Industrial Part: Indicator Chip Slow Blow Movement 4A SMD Solder Pad 9.73 X 5.03 X 3.81mm T/R CSA/PSE/UL Electric Indicator, Time Lag Blow, 4A, Surface Mount, NANO. Rated Current: 4.0A. Voltage: 125.0V. Material: UNKNOWN. Physical Size: 9.73mm x 9.73mm."
A150,"Indicator Chip Very Fast Movement 5A SMD Solder Pad 9.73 X 5.03 X 3.81mm T/R CSA/PSE/UL Electric Indicator, Fast Blow, 5A, Surface Mount, NANO",VERY FAST,MOTOR CIRCUIT,FAST,UNKNOWN,9.73 X 5.03 X 3.81mm,Low,SURFACE MOUNT,SURFACE MOUNT,55.0,-55.0,9.73,9.73,50.0,5.0,125.0,0.0,0.0,"Industrial Part: Indicator Chip Very Fast Movement 5A SMD Solder Pad 9.73 X 5.03 X 3.81mm T/R CSA/PSE/UL Electric Indicator, Fast Blow, 5A, Surface Mount, NANO. Rated Current: 5.0A. Voltage: 125.0V. Material: UNKNOWN. Physical Size: 9.73mm x 9.73mm."
A151,"Indicator Chip Slow Blow Movement 5A SMD Solder Pad 9.73 X 5.03 X 3.81mm T/R CSA/PSE/UL Electric Indicator, Time Lag Blow, 5A, Surface Mount, NANO",SLOW,MOTOR CIRCUIT,SLOW,UNKNOWN,9.73 X 5.03 X 3.81mm,Low,SURFACE MOUNT,SURFACE MOUNT,55.0,-55.0,9.73,9.73,50.0,5.0,125.0,0.0,0.0,"Industrial Part: Indicator Chip Slow Blow Movement 5A SMD Solder Pad 9.73 X 5.03 X 3.81mm T/R CSA/PSE/UL Electric Indicator, Time Lag Blow, 5A, Surface Mount, NANO. Rated Current: 5.0A. Voltage: 125.0V. Material: UNKNOWN. Physical Size: 9.73mm x 9.73mm."
A152,"Indicator Chip Very Fast Movement 7A SMD Solder Pad 9.73 X 5.03 X 3.81mm T/R CSA/PSE/UL Electric Indicator, Fast Blow, 7A, Surface Mount, NANO",VERY FAST,MOTOR CIRCUIT,FAST,UNKNOWN,9.73 X 5.03 X 3.81mm,Low,SURFACE MOUNT,SURFACE MOUNT,55.0,-55.0,9.73,9.73,50.0,7.0,125.0,0.0,0.0,"Industrial Part: Indicator Chip Very Fast Movement 7A SMD Solder Pad 9.73 X 5.03 X 3.81mm T/R CSA/PSE/UL Electric Indicator, Fast Blow, 7A, Surface Mount, NANO. Rated Current: 7.0A. Voltage: 125.0V. Material: UNKNOWN. Physical Size: 9.73mm x 9.73mm."
A153,"Indicator Chip Very Fast Movement 8A SMD Solder Pad 9.73 X 5.03 X 3.81mm T/R CSA/PSE/UL Electric Indicator, Fast Blow, 8A, Surface Mount",VERY FAST,MOTOR CIRCUIT,FAST,UNKNOWN,9.73 X 5.03 X 3.81mm,Low,SURFACE MOUNT,SURFACE MOUNT,55.0,-55.0,9.73,9.73,50.0,8.0,125.0,0.0,0.0,"Industrial Part: Indicator Chip Very Fast Movement 8A SMD Solder Pad 9.73 X 5.03 X 3.81mm T/R CSA/PSE/UL Electric Indicator, Fast Blow, 8A, Surface Mount. Rated Current: 8.0A. Voltage: 125.0V. Material: UNKNOWN. Physical Size: 9.73mm x 9.73mm."
A154,"Indicator Chip Very Fast Movement 0.5A SMD Solder Pad 9.73 X 5.03 X 3.81mm T/R CSA/PSE/UL Electric Indicator, Fast Blow, 0.5A, Surface Mount, NANO",VERY FAST,MOTOR CIRCUIT,FAST,UNKNOWN,9.73 X 5.03 X 3.81mm,Low,SURFACE MOUNT,SURFACE MOUNT,55.0,-55.0,9.73,9.73,50.0,0.5,125.0,0.0,0.0,"Industrial Part: Indicator Chip Very Fast Movement 0.5A SMD Solder Pad 9.73 X 5.03 X 3.81mm T/R CSA/PSE/UL Electric Indicator, Fast Blow, 0.5A, Surface Mount, NANO. Rated Current: 0.5A. Voltage: 125.0V. Material: UNKNOWN. Physical Size: 9.73mm x 9.73mm."
A155,,VERY FAST,MOTOR CIRCUIT,UNKNOWN,UNKNOWN,9.73 X 5.03 X 3.81mm,UNKNOWN,SURFACE MOUNT,NOT SPECIFIED,55.0,-55.0,9.73,9.73,50.0,0.75,125.0,0.0,0.0,Industrial Part: nan. Rated Current: 0.75A. Voltage: 125.0V. Material: UNKNOWN. Physical Size: 9.73mm x 9.73mm.
A156,"Indicator Chip Very Fast Movement 0.75A SMD Solder Pad 9.73 X 5.03 X 3.81mm T/R CSA/PSE/UL Electric Indicator, Fast Blow, 0.75A, Surface Mount, NANO",VERY FAST,MOTOR CIRCUIT,FAST,UNKNOWN,9.73 X 5.03 X 3.81mm,Low,SURFACE MOUNT,SURFACE MOUNT,55.0,-55.0,9.73,9.73,50.0,0.75,125.0,0.0,0.0,"Industrial Part: Indicator Chip Very Fast Movement 0.75A SMD Solder Pad 9.73 X 5.03 X 3.81mm T/R CSA/PSE/UL Electric Indicator, Fast Blow, 0.75A, Surface Mount, NANO. Rated Current: 0.75A. Voltage: 125.0V. Material: UNKNOWN. Physical Size: 9.73mm x 9.73mm."
A157,"Indicator SubRed Slow Blow Movement 1A 250V Radial DIP 10.16 X 6.35 X 4.19mm Thermoplastic Bulk CSA/UL Electric Indicator, Fast Blow, 1A, 250VAC, 50A (IR), Through Hole",SLOW,MOTOR CIRCUIT,FAST,THERMOPLASTIC,10.16 X 6.35 X 4.19mm,Low,THROUGH HOLE,THROUGH HOLE,55.0,-55.0,9.45,9.45,50.0,1.0,250.0,250.0,0.0,"Industrial Part: Indicator SubRed Slow Blow Movement 1A 250V Radial DIP 10.16 X 6.35 X 4.19mm Thermoplastic Bulk CSA/UL Electric Indicator, Fast Blow, 1A, 250VAC, 50A (IR), Through Hole. Rated Current: 1.0A. Voltage: 250.0V. Material: THERMOPLASTIC. Physical Size: 9.45mm x 9.45mm."
A158,"Indicator SubRed Slow Blow Movement 1A 250V SMD Gull Wing 10.16 X 6.35 X 4.19mm Thermoplastic Bulk CSA/UL Electric Indicator, Fast Blow, 1A, 250VAC, 50A (IR), Surface Mount",SLOW,MOTOR CIRCUIT,FAST,THERMOPLASTIC,10.16 X 6.35 X 4.19mm,Low,SURFACE MOUNT,SURFACE MOUNT,55.0,-55.0,9.45,9.45,50.0,1.0,250.0,250.0,0.0,"Industrial Part: Indicator SubRed Slow Blow Movement 1A 250V SMD Gull Wing 10.16 X 6.35 X 4.19mm Thermoplastic Bulk CSA/UL Electric Indicator, Fast Blow, 1A, 250VAC, 50A (IR), Surface Mount. Rated Current: 1.0A. Voltage: 250.0V. Material: THERMOPLASTIC. Physical Size: 9.45mm x 9.45mm."
A159,"Indicator SubRed Slow Blow Movement 1A 250V SMD Gull Wing 10.16 X 6.35 X 4.19mm Thermoplastic T/R CSA/UL Electric Indicator, Fast Blow, 1A, 250VAC, 50A (IR), Surface Mount",SLOW,MOTOR CIRCUIT,FAST,THERMOPLASTIC,10.16 X 6.35 X 4.19mm,Low,SURFACE MOUNT,SURFACE MOUNT,55.0,-55.0,9.45,9.45,50.0,1.0,250.0,250.0,0.0,"Industrial Part: Indicator SubRed Slow Blow Movement 1A 250V SMD Gull Wing 10.16 X 6.35 X 4.19mm Thermoplastic T/R CSA/UL Electric Indicator, Fast Blow, 1A, 250VAC, 50A (IR), Surface Mount. Rated Current: 1.0A. Voltage: 250.0V. Material: THERMOPLASTIC. Physical Size: 9.45mm x 9.45mm."
A160,"Indicator SubRed Slow Blow Movement 2A 250V Radial DIP 10.16 X 6.35 X 4.19mm Thermoplastic Bulk CSA/UL Electric Indicator, Fast Blow, 2A, 250VAC, 50A (IR), Through Hole",SLOW,MOTOR CIRCUIT,FAST,THERMOPLASTIC,10.16 X 6.35 X 4.19mm,Low,THROUGH HOLE,THROUGH HOLE,55.0,-55.0,9.45,9.45,50.0,2.0,250.0,250.0,0.0,"Industrial Part: Indicator SubRed Slow Blow Movement 2A 250V Radial DIP 10.16 X 6.35 X 4.19mm Thermoplastic Bulk CSA/UL Electric Indicator, Fast Blow, 2A, 250VAC, 50A (IR), Through Hole. Rated Current: 2.0A. Voltage: 250.0V. Material: THERMOPLASTIC. Physical Size: 9.45mm x 9.45mm."
A161,"Indicator SubRed Slow Blow Movement 2A 250V SMD Gull Wing 10.16 X 6.35 X 4.19mm Thermoplastic Bulk CSA/UL Electric Indicator, Fast Blow, 2A, 250VAC, 50A (IR), Surface Mount",SLOW,MOTOR CIRCUIT,FAST,THERMOPLASTIC,10.16 X 6.35 X 4.19mm,Low,SURFACE MOUNT,SURFACE MOUNT,55.0,-55.0,9.45,9.45,50.0,2.0,250.0,250.0,0.0,"Industrial Part: Indicator SubRed Slow Blow Movement 2A 250V SMD Gull Wing 10.16 X 6.35 X 4.19mm Thermoplastic Bulk CSA/UL Electric Indicator, Fast Blow, 2A, 250VAC, 50A (IR), Surface Mount. Rated Current: 2.0A. Voltage: 250.0V. Material: THERMOPLASTIC. Physical Size: 9.45mm x 9.45mm."
A162,"Indicator SubRed Slow Blow Movement 2A 250V SMD Gull Wing 10.16 X 6.35 X 4.19mm Thermoplastic T/R CSA/UL Electric Indicator, Fast Blow, 2A, 250VAC, 50A (IR), Surface Mount",SLOW,MOTOR CIRCUIT,FAST,THERMOPLASTIC,10.16 X 6.35 X 4.19mm,Low,SURFACE MOUNT,SURFACE MOUNT,55.0,-55.0,9.45,9.45,50.0,2.0,250.0,250.0,0.0,"Industrial Part: Indicator SubRed Slow Blow Movement 2A 250V SMD Gull Wing 10.16 X 6.35 X 4.19mm Thermoplastic T/R CSA/UL Electric Indicator, Fast Blow, 2A, 250VAC, 50A (IR), Surface Mount. Rated Current: 2.0A. Voltage: 250.0V. Material: THERMOPLASTIC. Physical Size: 9.45mm x 9.45mm."
A163,"Indicator SubRed Slow Blow Movement 3A 250V Radial DIP 10.16 X 6.35 X 4.19mm Thermoplastic Bulk CSA Electric Indicator, Fast Blow, 3A, 250VAC, 50A (IR), Through Hole",SLOW,MOTOR CIRCUIT,FAST,THERMOPLASTIC,10.16 X 6.35 X 4.19mm,Low,THROUGH HOLE,THROUGH HOLE,55.0,-55.0,9.45,9.45,50.0,3.0,250.0,250.0,0.0,"Industrial Part: Indicator SubRed Slow Blow Movement 3A 250V Radial DIP 10.16 X 6.35 X 4.19mm Thermoplastic Bulk CSA Electric Indicator, Fast Blow, 3A, 250VAC, 50A (IR), Through Hole. Rated Current: 3.0A. Voltage: 250.0V. Material: THERMOPLASTIC. Physical Size: 9.45mm x 9.45mm."
A164,"Indicator SubRed Slow Blow Movement 3A 250V SMD Gull Wing 10.16 X 6.35 X 4.19mm Thermoplastic Bulk CSA Electric Indicator, Fast Blow, 3A, 250VAC, 50A (IR), Surface Mount",SLOW,MOTOR CIRCUIT,FAST,THERMOPLASTIC,10.16 X 6.35 X 4.19mm,Low,SURFACE MOUNT,SURFACE MOUNT,55.0,-55.0,9.45,9.45,50.0,3.0,250.0,250.0,0.0,"Industrial Part: Indicator SubRed Slow Blow Movement 3A 250V SMD Gull Wing 10.16 X 6.35 X 4.19mm Thermoplastic Bulk CSA Electric Indicator, Fast Blow, 3A, 250VAC, 50A (IR), Surface Mount. Rated Current: 3.0A. Voltage: 250.0V. Material: THERMOPLASTIC. Physical Size: 9.45mm x 9.45mm."
A165,"Indicator SubRed Slow Blow Movement 3A 250V SMD Gull Wing 10.16 X 6.35 X 4.19mm Thermoplastic T/R CSA Electric Indicator, Fast Blow, 3A, 250VAC, 50A (IR), Surface Mount",SLOW,MOTOR CIRCUIT,FAST,THERMOPLASTIC,10.16 X 6.35 X 4.19mm,Low,SURFACE MOUNT,SURFACE MOUNT,55.0,-55.0,9.45,9.45,50.0,3.0,250.0,250.0,0.0,"Industrial Part: Indicator SubRed Slow Blow Movement 3A 250V SMD Gull Wing 10.16 X 6.35 X 4.19mm Thermoplastic T/R CSA Electric Indicator, Fast Blow, 3A, 250VAC, 50A (IR), Surface Mount. Rated Current: 3.0A. Voltage: 250.0V. Material: THERMOPLASTIC. Physical Size: 9.45mm x 9.45mm."
A166,"Indicator SubRed Slow Blow Movement 4A 250V Radial DIP 10.16 X 6.35 X 4.19mm Thermoplastic Bulk CSA/UL Electric Indicator, Fast Blow, 4A, 250VAC, 50A (IR), Through Hole",SLOW,MOTOR CIRCUIT,FAST,THERMOPLASTIC,10.16 X 6.35 X 4.19mm,Low,THROUGH HOLE,THROUGH HOLE,55.0,-55.0,9.45,9.45,50.0,4.0,250.0,250.0,0.0,"Industrial Part: Indicator SubRed Slow Blow Movement 4A 250V Radial DIP 10.16 X 6.35 X 4.19mm Thermoplastic Bulk CSA/UL Electric Indicator, Fast Blow, 4A, 250VAC, 50A (IR), Through Hole. Rated Current: 4.0A. Voltage: 250.0V. Material: THERMOPLASTIC. Physical Size: 9.45mm x 9.45mm."
A167,"Indicator SubRed Slow Blow Movement 4A 250V SMD Gull Wing 10.16 X 6.35 X 4.19mm Thermoplastic Bulk CSA/UL Electric Indicator, Fast Blow, 4A, 250VAC, 50A (IR), Surface Mount",SLOW,MOTOR CIRCUIT,FAST,THERMOPLASTIC,10.16 X 6.35 X 4.19mm,Low,SURFACE MOUNT,SURFACE MOUNT,55.0,-55.0,9.45,9.45,50.0,4.0,250.0,250.0,0.0,"Industrial Part: Indicator SubRed Slow Blow Movement 4A 250V SMD Gull Wing 10.16 X 6.35 X 4.19mm Thermoplastic Bulk CSA/UL Electric Indicator, Fast Blow, 4A, 250VAC, 50A (IR), Surface Mount. Rated Current: 4.0A. Voltage: 250.0V. Material: THERMOPLASTIC. Physical Size: 9.45mm x 9.45mm."
A168,"Indicator SubRed Slow Blow Movement 4A 250V SMD Gull Wing 10.16 X 6.35 X 4.19mm Thermoplastic T/R CSA/UL Electric Indicator, Fast Blow, 4A, 250VAC, 50A (IR), Surface Mount",SLOW,MOTOR CIRCUIT,FAST,THERMOPLASTIC,10.16 X 6.35 X 4.19mm,Low,SURFACE MOUNT,SURFACE MOUNT,55.0,-55.0,9.45,9.45,50.0,4.0,250.0,250.0,0.0,"Industrial Part: Indicator SubRed Slow Blow Movement 4A 250V SMD Gull Wing 10.16 X 6.35 X 4.19mm Thermoplastic T/R CSA/UL Electric Indicator, Fast Blow, 4A, 250VAC, 50A (IR), Surface Mount. Rated Current: 4.0A. Voltage: 250.0V. Material: THERMOPLASTIC. Physical Size: 9.45mm x 9.45mm."
A169,"Indicator SubRed Slow Blow Movement 5A 250V Radial DIP 10.16 X 6.35 X 4.19mm Thermoplastic Bulk CSA/UL Electric Indicator, Fast Blow, 5A, 250VAC, 50A (IR), Through Hole",SLOW,MOTOR CIRCUIT,FAST,THERMOPLASTIC,10.16 X 6.35 X 4.19mm,Low,THROUGH HOLE,THROUGH HOLE,55.0,-55.0,9.45,9.45,50.0,5.0,250.0,250.0,0.0,"Industrial Part: Indicator SubRed Slow Blow Movement 5A 250V Radial DIP 10.16 X 6.35 X 4.19mm Thermoplastic Bulk CSA/UL Electric Indicator, Fast Blow, 5A, 250VAC, 50A (IR), Through Hole. Rated Current: 5.0A. Voltage: 250.0V. Material: THERMOPLASTIC. Physical Size: 9.45mm x 9.45mm."
A170,"Indicator SubRed Slow Blow Movement 5A 250V SMD Gull Wing 10.16 X 6.35 X 4.19mm Thermoplastic Bulk CSA/UL Electric Indicator, Fast Blow, 5A, 250VAC, 50A (IR), Surface Mount",SLOW,MOTOR CIRCUIT,FAST,THERMOPLASTIC,10.16 X 6.35 X 4.19mm,Low,SURFACE MOUNT,SURFACE MOUNT,55.0,-55.0,9.45,9.45,50.0,5.0,250.0,250.0,0.0,"Industrial Part: Indicator SubRed Slow Blow Movement 5A 250V SMD Gull Wing 10.16 X 6.35 X 4.19mm Thermoplastic Bulk CSA/UL Electric Indicator, Fast Blow, 5A, 250VAC, 50A (IR), Surface Mount. Rated Current: 5.0A. Voltage: 250.0V. Material: THERMOPLASTIC. Physical Size: 9.45mm x 9.45mm."
A171,"Indicator SubRed Slow Blow Movement 5A 250V SMD Gull Wing 10.16 X 6.35 X 4.19mm Thermoplastic T/R CSA/UL Electric Indicator, Fast Blow, 5A, 250VAC, 50A (IR), Surface Mount",SLOW,MOTOR CIRCUIT,FAST,THERMOPLASTIC,10.16 X 6.35 X 4.19mm,Low,SURFACE MOUNT,SURFACE MOUNT,55.0,-55.0,9.45,9.45,50.0,5.0,250.0,250.0,0.0,"Industrial Part: Indicator SubRed Slow Blow Movement 5A 250V SMD Gull Wing 10.16 X 6.35 X 4.19mm Thermoplastic T/R CSA/UL Electric Indicator, Fast Blow, 5A, 250VAC, 50A (IR), Surface Mount. Rated Current: 5.0A. Voltage: 250.0V. Material: THERMOPLASTIC. Physical Size: 9.45mm x 9.45mm."
A172,"Indicator SubRed Slow Blow Movement 1.5A 250V Radial DIP 10.16 X 6.35 X 4.19mm Thermoplastic Bulk CSA/UL Electric Indicator, Fast Blow, 1.5A, 250VAC, 50A (IR), Through Hole",SLOW,MOTOR CIRCUIT,FAST,THERMOPLASTIC,10.16 X 6.35 X 4.19mm,Low,THROUGH HOLE,THROUGH HOLE,55.0,-55.0,9.45,9.45,50.0,1.5,250.0,250.0,0.0,"Industrial Part: Indicator SubRed Slow Blow Movement 1.5A 250V Radial DIP 10.16 X 6.35 X 4.19mm Thermoplastic Bulk CSA/UL Electric Indicator, Fast Blow, 1.5A, 250VAC, 50A (IR), Through Hole. Rated Current: 1.5A. Voltage: 250.0V. Material: THERMOPLASTIC. Physical Size: 9.45mm x 9.45mm."
A173,"Indicator SubRed Slow Blow Movement 1.5A 250V SMD Gull Wing 10.16 X 6.35 X 4.19mm Thermoplastic Bulk CSA/UL Electric Indicator, Fast Blow, 1.5A, 250VAC, 50A (IR), Surface Mount",SLOW,MOTOR CIRCUIT,FAST,THERMOPLASTIC,10.16 X 6.35 X 4.19mm,Low,SURFACE MOUNT,SURFACE MOUNT,55.0,-55.0,9.45,9.45,50.0,1.5,250.0,250.0,0.0,"Industrial Part: Indicator SubRed Slow Blow Movement 1.5A 250V SMD Gull Wing 10.16 X 6.35 X 4.19mm Thermoplastic Bulk CSA/UL Electric Indicator, Fast Blow, 1.5A, 250VAC, 50A (IR), Surface Mount. Rated Current: 1.5A. Voltage: 250.0V. Material: THERMOPLASTIC. Physical Size: 9.45mm x 9.45mm."
A174,"Indicator SubRed Slow Blow Movement 1.5A 250V SMD Gull Wing 10.16 X 6.35 X 4.19mm Thermoplastic T/R CSA/UL Electric Indicator, Fast Blow, 1.5A, 250VAC, 50A (IR), Surface Mount",SLOW,MOTOR CIRCUIT,FAST,THERMOPLASTIC,10.16 X 6.35 X 4.19mm,Low,SURFACE MOUNT,SURFACE MOUNT,55.0,-55.0,9.45,9.45,50.0,1.5,250.0,250.0,0.0,"Industrial Part: Indicator SubRed Slow Blow Movement 1.5A 250V SMD Gull Wing 10.16 X 6.35 X 4.19mm Thermoplastic T/R CSA/UL Electric Indicator, Fast Blow, 1.5A, 250VAC, 50A (IR), Surface Mount. Rated Current: 1.5A. Voltage: 250.0V. Material: THERMOPLASTIC. Physical Size: 9.45mm x 9.45mm."
A175,"Indicator SubRed Slow Blow Movement 2.5A 250V Radial DIP 10.16 X 6.35 X 4.19mm Thermoplastic Bulk CSA/UL Electric Indicator, Fast Blow, 2.5A, 250VAC, 50A (IR), Through Hole",SLOW,MOTOR CIRCUIT,FAST,THERMOPLASTIC,10.16 X 6.35 X 4.19mm,Low,THROUGH HOLE,THROUGH HOLE,55.0,-55.0,9.45,9.45,50.0,2.5,250.0,250.0,0.0,"Industrial Part: Indicator SubRed Slow Blow Movement 2.5A 250V Radial DIP 10.16 X 6.35 X 4.19mm Thermoplastic Bulk CSA/UL Electric Indicator, Fast Blow, 2.5A, 250VAC, 50A (IR), Through Hole. Rated Current: 2.5A. Voltage: 250.0V. Material: THERMOPLASTIC. Physical Size: 9.45mm x 9.45mm."
A176,"Indicator SubRed Slow Blow Movement 2.5A 250V SMD Gull Wing 10.16 X 6.35 X 4.19mm Thermoplastic Bulk CSA/UL Electric Indicator, Fast Blow, 2.5A, 250VAC, 50A (IR), Surface Mount",SLOW,MOTOR CIRCUIT,FAST,THERMOPLASTIC,10.16 X 6.35 X 4.19mm,Low,SURFACE MOUNT,SURFACE MOUNT,55.0,-55.0,9.45,9.45,50.0,2.5,250.0,250.0,0.0,"Industrial Part: Indicator SubRed Slow Blow Movement 2.5A 250V SMD Gull Wing 10.16 X 6.35 X 4.19mm Thermoplastic Bulk CSA/UL Electric Indicator, Fast Blow, 2.5A, 250VAC, 50A (IR), Surface Mount. Rated Current: 2.5A. Voltage: 250.0V. Material: THERMOPLASTIC. Physical Size: 9.45mm x 9.45mm."
A177,"Indicator SubRed Slow Blow Movement 2.5A 250V SMD Gull Wing 10.16 X 6.35 X 4.19mm Thermoplastic T/R CSA/UL Electric Indicator, Fast Blow, 2.5A, 250VAC, 50A (IR), Surface Mount",SLOW,MOTOR CIRCUIT,FAST,THERMOPLASTIC,10.16 X 6.35 X 4.19mm,Low,SURFACE MOUNT,SURFACE MOUNT,55.0,-55.0,9.45,9.45,50.0,2.5,250.0,250.0,0.0,"Industrial Part: Indicator SubRed Slow Blow Movement 2.5A 250V SMD Gull Wing 10.16 X 6.35 X 4.19mm Thermoplastic T/R CSA/UL Electric Indicator, Fast Blow, 2.5A, 250VAC, 50A (IR), Surface Mount. Rated Current: 2.5A. Voltage: 250.0V. Material: THERMOPLASTIC. Physical Size: 9.45mm x 9.45mm."
A178,"Indicator SubRed Slow Blow Movement 0.062A 250V Radial DIP 10.16 X 6.35 X 4.19mm Thermoplastic Bulk CSA/UL Electric Indicator, Fast Blow, 0.062A, 250VAC, 50A (IR), Through Hole",SLOW,MOTOR CIRCUIT,FAST,THERMOPLASTIC,10.16 X 6.35 X 4.19mm,Low,THROUGH HOLE,THROUGH HOLE,55.0,-55.0,9.45,9.45,50.0,0.062,250.0,250.0,0.0,"Industrial Part: Indicator SubRed Slow Blow Movement 0.062A 250V Radial DIP 10.16 X 6.35 X 4.19mm Thermoplastic Bulk CSA/UL Electric Indicator, Fast Blow, 0.062A, 250VAC, 50A (IR), Through Hole. Rated Current: 0.062A. Voltage: 250.0V. Material: THERMOPLASTIC. Physical Size: 9.45mm x 9.45mm."
A179,"Indicator SubRed Slow Blow Movement 0.062A 250V SMD Gull Wing 10.16 X 6.35 X 4.19mm Thermoplastic Bulk CSA/UL Electric Indicator, Fast Blow, 0.062A, 250VAC, 50A (IR), Surface Mount",SLOW,MOTOR CIRCUIT,FAST,THERMOPLASTIC,10.16 X 6.35 X 4.19mm,Low,SURFACE MOUNT,SURFACE MOUNT,55.0,-55.0,9.45,9.45,50.0,0.062,250.0,250.0,0.0,"Industrial Part: Indicator SubRed Slow Blow Movement 0.062A 250V SMD Gull Wing 10.16 X 6.35 X 4.19mm Thermoplastic Bulk CSA/UL Electric Indicator, Fast Blow, 0.062A, 250VAC, 50A (IR), Surface Mount. Rated Current: 0.062A. Voltage: 250.0V. Material: THERMOPLASTIC. Physical Size: 9.45mm x 9.45mm."
A180,"Indicator SubRed Slow Blow Movement 0.62A 250V SMD Gull Wing 10.16 X 6.35 X 4.19mm Thermoplastic T/R CSA/UL Electric Indicator, Fast Blow, 0.062A, 250VAC, 50A (IR), Surface Mount",SLOW,MOTOR CIRCUIT,FAST,THERMOPLASTIC,10.16 X 6.35 X 4.19mm,Low,SURFACE MOUNT,SURFACE MOUNT,55.0,-55.0,9.45,9.45,0.62,0.062,250.0,250.0,0.0,"Industrial Part: Indicator SubRed Slow Blow Movement 0.62A 250V SMD Gull Wing 10.16 X 6.35 X 4.19mm Thermoplastic T/R CSA/UL Electric Indicator, Fast Blow, 0.062A, 250VAC, 50A (IR), Surface Mount. Rated Current: 0.062A. Voltage: 250.0V. Material: THERMOPLASTIC. Physical Size: 9.45mm x 9.45mm."
A181,"Indicator SubRed Slow Blow Movement 0.125A 250V Radial DIP 10.16 X 6.35 X 4.19mm Thermoplastic Bulk CSA/UL Electric Indicator, Fast Blow, 0.125A, 250VAC, 50A (IR), Through Hole",SLOW,MOTOR CIRCUIT,FAST,THERMOPLASTIC,10.16 X 6.35 X 4.19mm,Low,THROUGH HOLE,THROUGH HOLE,125.0,-55.0,9.45,9.45,50.0,0.125,250.0,250.0,0.0,"Industrial Part: Indicator SubRed Slow Blow Movement 0.125A 250V Radial DIP 10.16 X 6.35 X 4.19mm Thermoplastic Bulk CSA/UL Electric Indicator, Fast Blow, 0.125A, 250VAC, 50A (IR), Through Hole. Rated Current: 0.125A. Voltage: 250.0V. Material: THERMOPLASTIC. Physical Size: 9.45mm x 9.45mm."
A182,"Indicator SubRed Slow Blow Movement 0.125A 250V SMD Gull Wing 10.16 X 6.35 X 4.19mm Thermoplastic Bulk CSA/UL Electric Indicator, Fast Blow, 0.125A, 250VAC, 50A (IR), Surface Mount",SLOW,MOTOR CIRCUIT,FAST,THERMOPLASTIC,10.16 X 6.35 X 4.19mm,Low,SURFACE MOUNT,SURFACE MOUNT,125.0,-55.0,9.45,9.45,50.0,0.125,250.0,250.0,0.0,"Industrial Part: Indicator SubRed Slow Blow Movement 0.125A 250V SMD Gull Wing 10.16 X 6.35 X 4.19mm Thermoplastic Bulk CSA/UL Electric Indicator, Fast Blow, 0.125A, 250VAC, 50A (IR), Surface Mount. Rated Current: 0.125A. Voltage: 250.0V. Material: THERMOPLASTIC. Physical Size: 9.45mm x 9.45mm."
A183,"Indicator SubRed Slow Blow Movement 0.125A 250V SMD Gull Wing 10.16 X 6.35 X 4.19mm Thermoplastic T/R CSA/UL Electric Indicator, Fast Blow, 0.125A, 250VAC, 50A (IR), Surface Mount",SLOW,MOTOR CIRCUIT,FAST,THERMOPLASTIC,10.16 X 6.35 X 4.19mm,Low,SURFACE MOUNT,SURFACE MOUNT,125.0,-55.0,9.45,9.45,50.0,0.125,250.0,250.0,0.0,"Industrial Part: Indicator SubRed Slow Blow Movement 0.125A 250V SMD Gull Wing 10.16 X 6.35 X 4.19mm Thermoplastic T/R CSA/UL Electric Indicator, Fast Blow, 0.125A, 250VAC, 50A (IR), Surface Mount. Rated Current: 0.125A. Voltage: 250.0V. Material: THERMOPLASTIC. Physical Size: 9.45mm x 9.45mm."
A184,"Indicator SubRed Slow Blow Movement 0.25A 250V Radial DIP 10.16 X 6.35 X 4.19mm Thermoplastic Bulk CSA/UL Electric Indicator, Fast Blow, 0.25A, 250VAC, 50A (IR), Through Hole",SLOW,MOTOR CIRCUIT,FAST,THERMOPLASTIC,10.16 X 6.35 X 4.19mm,Low,THROUGH HOLE,THROUGH HOLE,55.0,-55.0,9.45,9.45,50.0,0.25,250.0,250.0,0.0,"Industrial Part: Indicator SubRed Slow Blow Movement 0.25A 250V Radial DIP 10.16 X 6.35 X 4.19mm Thermoplastic Bulk CSA/UL Electric Indicator, Fast Blow, 0.25A, 250VAC, 50A (IR), Through Hole. Rated Current: 0.25A. Voltage: 250.0V. Material: THERMOPLASTIC. Physical Size: 9.45mm x 9.45mm."
A185,"Indicator SubRed Slow Blow Movement 0.25A 250V SMD Gull Wing 10.16 X 6.35 X 4.19mm Thermoplastic Bulk CSA/UL Electric Indicator, Fast Blow, 0.25A, 250VAC, 50A (IR), Surface Mount",SLOW,MOTOR CIRCUIT,FAST,THERMOPLASTIC,10.16 X 6.35 X 4.19mm,Low,SURFACE MOUNT,SURFACE MOUNT,55.0,-55.0,9.45,9.45,50.0,0.25,250.0,250.0,0.0,"Industrial Part: Indicator SubRed Slow Blow Movement 0.25A 250V SMD Gull Wing 10.16 X 6.35 X 4.19mm Thermoplastic Bulk CSA/UL Electric Indicator, Fast Blow, 0.25A, 250VAC, 50A (IR), Surface Mount. Rated Current: 0.25A. Voltage: 250.0V. Material: THERMOPLASTIC. Physical Size: 9.45mm x 9.45mm."
A186,"Indicator SubRed Slow Blow Movement 0.25A 250V SMD Gull Wing 10.16 X 6.35 X 4.19mm Thermoplastic T/R CSA/UL Electric Indicator, Fast Blow, 0.25A, 250VAC, 50A (IR), Surface Mount",SLOW,MOTOR CIRCUIT,FAST,THERMOPLASTIC,10.16 X 6.35 X 4.19mm,Low,SURFACE MOUNT,SURFACE MOUNT,55.0,-55.0,9.45,9.45,50.0,0.25,250.0,250.0,0.0,"Industrial Part: Indicator SubRed Slow Blow Movement 0.25A 250V SMD Gull Wing 10.16 X 6.35 X 4.19mm Thermoplastic T/R CSA/UL Electric Indicator, Fast Blow, 0.25A, 250VAC, 50A (IR), Surface Mount. Rated Current: 0.25A. Voltage: 250.0V. Material: THERMOPLASTIC. Physical Size: 9.45mm x 9.45mm."
A187,"Indicator SubRed Slow Blow Movement 0.5A 250V Radial DIP 10.16 X 6.35 X 4.19mm Thermoplastic Bulk CSA/UL Electric Indicator, Fast Blow, 0.5A, 250VAC, 50A (IR), Through Hole",SLOW,MOTOR CIRCUIT,FAST,THERMOPLASTIC,10.16 X 6.35 X 4.19mm,Low,THROUGH HOLE,THROUGH HOLE,55.0,-55.0,9.45,9.45,50.0,0.5,250.0,250.0,0.0,"Industrial Part: Indicator SubRed Slow Blow Movement 0.5A 250V Radial DIP 10.16 X 6.35 X 4.19mm Thermoplastic Bulk CSA/UL Electric Indicator, Fast Blow, 0.5A, 250VAC, 50A (IR), Through Hole. Rated Current: 0.5A. Voltage: 250.0V. Material: THERMOPLASTIC. Physical Size: 9.45mm x 9.45mm."
A188,"Indicator SubRed Slow Blow Movement 0.5A 250V SMD Gull Wing 10.16 X 6.35 X 4.19mm Thermoplastic Bulk CSA/UL Electric Indicator, Fast Blow, 0.5A, 250VAC, 50A (IR), Surface Mount",SLOW,MOTOR CIRCUIT,FAST,THERMOPLASTIC,10.16 X 6.35 X 4.19mm,Low,SURFACE MOUNT,SURFACE MOUNT,55.0,-55.0,9.45,9.45,50.0,0.5,250.0,250.0,0.0,"Industrial Part: Indicator SubRed Slow Blow Movement 0.5A 250V SMD Gull Wing 10.16 X 6.35 X 4.19mm Thermoplastic Bulk CSA/UL Electric Indicator, Fast Blow, 0.5A, 250VAC, 50A (IR), Surface Mount. Rated Current: 0.5A. Voltage: 250.0V. Material: THERMOPLASTIC. Physical Size: 9.45mm x 9.45mm."
A189,"Indicator SubRed Slow Blow Movement 0.5A 250V SMD Gull Wing 10.16 X 6.35 X 4.19mm Thermoplastic T/R CSA/UL Electric Indicator, Fast Blow, 0.5A, 250VAC, 50A (IR), Surface Mount",SLOW,MOTOR CIRCUIT,FAST,THERMOPLASTIC,10.16 X 6.35 X 4.19mm,Low,SURFACE MOUNT,SURFACE MOUNT,55.0,-55.0,9.45,9.45,50.0,0.5,250.0,250.0,0.0,"Industrial Part: Indicator SubRed Slow Blow Movement 0.5A 250V SMD Gull Wing 10.16 X 6.35 X 4.19mm Thermoplastic T/R CSA/UL Electric Indicator, Fast Blow, 0.5A, 250VAC, 50A (IR), Surface Mount. Rated Current: 0.5A. Voltage: 250.0V. Material: THERMOPLASTIC. Physical Size: 9.45mm x 9.45mm."
A190,"Indicator SubRed Slow Blow Movement 0.75A 250V Radial DIP 10.16 X 6.35 X 4.19mm Thermoplastic Bulk CSA/UL Electric Indicator, Fast Blow, 0.75A, 250VAC, 50A (IR), Through Hole",SLOW,MOTOR CIRCUIT,FAST,THERMOPLASTIC,10.16 X 6.35 X 4.19mm,Low,THROUGH HOLE,THROUGH HOLE,55.0,-55.0,9.45,9.45,50.0,0.75,250.0,250.0,0.0,"Industrial Part: Indicator SubRed Slow Blow Movement 0.75A 250V Radial DIP 10.16 X 6.35 X 4.19mm Thermoplastic Bulk CSA/UL Electric Indicator, Fast Blow, 0.75A, 250VAC, 50A (IR), Through Hole. Rated Current: 0.75A. Voltage: 250.0V. Material: THERMOPLASTIC. Physical Size: 9.45mm x 9.45mm."
A191,"Indicator SubRed Slow Blow Movement 0.75A 250V SMD Gull Wing 10.16 X 6.35 X 4.19mm Thermoplastic Bulk CSA/UL Electric Indicator, Fast Blow, 0.75A, 250VAC, 50A (IR), Surface Mount",SLOW,MOTOR CIRCUIT,FAST,THERMOPLASTIC,10.16 X 6.35 X 4.19mm,Low,SURFACE MOUNT,SURFACE MOUNT,55.0,-55.0,9.45,9.45,50.0,0.75,250.0,250.0,0.0,"Industrial Part: Indicator SubRed Slow Blow Movement 0.75A 250V SMD Gull Wing 10.16 X 6.35 X 4.19mm Thermoplastic Bulk CSA/UL Electric Indicator, Fast Blow, 0.75A, 250VAC, 50A (IR), Surface Mount. Rated Current: 0.75A. Voltage: 250.0V. Material: THERMOPLASTIC. Physical Size: 9.45mm x 9.45mm."
A192,"Indicator SubRed Slow Blow Movement 0.75A 250V SMD Gull Wing 10.16 X 6.35 X 4.19mm Thermoplastic T/R CSA/UL Electric Indicator, Fast Blow, 0.75A, 250VAC, 50A (IR), Surface Mount",SLOW,MOTOR CIRCUIT,FAST,THERMOPLASTIC,10.16 X 6.35 X 4.19mm,Low,SURFACE MOUNT,SURFACE MOUNT,55.0,-55.0,9.45,9.45,50.0,0.75,250.0,250.0,0.0,"Industrial Part: Indicator SubRed Slow Blow Movement 0.75A 250V SMD Gull Wing 10.16 X 6.35 X 4.19mm Thermoplastic T/R CSA/UL Electric Indicator, Fast Blow, 0.75A, 250VAC, 50A (IR), Surface Mount. Rated Current: 0.75A. Voltage: 250.0V. Material: THERMOPLASTIC. Physical Size: 9.45mm x 9.45mm."
A193,"Indicator SubRed Slow Blow Movement 1A 250V SMD Gull Wing 10.16 X 6.35 X 4.19mm Thermoplastic Bulk CSA/UL Electric Indicator, Slow Blow, 1A, 250VAC, 50A (IR), Surface Mount",SLOW,MOTOR CIRCUIT,SLOW,THERMOPLASTIC,10.16 X 6.35 X 4.19mm,Low,SURFACE MOUNT,SURFACE MOUNT,55.0,-55.0,9.45,9.45,50.0,1.0,250.0,250.0,0.0,"Industrial Part: Indicator SubRed Slow Blow Movement 1A 250V SMD Gull Wing 10.16 X 6.35 X 4.19mm Thermoplastic Bulk CSA/UL Electric Indicator, Slow Blow, 1A, 250VAC, 50A (IR), Surface Mount. Rated Current: 1.0A. Voltage: 250.0V. Material: THERMOPLASTIC. Physical Size: 9.45mm x 9.45mm."
A194,"Indicator SubRed Slow Blow Movement 1A 250V SMD Gull Wing 10.16 X 6.35 X 4.19mm Thermoplastic T/R CSA/UL Electric Indicator, Slow Blow, 1A, 250VAC, 50A (IR), Surface Mount",SLOW,MOTOR CIRCUIT,SLOW,THERMOPLASTIC,10.16 X 6.35 X 4.19mm,Low,SURFACE MOUNT,SURFACE MOUNT,55.0,-55.0,9.45,9.45,50.0,1.0,250.0,250.0,0.0,"Industrial Part: Indicator SubRed Slow Blow Movement 1A 250V SMD Gull Wing 10.16 X 6.35 X 4.19mm Thermoplastic T/R CSA/UL Electric Indicator, Slow Blow, 1A, 250VAC, 50A (IR), Surface Mount. Rated Current: 1.0A. Voltage: 250.0V. Material: THERMOPLASTIC. Physical Size: 9.45mm x 9.45mm."
A195,"Indicator SubRed Slow Blow Movement 2A 250V SMD Gull Wing 10.16 X 6.35 X 4.19mm Thermoplastic Bulk CSA/UL Electric Indicator, Slow Blow, 2A, 250VAC, 50A (IR), Surface Mount",SLOW,MOTOR CIRCUIT,SLOW,THERMOPLASTIC,10.16 X 6.35 X 4.19mm,Low,SURFACE MOUNT,SURFACE MOUNT,55.0,-55.0,9.45,9.45,50.0,2.0,250.0,250.0,0.0,"Industrial Part: Indicator SubRed Slow Blow Movement 2A 250V SMD Gull Wing 10.16 X 6.35 X 4.19mm Thermoplastic Bulk CSA/UL Electric Indicator, Slow Blow, 2A, 250VAC, 50A (IR), Surface Mount. Rated Current: 2.0A. Voltage: 250.0V. Material: THERMOPLASTIC. Physical Size: 9.45mm x 9.45mm."
A196,"Indicator SubRed Slow Blow Movement 2A 250V SMD Gull Wing 10.16 X 6.35 X 4.19mm Thermoplastic T/R CSA/UL Electric Indicator, Slow Blow, 2A, 250VAC, 50A (IR), Surface Mount",SLOW,MOTOR CIRCUIT,SLOW,THERMOPLASTIC,10.16 X 6.35 X 4.19mm,Low,SURFACE MOUNT,SURFACE MOUNT,55.0,-55.0,9.45,9.45,50.0,2.0,250.0,250.0,0.0,"Industrial Part: Indicator SubRed Slow Blow Movement 2A 250V SMD Gull Wing 10.16 X 6.35 X 4.19mm Thermoplastic T/R CSA/UL Electric Indicator, Slow Blow, 2A, 250VAC, 50A (IR), Surface Mount. Rated Current: 2.0A. Voltage: 250.0V. Material: THERMOPLASTIC. Physical Size: 9.45mm x 9.45mm."
A197,"Indicator SubRed Slow Blow Movement 3A 250V SMD Gull Wing 10.16 X 6.35 X 4.19mm Thermoplastic Bulk CSA/UL Electric Indicator, Slow Blow, 3A, 250VAC, 50A (IR), Surface Mount",SLOW,MOTOR CIRCUIT,SLOW,THERMOPLASTIC,10.16 X 6.35 X 4.19mm,Low,SURFACE MOUNT,SURFACE MOUNT,55.0,-55.0,9.45,9.45,50.0,3.0,250.0,250.0,0.0,"Industrial Part: Indicator SubRed Slow Blow Movement 3A 250V SMD Gull Wing 10.16 X 6.35 X 4.19mm Thermoplastic Bulk CSA/UL Electric Indicator, Slow Blow, 3A, 250VAC, 50A (IR), Surface Mount. Rated Current: 3.0A. Voltage: 250.0V. Material: THERMOPLASTIC. Physical Size: 9.45mm x 9.45mm."
A198,"Indicator SubRed Slow Blow Movement 3A 250V SMD Gull Wing 10.16 X 6.35 X 4.19mm Thermoplastic T/R CSA/UL Electric Indicator, Slow Blow, 3A, 250VAC, 50A (IR), Surface Mount",SLOW,MOTOR CIRCUIT,SLOW,THERMOPLASTIC,10.16 X 6.35 X 4.19mm,Low,SURFACE MOUNT,SURFACE MOUNT,55.0,-55.0,9.45,9.45,50.0,3.0,250.0,250.0,0.0,"Industrial Part: Indicator SubRed Slow Blow Movement 3A 250V SMD Gull Wing 10.16 X 6.35 X 4.19mm Thermoplastic T/R CSA/UL Electric Indicator, Slow Blow, 3A, 250VAC, 50A (IR), Surface Mount. Rated Current: 3.0A. Voltage: 250.0V. Material: THERMOPLASTIC. Physical Size: 9.45mm x 9.45mm."
A199,"Indicator SubRed Slow Blow Movement 4A 250V SMD Gull Wing 10.16 X 6.35 X 4.19mm Thermoplastic Bulk CSA/UL Electric Indicator, Slow Blow, 4A, 250VAC, 50A (IR), Surface Mount",SLOW,MOTOR CIRCUIT,SLOW,THERMOPLASTIC,10.16 X 6.35 X 4.19mm,Low,SURFACE MOUNT,SURFACE MOUNT,55.0,-55.0,9.45,9.45,50.0,4.0,250.0,250.0,0.0,"Industrial Part: Indicator SubRed Slow Blow Movement 4A 250V SMD Gull Wing 10.16 X 6.35 X 4.19mm Thermoplastic Bulk CSA/UL Electric Indicator, Slow Blow, 4A, 250VAC, 50A (IR), Surface Mount. Rated Current: 4.0A. Voltage: 250.0V. Material: THERMOPLASTIC. Physical Size: 9.45mm x 9.45mm."
A200,"Indicator SubRed Slow Blow Movement 4A 250V SMD Gull Wing 10.16 X 6.35 X 4.19mm Thermoplastic T/R CSA/UL Electric Indicator, Slow Blow, 4A, 250VAC, 50A (IR), Surface Mount",SLOW,MOTOR CIRCUIT,SLOW,THERMOPLASTIC,10.16 X 6.35 X 4.19mm,Low,SURFACE MOUNT,SURFACE MOUNT,55.0,-55.0,9.45,9.45,50.0,4.0,250.0,250.0,0.0,"Industrial Part: Indicator SubRed Slow Blow Movement 4A 250V SMD Gull Wing 10.16 X 6.35 X 4.19mm Thermoplastic T/R CSA/UL Electric Indicator, Slow Blow, 4A, 250VAC, 50A (IR), Surface Mount. Rated Current: 4.0A. Voltage: 250.0V. Material: THERMOPLASTIC. Physical Size: 9.45mm x 9.45mm."
A201,"Indicator SubRed Slow Blow Movement 5A 250V SMD Gull Wing 10.16 X 6.35 X 4.19mm Thermoplastic Bulk CSA/UL Electric Indicator, Slow Blow, 5A, 250VAC, 50A (IR), Surface Mount",SLOW,MOTOR CIRCUIT,SLOW,THERMOPLASTIC,10.16 X 6.35 X 4.19mm,Low,SURFACE MOUNT,SURFACE MOUNT,55.0,-55.0,9.45,9.45,50.0,5.0,250.0,250.0,0.0,"Industrial Part: Indicator SubRed Slow Blow Movement 5A 250V SMD Gull Wing 10.16 X 6.35 X 4.19mm Thermoplastic Bulk CSA/UL Electric Indicator, Slow Blow, 5A, 250VAC, 50A (IR), Surface Mount. Rated Current: 5.0A. Voltage: 250.0V. Material: THERMOPLASTIC. Physical Size: 9.45mm x 9.45mm."
A202,"Indicator SubRed Slow Blow Movement 5A 250V SMD Gull Wing 10.16 X 6.35 X 4.19mm Thermoplastic T/R CSA/UL Electric Indicator, Slow Blow, 5A, 250VAC, 50A (IR), Surface Mount",SLOW,MOTOR CIRCUIT,SLOW,THERMOPLASTIC,10.16 X 6.35 X 4.19mm,Low,SURFACE MOUNT,SURFACE MOUNT,55.0,-55.0,9.45,9.45,50.0,5.0,250.0,250.0,0.0,"Industrial Part: Indicator SubRed Slow Blow Movement 5A 250V SMD Gull Wing 10.16 X 6.35 X 4.19mm Thermoplastic T/R CSA/UL Electric Indicator, Slow Blow, 5A, 250VAC, 50A (IR), Surface Mount. Rated Current: 5.0A. Voltage: 250.0V. Material: THERMOPLASTIC. Physical Size: 9.45mm x 9.45mm."
A203,"Indicator SubRed Slow Blow Movement 1.5A 250V SMD Gull Wing 10.16 X 6.35 X 4.19mm Thermoplastic Bulk CSA/UL Electric Indicator, Slow Blow, 1.5A, 250VAC, 50A (IR), Surface Mount",SLOW,MOTOR CIRCUIT,SLOW,THERMOPLASTIC,10.16 X 6.35 X 4.19mm,Low,SURFACE MOUNT,SURFACE MOUNT,55.0,-55.0,9.45,9.45,50.0,1.5,250.0,250.0,0.0,"Industrial Part: Indicator SubRed Slow Blow Movement 1.5A 250V SMD Gull Wing 10.16 X 6.35 X 4.19mm Thermoplastic Bulk CSA/UL Electric Indicator, Slow Blow, 1.5A, 250VAC, 50A (IR), Surface Mount. Rated Current: 1.5A. Voltage: 250.0V. Material: THERMOPLASTIC. Physical Size: 9.45mm x 9.45mm."
A204,"Indicator SubRed Slow Blow Movement 1.5A 250V SMD Gull Wing 10.16 X 6.35 X 4.19mm Thermoplastic T/R CSA/UL Electric Indicator, Slow Blow, 1.5A, 250VAC, 50A (IR), Surface Mount",SLOW,MOTOR CIRCUIT,SLOW,THERMOPLASTIC,10.16 X 6.35 X 4.19mm,Low,SURFACE MOUNT,SURFACE MOUNT,55.0,-55.0,9.45,9.45,50.0,1.5,250.0,250.0,0.0,"Industrial Part: Indicator SubRed Slow Blow Movement 1.5A 250V SMD Gull Wing 10.16 X 6.35 X 4.19mm Thermoplastic T/R CSA/UL Electric Indicator, Slow Blow, 1.5A, 250VAC, 50A (IR), Surface Mount. Rated Current: 1.5A. Voltage: 250.0V. Material: THERMOPLASTIC. Physical Size: 9.45mm x 9.45mm."
A205,"Indicator SubRed Slow Blow Movement 2.5A 250V SMD Gull Wing 10.16 X 6.35 X 4.19mm Thermoplastic Bulk CSA/UL Electric Indicator, Slow Blow, 2.5A, 250VAC, 50A (IR), Surface Mount",SLOW,MOTOR CIRCUIT,SLOW,THERMOPLASTIC,10.16 X 6.35 X 4.19mm,Low,SURFACE MOUNT,SURFACE MOUNT,55.0,-55.0,9.45,9.45,50.0,2.5,250.0,250.0,0.0,"Industrial Part: Indicator SubRed Slow Blow Movement 2.5A 250V SMD Gull Wing 10.16 X 6.35 X 4.19mm Thermoplastic Bulk CSA/UL Electric Indicator, Slow Blow, 2.5A, 250VAC, 50A (IR), Surface Mount. Rated Current: 2.5A. Voltage: 250.0V. Material: THERMOPLASTIC. Physical Size: 9.45mm x 9.45mm."
A206,"Indicator SubRed Slow Blow Movement 2.5A 250V SMD Gull Wing 10.16 X 6.35 X 4.19mm Thermoplastic T/R CSA/UL Electric Indicator, Slow Blow, 2.5A, 250VAC, 50A (IR), Surface Mount",SLOW,MOTOR CIRCUIT,SLOW,THERMOPLASTIC,10.16 X 6.35 X 4.19mm,Low,SURFACE MOUNT,SURFACE MOUNT,55.0,-55.0,9.45,9.45,50.0,2.5,250.0,250.0,0.0,"Industrial Part: Indicator SubRed Slow Blow Movement 2.5A 250V SMD Gull Wing 10.16 X 6.35 X 4.19mm Thermoplastic T/R CSA/UL Electric Indicator, Slow Blow, 2.5A, 250VAC, 50A (IR), Surface Mount. Rated Current: 2.5A. Voltage: 250.0V. Material: THERMOPLASTIC. Physical Size: 9.45mm x 9.45mm."
A207,"Indicator SubRed Slow Blow Movement 0.25A 250V SMD Gull Wing 10.16 X 6.35 X 4.19mm Thermoplastic Bulk CSA/UL Electric Indicator, Slow Blow, 0.25A, 250VAC, 50A (IR), Surface Mount",SLOW,MOTOR CIRCUIT,SLOW,THERMOPLASTIC,10.16 X 6.35 X 4.19mm,Low,SURFACE MOUNT,SURFACE MOUNT,55.0,-55.0,9.45,9.45,50.0,0.25,250.0,250.0,0.0,"Industrial Part: Indicator SubRed Slow Blow Movement 0.25A 250V SMD Gull Wing 10.16 X 6.35 X 4.19mm Thermoplastic Bulk CSA/UL Electric Indicator, Slow Blow, 0.25A, 250VAC, 50A (IR), Surface Mount. Rated Current: 0.25A. Voltage: 250.0V. Material: THERMOPLASTIC. Physical Size: 9.45mm x 9.45mm."
A208,"Indicator SubRed Slow Blow Movement 0.25A 250V SMD Gull Wing 10.16 X 6.35 X 4.19mm Thermoplastic T/R CSA/UL Electric Indicator, Slow Blow, 0.25A, 250VAC, 50A (IR), Surface Mount",SLOW,MOTOR CIRCUIT,SLOW,THERMOPLASTIC,10.16 X 6.35 X 4.19mm,Low,SURFACE MOUNT,SURFACE MOUNT,55.0,-55.0,9.45,9.45,50.0,0.25,250.0,250.0,0.0,"Industrial Part: Indicator SubRed Slow Blow Movement 0.25A 250V SMD Gull Wing 10.16 X 6.35 X 4.19mm Thermoplastic T/R CSA/UL Electric Indicator, Slow Blow, 0.25A, 250VAC, 50A (IR), Surface Mount. Rated Current: 0.25A. Voltage: 250.0V. Material: THERMOPLASTIC. Physical Size: 9.45mm x 9.45mm."
A209,"Indicator SubRed Slow Blow Movement 0.5A 250V SMD Gull Wing 10.16 X 6.35 X 4.19mm Thermoplastic Bulk CSA/UL Electric Indicator, Slow Blow, 0.5A, 250VAC, 50A (IR), Surface Mount",SLOW,MOTOR CIRCUIT,SLOW,THERMOPLASTIC,10.16 X 6.35 X 4.19mm,Low,SURFACE MOUNT,SURFACE MOUNT,55.0,-55.0,9.45,9.45,50.0,0.5,250.0,250.0,0.0,"Industrial Part: Indicator SubRed Slow Blow Movement 0.5A 250V SMD Gull Wing 10.16 X 6.35 X 4.19mm Thermoplastic Bulk CSA/UL Electric Indicator, Slow Blow, 0.5A, 250VAC, 50A (IR), Surface Mount. Rated Current: 0.5A. Voltage: 250.0V. Material: THERMOPLASTIC. Physical Size: 9.45mm x 9.45mm."
A210,"Indicator SubRed Slow Blow Movement 0.5A 250V SMD Gull Wing 10.16 X 6.35 X 4.19mm Thermoplastic T/R CSA/UL Electric Indicator, Slow Blow, 0.5A, 250VAC, 50A (IR), Surface Mount",SLOW,MOTOR CIRCUIT,SLOW,THERMOPLASTIC,10.16 X 6.35 X 4.19mm,Low,SURFACE MOUNT,SURFACE MOUNT,55.0,-55.0,9.45,9.45,50.0,0.5,250.0,250.0,0.0,"Industrial Part: Indicator SubRed Slow Blow Movement 0.5A 250V SMD Gull Wing 10.16 X 6.35 X 4.19mm Thermoplastic T/R CSA/UL Electric Indicator, Slow Blow, 0.5A, 250VAC, 50A (IR), Surface Mount. Rated Current: 0.5A. Voltage: 250.0V. Material: THERMOPLASTIC. Physical Size: 9.45mm x 9.45mm."
A211,"Indicator SubRed Slow Blow Movement 0.75A 250V SMD Gull Wing 10.16 X 6.35 X 4.19mm Thermoplastic Bulk CSA/UL Electric Indicator, Slow Blow, 0.75A, 250VAC, 50A (IR), Surface Mount",SLOW,MOTOR CIRCUIT,SLOW,THERMOPLASTIC,10.16 X 6.35 X 4.19mm,Low,SURFACE MOUNT,SURFACE MOUNT,55.0,-55.0,9.45,9.45,50.0,0.75,250.0,250.0,0.0,"Industrial Part: Indicator SubRed Slow Blow Movement 0.75A 250V SMD Gull Wing 10.16 X 6.35 X 4.19mm Thermoplastic Bulk CSA/UL Electric Indicator, Slow Blow, 0.75A, 250VAC, 50A (IR), Surface Mount. Rated Current: 0.75A. Voltage: 250.0V. Material: THERMOPLASTIC. Physical Size: 9.45mm x 9.45mm."
A212,"Indicator SubRed Slow Blow Movement 0.75A 250V SMD Gull Wing 10.16 X 6.35 X 4.19mm Thermoplastic T/R CSA/UL Electric Indicator, Slow Blow, 0.75A, 250VAC, 50A (IR), Surface Mount",SLOW,MOTOR CIRCUIT,SLOW,THERMOPLASTIC,10.16 X 6.35 X 4.19mm,Low,SURFACE MOUNT,SURFACE MOUNT,55.0,-55.0,9.45,9.45,50.0,0.75,250.0,250.0,0.0,"Industrial Part: Indicator SubRed Slow Blow Movement 0.75A 250V SMD Gull Wing 10.16 X 6.35 X 4.19mm Thermoplastic T/R CSA/UL Electric Indicator, Slow Blow, 0.75A, 250VAC, 50A (IR), Surface Mount. Rated Current: 0.75A. Voltage: 250.0V. Material: THERMOPLASTIC. Physical Size: 9.45mm x 9.45mm."
A213,,UNKNOWN,NOT SPECIFIED,SLOW,UNKNOWN,5x20mm,High,UNKNOWN,INLINE/HOLDER,55.0,-55.0,5.0,20.0,50.0,2.0,125.0,0.0,0.0,Industrial Part: nan. Rated Current: 2.0A. Voltage: 125.0V. Material: UNKNOWN. Physical Size: 5.0mm x 20.0mm.
A214,,UNKNOWN,NOT SPECIFIED,SLOW,UNKNOWN,NOT SPECIFIED,Med,UNKNOWN,INLINE/HOLDER,55.0,-55.0,5.2,20.0,50.0,2.0,125.0,0.0,0.0,Industrial Part: nan. Rated Current: 2.0A. Voltage: 125.0V. Material: UNKNOWN. Physical Size: 5.2mm x 20.0mm.
A215,,UNKNOWN,NOT SPECIFIED,SLOW,UNKNOWN,NOT SPECIFIED,Low,UNKNOWN,INLINE/HOLDER,55.0,-55.0,5.2,20.0,50.0,2.0,125.0,0.0,0.0,Industrial Part: nan. Rated Current: 2.0A. Voltage: 125.0V. Material: UNKNOWN. Physical Size: 5.2mm x 20.0mm.
A216,,UNKNOWN,NOT SPECIFIED,SLOW,UNKNOWN,5x20mm,High,UNKNOWN,INLINE/HOLDER,55.0,-55.0,5.0,20.0,50.0,2.0,125.0,0.0,0.0,Industrial Part: nan. Rated Current: 2.0A. Voltage: 125.0V. Material: UNKNOWN. Physical Size: 5.0mm x 20.0mm.
A217,,SLOW,MOTOR CIRCUIT,UNKNOWN,GLASS,5 X 20mm,UNKNOWN,UNKNOWN,NOT SPECIFIED,55.0,-55.0,5.0,8.4,50.0,5.0,250.0,250.0,0.0,Industrial Part: nan. Rated Current: 5.0A. Voltage: 250.0V. Material: GLASS. Physical Size: 5.0mm x 8.4mm.
A218,,UNKNOWN,NOT SPECIFIED,SLOW,UNKNOWN,NOT SPECIFIED,High,UNKNOWN,INLINE/HOLDER,55.0,-55.0,5.2,20.0,50.0,2.0,125.0,0.0,0.0,Industrial Part: nan. Rated Current: 2.0A. Voltage: 125.0V. Material: UNKNOWN. Physical Size: 5.2mm x 20.0mm.
A219,"Indicator Red Slow Blow Movement 2.5A 250V Holder Plastic 5 X 20mm Glass Bulk BSI/CCC/CE/CSA/PSE/SEMKO/UL Electric Indicator, Time Lag Blow, 2.5A, 250VAC, 250VDC, 35A (IR), Through Hole, 5x20mm",SLOW,SUPPLEMENTARY PROTECTION,SLOW,GLASS,5x20mm,Low,HOLDER,THROUGH HOLE,55.0,-55.0,5.2,20.0,35.0,2.5,250.0,250.0,2.5,"Industrial Part: Indicator Red Slow Blow Movement 2.5A 250V Holder Plastic 5 X 20mm Glass Bulk BSI/CCC/CE/CSA/PSE/SEMKO/UL Electric Indicator, Time Lag Blow, 2.5A, 250VAC, 250VDC, 35A (IR), Through Hole, 5x20mm. Rated Current: 2.5A. Voltage: 250.0V. Material: GLASS. Physical Size: 5.2mm x 20.0mm."
A220,,UNKNOWN,NOT SPECIFIED,SLOW,UNKNOWN,NOT SPECIFIED,High,UNKNOWN,INLINE/HOLDER,55.0,-55.0,5.2,20.0,50.0,2.0,125.0,0.0,0.0,Industrial Part: nan. Rated Current: 2.0A. Voltage: 125.0V. Material: UNKNOWN. Physical Size: 5.2mm x 20.0mm.
A221,,UNKNOWN,NOT SPECIFIED,SLOW,UNKNOWN,NOT SPECIFIED,High,UNKNOWN,INLINE/HOLDER,55.0,-55.0,5.2,20.0,50.0,2.0,125.0,0.0,0.0,Industrial Part: nan. Rated Current: 2.0A. Voltage: 125.0V. Material: UNKNOWN. Physical Size: 5.2mm x 20.0mm.
A222,,SLOW,MOTOR CIRCUIT,UNKNOWN,UNKNOWN,5 X 20mm,UNKNOWN,UNKNOWN,NOT SPECIFIED,55.0,-55.0,5.0,8.4,50.0,0.2,250.0,250.0,0.0,Industrial Part: nan. Rated Current: 0.2A. Voltage: 250.0V. Material: UNKNOWN. Physical Size: 5.0mm x 8.4mm.
A223,,UNKNOWN,NOT SPECIFIED,SLOW,UNKNOWN,NOT SPECIFIED,High,UNKNOWN,INLINE/HOLDER,55.0,-55.0,5.2,20.0,50.0,2.0,125.0,0.0,0.0,Industrial Part: nan. Rated Current: 2.0A. Voltage: 125.0V. Material: UNKNOWN. Physical Size: 5.2mm x 20.0mm.
A224,,UNKNOWN,NOT SPECIFIED,SLOW,UNKNOWN,NOT SPECIFIED,High,UNKNOWN,INLINE/HOLDER,55.0,-55.0,5.2,20.0,50.0,2.0,125.0,0.0,0.0,Industrial Part: nan. Rated Current: 2.0A. Voltage: 125.0V. Material: UNKNOWN. Physical Size: 5.2mm x 20.0mm.
A225,,UNKNOWN,NOT SPECIFIED,SLOW,UNKNOWN,NOT SPECIFIED,Low,UNKNOWN,INLINE/HOLDER,55.0,-55.0,5.2,20.0,50.0,2.0,125.0,0.0,0.0,Industrial Part: nan. Rated Current: 2.0A. Voltage: 125.0V. Material: UNKNOWN. Physical Size: 5.2mm x 20.0mm.
A226,,SLOW,MOTOR CIRCUIT,UNKNOWN,UNKNOWN,5 X 20mm,UNKNOWN,UNKNOWN,NOT SPECIFIED,55.0,-55.0,5.0,8.4,50.0,0.4,250.0,250.0,0.0,Industrial Part: nan. Rated Current: 0.4A. Voltage: 250.0V. Material: UNKNOWN. Physical Size: 5.0mm x 8.4mm.
A227,,UNKNOWN,NOT SPECIFIED,SLOW,UNKNOWN,NOT SPECIFIED,High,UNKNOWN,INLINE/HOLDER,55.0,-55.0,5.2,20.0,50.0,2.0,125.0,0.0,0.0,Industrial Part: nan. Rated Current: 2.0A. Voltage: 125.0V. Material: UNKNOWN. Physical Size: 5.2mm x 20.0mm.
A228,,SLOW,MOTOR CIRCUIT,UNKNOWN,UNKNOWN,5 X 20mm,UNKNOWN,UNKNOWN,NOT SPECIFIED,55.0,-55.0,5.0,8.4,50.0,0.5,250.0,250.0,0.0,Industrial Part: nan. Rated Current: 0.5A. Voltage: 250.0V. Material: UNKNOWN. Physical Size: 5.0mm x 8.4mm.
A229,,UNKNOWN,NOT SPECIFIED,SLOW,UNKNOWN,NOT SPECIFIED,High,UNKNOWN,INLINE/HOLDER,55.0,-55.0,5.2,20.0,50.0,2.0,125.0,0.0,0.0,Industrial Part: nan. Rated Current: 2.0A. Voltage: 125.0V. Material: UNKNOWN. Physical Size: 5.2mm x 20.0mm.
A230,,SLOW,MOTOR CIRCUIT,UNKNOWN,UNKNOWN,5 X 20mm,UNKNOWN,UNKNOWN,NOT SPECIFIED,55.0,-55.0,5.0,8.4,50.0,0.63,250.0,250.0,0.0,Industrial Part: nan. Rated Current: 0.63A. Voltage: 250.0V. Material: UNKNOWN. Physical Size: 5.0mm x 8.4mm.
A231,,UNKNOWN,NOT SPECIFIED,SLOW,UNKNOWN,NOT SPECIFIED,High,UNKNOWN,INLINE/HOLDER,55.0,-55.0,5.2,20.0,50.0,2.0,125.0,0.0,0.0,Industrial Part: nan. Rated Current: 2.0A. Voltage: 125.0V. Material: UNKNOWN. Physical Size: 5.2mm x 20.0mm.
A232,,UNKNOWN,NOT SPECIFIED,SLOW,UNKNOWN,NOT SPECIFIED,High,UNKNOWN,INLINE/HOLDER,55.0,-55.0,5.2,20.0,50.0,2.0,125.0,0.0,0.0,Industrial Part: nan. Rated Current: 2.0A. Voltage: 125.0V. Material: UNKNOWN. Physical Size: 5.2mm x 20.0mm.
A233,"Indicator Red Slow Blow Movement 2A 250V Holder Plastic 5 X 20mm Ceramic Bulk CCC/CE/CSA/KC/PSE/SEMKO/UL/VDE Electric Indicator, Time Lag Blow, 2A, 250VAC, 1500A (IR), Supplemental, Inline/holder, 5x20mm",SLOW,SUPPLEMENTARY PROTECTION,SLOW,CERAMIC,5x20mm,Low,HOLDER,INLINE/HOLDER,55.0,-55.0,5.2,20.0,1500.0,2.0,250.0,250.0,0.0,"Industrial Part: Indicator Red Slow Blow Movement 2A 250V Holder Plastic 5 X 20mm Ceramic Bulk CCC/CE/CSA/KC/PSE/SEMKO/UL/VDE Electric Indicator, Time Lag Blow, 2A, 250VAC, 1500A (IR), Supplemental, Inline/holder, 5x20mm. Rated Current: 2.0A. Voltage: 250.0V. Material: CERAMIC. Physical Size: 5.2mm x 20.0mm."
A234,"Indicator Red Slow Blow Movement 2A 250V Holder Plastic 5 X 20mm Ceramic Bulk CCC/CE/CSA/KC/PSE/SEMKO/UL/VDE Electric Indicator, Time Lag Blow, 2A, 250VAC, 250VDC, 1500A (IR), Inline/holder, 5x20mm",SLOW,SUPPLEMENTARY PROTECTION,SLOW,CERAMIC,5x20mm,Low,HOLDER,INLINE/HOLDER,55.0,-55.0,5.2,20.0,1500.0,2.0,250.0,250.0,2.0,"Industrial Part: Indicator Red Slow Blow Movement 2A 250V Holder Plastic 5 X 20mm Ceramic Bulk CCC/CE/CSA/KC/PSE/SEMKO/UL/VDE Electric Indicator, Time Lag Blow, 2A, 250VAC, 250VDC, 1500A (IR), Inline/holder, 5x20mm. Rated Current: 2.0A. Voltage: 250.0V. Material: CERAMIC. Physical Size: 5.2mm x 20.0mm."
A235,"Indicator Red Slow Blow Movement 10A 250V Holder Plastic 5 X 20mm Ceramic Bulk CE/CSA/KC/PSE/SEMKO/UL/VDE Electric Indicator, Time Lag Blow, 10A, 1500A (IR), Supplemental, 5x20mm",SLOW,SUPPLEMENTARY PROTECTION,SLOW,CERAMIC,5x20mm,Low,HOLDER,NOT SPECIFIED,55.0,-55.0,5.2,20.0,1500.0,10.0,250.0,250.0,0.0,"Industrial Part: Indicator Red Slow Blow Movement 10A 250V Holder Plastic 5 X 20mm Ceramic Bulk CE/CSA/KC/PSE/SEMKO/UL/VDE Electric Indicator, Time Lag Blow, 10A, 1500A (IR), Supplemental, 5x20mm. Rated Current: 10.0A. Voltage: 250.0V. Material: CERAMIC. Physical Size: 5.2mm x 20.0mm."
A236,,UNKNOWN,NOT SPECIFIED,UNKNOWN,UNKNOWN,NOT SPECIFIED,Low,UNKNOWN,NOT SPECIFIED,55.0,-55.0,6.1,8.4,50.0,2.0,125.0,0.0,0.0,Industrial Part: nan. Rated Current: 2.0A. Voltage: 125.0V. Material: UNKNOWN. Physical Size: 6.1mm x 8.4mm.
A237,"Indicator Red Slow Blow Movement 12A 250V Axial 5 X 20mm Ceramic Bulk CE/CSA/PSE/SEMKO/UL Electric Indicator, Time Lag Blow, 12A, 250VAC, 250VDC, 1500A (IR), Through Hole, 5x20mm",SLOW,SUPPLEMENTARY PROTECTION,SLOW,CERAMIC,5x20mm,Low,THROUGH HOLE,THROUGH HOLE,55.0,-55.0,5.8,22.5,1500.0,12.0,250.0,250.0,12.0,"Industrial Part: Indicator Red Slow Blow Movement 12A 250V Axial 5 X 20mm Ceramic Bulk CE/CSA/PSE/SEMKO/UL Electric Indicator, Time Lag Blow, 12A, 250VAC, 250VDC, 1500A (IR), Through Hole, 5x20mm. Rated Current: 12.0A. Voltage: 250.0V. Material: CERAMIC. Physical Size: 5.8mm x 22.5mm."
A238,,SLOW,MOTOR CIRCUIT,UNKNOWN,CERAMIC,5 X 20mm,UNKNOWN,HOLDER,NOT SPECIFIED,55.0,-55.0,5.2,20.0,50.0,1.6,250.0,250.0,0.0,Industrial Part: nan. Rated Current: 1.6A. Voltage: 250.0V. Material: CERAMIC. Physical Size: 5.2mm x 20.0mm.
A239,"Indicator Red Slow Blow Movement 2.5A 250V Holder Plastic 5 X 20mm Ceramic Bulk BSI/CCC/CE/CSA/KC/PSE/SEMKO/UL/VDE Electric Indicator, Time Lag Blow, 2.5A, 250VAC, 250VDC, 1500A (IR), Inline/holder, 5x20mm",UNKNOWN,NOT SPECIFIED,SLOW,CERAMIC,5x20mm,Low,HOLDER,INLINE/HOLDER,55.0,-55.0,5.2,20.0,1500.0,2.5,250.0,250.0,2.5,"Industrial Part: Indicator Red Slow Blow Movement 2.5A 250V Holder Plastic 5 X 20mm Ceramic Bulk BSI/CCC/CE/CSA/KC/PSE/SEMKO/UL/VDE Electric Indicator, Time Lag Blow, 2.5A, 250VAC, 250VDC, 1500A (IR), Inline/holder, 5x20mm. Rated Current: 2.5A. Voltage: 250.0V. Material: CERAMIC. Physical Size: 5.2mm x 20.0mm."
A240,,SLOW,MOTOR CIRCUIT,UNKNOWN,CERAMIC,5 X 20mm,UNKNOWN,HOLDER,NOT SPECIFIED,55.0,-55.0,5.2,20.0,50.0,2.5,250.0,250.0,0.0,Industrial Part: nan. Rated Current: 2.5A. Voltage: 250.0V. Material: CERAMIC. Physical Size: 5.2mm x 20.0mm.
A241,"Indicator Red Slow Blow Movement 6.3A 250V Holder Plastic 5 X 20mm Ceramic Bulk CCC/CE/CSA/KC/PSE/SEMKO/UL/VDE Electric Indicator, Time Lag Blow, 6.3A, 250VAC, 250VDC, 1500A (IR), Inline/holder, 5x20mm",SLOW,SUPPLEMENTARY PROTECTION,SLOW,CERAMIC,5x20mm,Low,HOLDER,INLINE/HOLDER,55.0,-55.0,5.2,20.0,1500.0,6.3,250.0,250.0,6.3,"Industrial Part: Indicator Red Slow Blow Movement 6.3A 250V Holder Plastic 5 X 20mm Ceramic Bulk CCC/CE/CSA/KC/PSE/SEMKO/UL/VDE Electric Indicator, Time Lag Blow, 6.3A, 250VAC, 250VDC, 1500A (IR), Inline/holder, 5x20mm. Rated Current: 6.3A. Voltage: 250.0V. Material: CERAMIC. Physical Size: 5.2mm x 20.0mm."
A242,"Indicator Red Fast Movement 1A 250V Holder Plastic Melf 5 X 20mm Ceramic CCC/CE/CSA/PSE/SEMKO/UL/VDE Electric Indicator, Fast Blow, 1A, 250VAC, 1500A (IR), Inline/holder",FAST,MOTOR CIRCUIT,FAST,CERAMIC,5 X 20mm,Med,HOLDER,INLINE/HOLDER,55.0,-55.0,5.2,20.0,1500.0,1.0,250.0,250.0,0.0,"Industrial Part: Indicator Red Fast Movement 1A 250V Holder Plastic Melf 5 X 20mm Ceramic CCC/CE/CSA/PSE/SEMKO/UL/VDE Electric Indicator, Fast Blow, 1A, 250VAC, 1500A (IR), Inline/holder. Rated Current: 1.0A. Voltage: 250.0V. Material: CERAMIC. Physical Size: 5.2mm x 20.0mm."
A243,"Indicator Red Fast Movement 2A 250V Holder Plastic Melf 5 X 20mm Ceramic CCC/CE/CSA/PSE/SEMKO/UL/VDE Electric Indicator, Fast Blow, 2A, 250VAC, 1500A (IR), Inline/holder",FAST,MOTOR CIRCUIT,FAST,CERAMIC,5 X 20mm,High,HOLDER,INLINE/HOLDER,55.0,-55.0,5.2,20.0,1500.0,2.0,250.0,250.0,0.0,"Industrial Part: Indicator Red Fast Movement 2A 250V Holder Plastic Melf 5 X 20mm Ceramic CCC/CE/CSA/PSE/SEMKO/UL/VDE Electric Indicator, Fast Blow, 2A, 250VAC, 1500A (IR), Inline/holder. Rated Current: 2.0A. Voltage: 250.0V. Material: CERAMIC. Physical Size: 5.2mm x 20.0mm."
A244,"Indicator Red Fast Movement 4A 250V Holder Plastic Melf 5 X 20mm Ceramic BSI/CCC/CE/CSA/KC/PSE/SEMKO/VDE/cULus Electric Indicator, Fast Blow, 4A, 250VAC, 1500A (IR), Inline/holder",FAST,MOTOR CIRCUIT,FAST,CERAMIC,5 X 20mm,Med,HOLDER,INLINE/HOLDER,55.0,-55.0,5.2,20.0,1500.0,4.0,250.0,250.0,0.0,"Industrial Part: Indicator Red Fast Movement 4A 250V Holder Plastic Melf 5 X 20mm Ceramic BSI/CCC/CE/CSA/KC/PSE/SEMKO/VDE/cULus Electric Indicator, Fast Blow, 4A, 250VAC, 1500A (IR), Inline/holder. Rated Current: 4.0A. Voltage: 250.0V. Material: CERAMIC. Physical Size: 5.2mm x 20.0mm."
A245,"Indicator Red Fast Movement 5A 250V Holder Plastic Melf 5 X 20mm Ceramic CCC/CE/CSA/PSE/SEMKO/UL/VDE Electric Indicator, Fast Blow, 5A, 250VAC, 1500A (IR), Inline/holder",FAST,MOTOR CIRCUIT,FAST,CERAMIC,5 X 20mm,Med,HOLDER,INLINE/HOLDER,55.0,-55.0,5.2,20.0,1500.0,5.0,250.0,250.0,0.0,"Industrial Part: Indicator Red Fast Movement 5A 250V Holder Plastic Melf 5 X 20mm Ceramic CCC/CE/CSA/PSE/SEMKO/UL/VDE Electric Indicator, Fast Blow, 5A, 250VAC, 1500A (IR), Inline/holder. Rated Current: 5.0A. Voltage: 250.0V. Material: CERAMIC. Physical Size: 5.2mm x 20.0mm."
A246,"Indicator Red Fast Movement 8A 250V Holder Plastic 5 X 20mm Ceramic Bulk CE/CSA/KC/PSE/SEMKO/TUV/VDE/cULus Electric Indicator, Fast Blow, 8A, 250VAC, 1500A (IR), Inline/holder, 5x20mm",FAST,SUPPLEMENTARY PROTECTION,FAST,CERAMIC,5x20mm,Low,HOLDER,INLINE/HOLDER,55.0,-55.0,5.2,20.0,1500.0,8.0,250.0,250.0,0.0,"Industrial Part: Indicator Red Fast Movement 8A 250V Holder Plastic 5 X 20mm Ceramic Bulk CE/CSA/KC/PSE/SEMKO/TUV/VDE/cULus Electric Indicator, Fast Blow, 8A, 250VAC, 1500A (IR), Inline/holder, 5x20mm. Rated Current: 8.0A. Voltage: 250.0V. Material: CERAMIC. Physical Size: 5.2mm x 20.0mm."
A247,"Indicator Red Fast Movement 8A 250V Holder Plastic Melf 5 X 20mm Ceramic CCC/CE/CSA/PSE/SEMKO/UL/VDE Electric Indicator, Fast Blow, 8A, 250VAC, 1500A (IR), Inline/holder",FAST,MOTOR CIRCUIT,FAST,CERAMIC,5 X 20mm,Med,HOLDER,INLINE/HOLDER,55.0,-55.0,5.2,20.0,1500.0,8.0,250.0,250.0,0.0,"Industrial Part: Indicator Red Fast Movement 8A 250V Holder Plastic Melf 5 X 20mm Ceramic CCC/CE/CSA/PSE/SEMKO/UL/VDE Electric Indicator, Fast Blow, 8A, 250VAC, 1500A (IR), Inline/holder. Rated Current: 8.0A. Voltage: 250.0V. Material: CERAMIC. Physical Size: 5.2mm x 20.0mm."
A248,,FAST,SUPPLEMENTARY PROTECTION,UNKNOWN,CERAMIC,5 X 20mm,UNKNOWN,HOLDER,NOT SPECIFIED,55.0,-55.0,5.2,20.0,50.0,8.0,250.0,250.0,0.0,Industrial Part: nan. Rated Current: 8.0A. Voltage: 250.0V. Material: CERAMIC. Physical Size: 5.2mm x 20.0mm.
A249,"Indicator Red Fast Movement 10A 250V Holder Plastic 5 X 20mm Ceramic Bulk CE/CSA/KC/PSE/SEMKO/UL/VDE Electric Indicator, Fast Blow, 10A, 250VAC, 1500A (IR), Inline/holder, 5x20mm",FAST,SUPPLEMENTARY PROTECTION,FAST,CERAMIC,5x20mm,Low,HOLDER,INLINE/HOLDER,55.0,-55.0,5.2,20.0,1500.0,10.0,250.0,250.0,0.0,"Industrial Part: Indicator Red Fast Movement 10A 250V Holder Plastic 5 X 20mm Ceramic Bulk CE/CSA/KC/PSE/SEMKO/UL/VDE Electric Indicator, Fast Blow, 10A, 250VAC, 1500A (IR), Inline/holder, 5x20mm. Rated Current: 10.0A. Voltage: 250.0V. Material: CERAMIC. Physical Size: 5.2mm x 20.0mm."
A250,"Indicator Red Fast Movement 10A 250V Holder Plastic Melf 5 X 20mm Ceramic CCC/CE/CSA/PSE/SEMKO/UL/VDE Electric Indicator, Fast Blow, 10A, 250VAC, 1500A (IR), Inline/holder",FAST,MOTOR CIRCUIT,FAST,CERAMIC,5 X 20mm,High,HOLDER,INLINE/HOLDER,55.0,-55.0,5.2,20.0,1500.0,10.0,250.0,250.0,0.0,"Industrial Part: Indicator Red Fast Movement 10A 250V Holder Plastic Melf 5 X 20mm Ceramic CCC/CE/CSA/PSE/SEMKO/UL/VDE Electric Indicator, Fast Blow, 10A, 250VAC, 1500A (IR), Inline/holder. Rated Current: 10.0A. Voltage: 250.0V. Material: CERAMIC. Physical Size: 5.2mm x 20.0mm."
A251,,UNKNOWN,NOT SPECIFIED,FAST,UNKNOWN,NOT SPECIFIED,High,UNKNOWN,THROUGH HOLE,55.0,-55.0,5.8,22.5,1200.0,1.6,250.0,250.0,0.0,Industrial Part: nan. Rated Current: 1.6A. Voltage: 250.0V. Material: UNKNOWN. Physical Size: 5.8mm x 22.5mm.
A252,"Indicator Red Fast Movement 1.6A 250V Axial 5 X 20mm Ceramic Bulk CCC/CE/CSA/KC/PSE/SEMKO/UL/VDE Electric Indicator, Fast Blow, 1.6A, 250VAC, 1500A (IR), Through Hole, 5x20mm",FAST,SUPPLEMENTARY PROTECTION,FAST,CERAMIC,5x20mm,Low,THROUGH HOLE,THROUGH HOLE,55.0,-55.0,5.8,22.5,1500.0,1.6,250.0,250.0,0.0,"Industrial Part: Indicator Red Fast Movement 1.6A 250V Axial 5 X 20mm Ceramic Bulk CCC/CE/CSA/KC/PSE/SEMKO/UL/VDE Electric Indicator, Fast Blow, 1.6A, 250VAC, 1500A (IR), Through Hole, 5x20mm. Rated Current: 1.6A. Voltage: 250.0V. Material: CERAMIC. Physical Size: 5.8mm x 22.5mm."
A253,"Indicator Red Fast Movement 1.6A 250V Holder Plastic 5 X 20mm Ceramic Bulk CCC/CE/CSA/KC/PSE/SEMKO/UL/VDE Electric Indicator, Fast Blow, 1.6A, 250VAC, 1500A (IR), Inline/holder, 5x20mm",FAST,SUPPLEMENTARY PROTECTION,FAST,CERAMIC,5x20mm,Low,HOLDER,INLINE/HOLDER,55.0,-55.0,5.2,20.0,1500.0,1.6,250.0,250.0,0.0,"Industrial Part: Indicator Red Fast Movement 1.6A 250V Holder Plastic 5 X 20mm Ceramic Bulk CCC/CE/CSA/KC/PSE/SEMKO/UL/VDE Electric Indicator, Fast Blow, 1.6A, 250VAC, 1500A (IR), Inline/holder, 5x20mm. Rated Current: 1.6A. Voltage: 250.0V. Material: CERAMIC. Physical Size: 5.2mm x 20.0mm."
A254,"Indicator Red Fast Movement 1.6A 250V Holder Plastic Melf 5 X 20mm Ceramic CCC/CE/CSA/PSE/SEMKO/UL/VDE Electric Indicator, Fast Blow, 1.6A, 250VAC, 1500A (IR), Inline/holder",FAST,MOTOR CIRCUIT,FAST,CERAMIC,5 X 20mm,High,HOLDER,INLINE/HOLDER,55.0,-55.0,5.2,20.0,1500.0,1.6,250.0,250.0,0.0,"Industrial Part: Indicator Red Fast Movement 1.6A 250V Holder Plastic Melf 5 X 20mm Ceramic CCC/CE/CSA/PSE/SEMKO/UL/VDE Electric Indicator, Fast Blow, 1.6A, 250VAC, 1500A (IR), Inline/holder. Rated Current: 1.6A. Voltage: 250.0V. Material: CERAMIC. Physical Size: 5.2mm x 20.0mm."
A255,"Indicator Red Fast Movement 2.5A 250V Holder Plastic 5 X 20mm Ceramic Bulk CCC/CE/CSA/KC/PSE/SEMKO/UL/VDE Electric Indicator, Fast Blow, 2.5A, 250VAC, 1500A (IR), Inline/holder, 5x20mm",FAST,SUPPLEMENTARY PROTECTION,FAST,CERAMIC,5x20mm,Low,HOLDER,INLINE/HOLDER,55.0,-55.0,5.2,20.0,1500.0,2.5,250.0,250.0,0.0,"Industrial Part: Indicator Red Fast Movement 2.5A 250V Holder Plastic 5 X 20mm Ceramic Bulk CCC/CE/CSA/KC/PSE/SEMKO/UL/VDE Electric Indicator, Fast Blow, 2.5A, 250VAC, 1500A (IR), Inline/holder, 5x20mm. Rated Current: 2.5A. Voltage: 250.0V. Material: CERAMIC. Physical Size: 5.2mm x 20.0mm."
A256,"Indicator Red Fast Movement 2.5A 250V Holder Plastic Melf 5 X 20mm Ceramic CCC/CE/CSA/PSE/SEMKO/UL/VDE Electric Indicator, Fast Blow, 2.5A, 250VAC, 1500A (IR), Inline/holder",FAST,MOTOR CIRCUIT,FAST,CERAMIC,5 X 20mm,High,HOLDER,INLINE/HOLDER,55.0,-55.0,5.2,20.0,1500.0,2.5,250.0,250.0,0.0,"Industrial Part: Indicator Red Fast Movement 2.5A 250V Holder Plastic Melf 5 X 20mm Ceramic CCC/CE/CSA/PSE/SEMKO/UL/VDE Electric Indicator, Fast Blow, 2.5A, 250VAC, 1500A (IR), Inline/holder. Rated Current: 2.5A. Voltage: 250.0V. Material: CERAMIC. Physical Size: 5.2mm x 20.0mm."
A257,"Indicator Red Fast Movement 0.05A 250V Holder Plastic Melf 5 X 20mm Ceramic CCC/CE/CSA/PSE/SEMKO/UL/VDE Electric Indicator, Fast Blow, 0.05A, 250VAC, 1500A (IR), Supplemental, Inline/holder",FAST,MOTOR CIRCUIT,FAST,CERAMIC,5 X 20mm,High,HOLDER,INLINE/HOLDER,55.0,-55.0,5.2,20.0,1500.0,0.05,250.0,250.0,0.0,"Industrial Part: Indicator Red Fast Movement 0.05A 250V Holder Plastic Melf 5 X 20mm Ceramic CCC/CE/CSA/PSE/SEMKO/UL/VDE Electric Indicator, Fast Blow, 0.05A, 250VAC, 1500A (IR), Supplemental, Inline/holder. Rated Current: 0.05A. Voltage: 250.0V. Material: CERAMIC. Physical Size: 5.2mm x 20.0mm."
A258,"Indicator Red Fast Movement 6.3A 250V Holder Plastic 5 X 20mm Ceramic Bulk CCC/CE/CSA/KC/PSE/SEMKO/UL/VDE Electric Indicator, Fast Blow, 6.3A, 250VAC, 1500A (IR), Inline/holder, 5x20mm",FAST,SUPPLEMENTARY PROTECTION,FAST,CERAMIC,5 X 20mm,Low,HOLDER,INLINE/HOLDER,55.0,-55.0,5.2,20.0,1500.0,6.3,250.0,250.0,0.0,"Industrial Part: Indicator Red Fast Movement 6.3A 250V Holder Plastic 5 X 20mm Ceramic Bulk CCC/CE/CSA/KC/PSE/SEMKO/UL/VDE Electric Indicator, Fast Blow, 6.3A, 250VAC, 1500A (IR), Inline/holder, 5x20mm. Rated Current: 6.3A. Voltage: 250.0V. Material: CERAMIC. Physical Size: 5.2mm x 20.0mm."
A259,"Indicator Red Fast Movement 6.3A 250V Holder Plastic 5 X 20mm Ceramic Bulk CCC/CE/CSA/KC/PSE/SEMKO/UL/VDE Electric Indicator, Fast Blow, 6.3A, 250VAC, 1500A (IR), Inline/holder, 5x20mm",FAST,SUPPLEMENTARY PROTECTION,FAST,CERAMIC,5x20mm,Low,HOLDER,INLINE/HOLDER,55.0,-55.0,5.2,20.0,1500.0,6.3,250.0,250.0,0.0,"Industrial Part: Indicator Red Fast Movement 6.3A 250V Holder Plastic 5 X 20mm Ceramic Bulk CCC/CE/CSA/KC/PSE/SEMKO/UL/VDE Electric Indicator, Fast Blow, 6.3A, 250VAC, 1500A (IR), Inline/holder, 5x20mm. Rated Current: 6.3A. Voltage: 250.0V. Material: CERAMIC. Physical Size: 5.2mm x 20.0mm."
A260,"Indicator Red Fast Movement 0.063A 250V Holder Plastic Melf 5 X 20mm Ceramic CCC/CE/CSA/PSE/SEMKO/UL/VDE Electric Indicator, Fast Blow, 0.63A, 250VAC, 1500A (IR), Inline/holder",FAST,MOTOR CIRCUIT,FAST,CERAMIC,5 X 20mm,High,HOLDER,INLINE/HOLDER,55.0,-55.0,5.2,20.0,0.063,6.3,250.0,250.0,0.0,"Industrial Part: Indicator Red Fast Movement 0.063A 250V Holder Plastic Melf 5 X 20mm Ceramic CCC/CE/CSA/PSE/SEMKO/UL/VDE Electric Indicator, Fast Blow, 0.63A, 250VAC, 1500A (IR), Inline/holder. Rated Current: 6.3A. Voltage: 250.0V. Material: CERAMIC. Physical Size: 5.2mm x 20.0mm."
A261,"Indicator 250V 5X20 6.3A Electric Indicator, Fast Blow, 6.3A, 1500A (IR), Supplemental, 5x20mm",UNKNOWN,NOT SPECIFIED,FAST,CERAMIC,5x20mm,Low,UNKNOWN,NOT SPECIFIED,55.0,-55.0,5.2,20.0,250.0,6.3,250.0,250.0,0.0,"Industrial Part: Indicator 250V 5X20 6.3A Electric Indicator, Fast Blow, 6.3A, 1500A (IR), Supplemental, 5x20mm. Rated Current: 6.3A. Voltage: 250.0V. Material: CERAMIC. Physical Size: 5.2mm x 20.0mm."
A262,,UNKNOWN,NOT SPECIFIED,UNKNOWN,UNKNOWN,NOT SPECIFIED,UNKNOWN,UNKNOWN,NOT SPECIFIED,55.0,-55.0,6.1,8.4,50.0,2.0,125.0,0.0,0.0,Industrial Part: nan. Rated Current: 2.0A. Voltage: 125.0V. Material: UNKNOWN. Physical Size: 6.1mm x 8.4mm.
A263,"Indicator Red Fast Movement 0.08A 250V Holder Plastic Melf 5 X 20mm Ceramic CCC/CE/CSA/PSE/SEMKO/UL/VDE Electric Indicator, Fast Blow, 0.8A, 250VAC, 1500A (IR), Inline/holder",FAST,MOTOR CIRCUIT,FAST,CERAMIC,5 X 20mm,High,HOLDER,INLINE/HOLDER,55.0,-55.0,5.2,20.0,0.08,0.8,250.0,250.0,0.0,"Industrial Part: Indicator Red Fast Movement 0.08A 250V Holder Plastic Melf 5 X 20mm Ceramic CCC/CE/CSA/PSE/SEMKO/UL/VDE Electric Indicator, Fast Blow, 0.8A, 250VAC, 1500A (IR), Inline/holder. Rated Current: 0.8A. Voltage: 250.0V. Material: CERAMIC. Physical Size: 5.2mm x 20.0mm."
A264,"Indicator Red Fast Movement 0.1A 250V Axial 5 X 20mm Ceramic Bulk CCC/CE/CSA/SEMKO/UL/VDE Electric Indicator, Fast Blow, 0.1A, 250VAC, 1200A (IR), Through Hole",FAST,SUPPLEMENTARY PROTECTION,FAST,CERAMIC,5 X 20mm,Med,THROUGH HOLE,THROUGH HOLE,55.0,-55.0,6.0,22.5,1200.0,0.1,250.0,250.0,0.0,"Industrial Part: Indicator Red Fast Movement 0.1A 250V Axial 5 X 20mm Ceramic Bulk CCC/CE/CSA/SEMKO/UL/VDE Electric Indicator, Fast Blow, 0.1A, 250VAC, 1200A (IR), Through Hole. Rated Current: 0.1A. Voltage: 250.0V. Material: CERAMIC. Physical Size: 6.0mm x 22.5mm."
A265,"Indicator Red Fast Movement 0.1A 250V Axial 5 X 20mm Ceramic Bulk CCC/CE/CSA/SEMKO/UL/VDE Electric Indicator, Fast Blow, 0.1A, 250VAC, 1500A (IR), Through Hole, 5x20mm",FAST,SUPPLEMENTARY PROTECTION,FAST,CERAMIC,5x20mm,Low,THROUGH HOLE,THROUGH HOLE,55.0,-55.0,6.0,22.5,1500.0,0.1,250.0,250.0,0.0,"Industrial Part: Indicator Red Fast Movement 0.1A 250V Axial 5 X 20mm Ceramic Bulk CCC/CE/CSA/SEMKO/UL/VDE Electric Indicator, Fast Blow, 0.1A, 250VAC, 1500A (IR), Through Hole, 5x20mm. Rated Current: 0.1A. Voltage: 250.0V. Material: CERAMIC. Physical Size: 6.0mm x 22.5mm."
A266,"Indicator Red Fast Movement 0.1A 250V Holder Plastic Melf 5 X 20mm Ceramic CCC/CE/CSA/PSE/SEMKO/UL/VDE Electric Indicator, Fast Blow, 0.1A, 250VAC, 1500A (IR), Inline/holder",FAST,MOTOR CIRCUIT,FAST,CERAMIC,5 X 20mm,High,HOLDER,INLINE/HOLDER,55.0,-55.0,5.2,20.0,1500.0,0.1,250.0,250.0,0.0,"Industrial Part: Indicator Red Fast Movement 0.1A 250V Holder Plastic Melf 5 X 20mm Ceramic CCC/CE/CSA/PSE/SEMKO/UL/VDE Electric Indicator, Fast Blow, 0.1A, 250VAC, 1500A (IR), Inline/holder. Rated Current: 0.1A. Voltage: 250.0V. Material: CERAMIC. Physical Size: 5.2mm x 20.0mm."
A267,"Indicator Red Fast Movement 12.5A 250V Holder Plastic 5 X 20mm Ceramic Bulk CE/CSA/PSE/UL/VDE Electric Indicator, Fast Blow, 12.5A, 250VAC, 1500A (IR), Inline/holder, 5x20mm",FAST,SUPPLEMENTARY PROTECTION,FAST,CERAMIC,5x20mm,Low,HOLDER,INLINE/HOLDER,55.0,-55.0,5.2,20.0,1500.0,12.5,250.0,250.0,0.0,"Industrial Part: Indicator Red Fast Movement 12.5A 250V Holder Plastic 5 X 20mm Ceramic Bulk CE/CSA/PSE/UL/VDE Electric Indicator, Fast Blow, 12.5A, 250VAC, 1500A (IR), Inline/holder, 5x20mm. Rated Current: 12.5A. Voltage: 250.0V. Material: CERAMIC. Physical Size: 5.2mm x 20.0mm."
A268,"Indicator Red Fast Movement 0.125A 250V Holder Plastic Melf 5 X 20mm Ceramic CCC/CE/CSA/PSE/SEMKO/UL/VDE Electric Indicator, Fast Blow, 0.125A, 250VAC, 1500A (IR), Inline/holder",FAST,MOTOR CIRCUIT,FAST,CERAMIC,5 X 20mm,High,HOLDER,INLINE/HOLDER,125.0,-55.0,5.2,20.0,0.125,1.25,250.0,250.0,0.0,"Industrial Part: Indicator Red Fast Movement 0.125A 250V Holder Plastic Melf 5 X 20mm Ceramic CCC/CE/CSA/PSE/SEMKO/UL/VDE Electric Indicator, Fast Blow, 0.125A, 250VAC, 1500A (IR), Inline/holder. Rated Current: 1.25A. Voltage: 250.0V. Material: CERAMIC. Physical Size: 5.2mm x 20.0mm."
A269,"Indicator Red Fast Movement 0.16A 250V Holder Plastic Melf 5 X 20mm Ceramic CCC/CE/CSA/PSE/SEMKO/UL/VDE Electric Indicator, Fast Blow, 0.16A, 250VAC, 1500A (IR), Inline/holder",FAST,MOTOR CIRCUIT,FAST,CERAMIC,5 X 20mm,Med,HOLDER,INLINE/HOLDER,55.0,-55.0,5.2,20.0,1500.0,0.16,250.0,250.0,0.0,"Industrial Part: Indicator Red Fast Movement 0.16A 250V Holder Plastic Melf 5 X 20mm Ceramic CCC/CE/CSA/PSE/SEMKO/UL/VDE Electric Indicator, Fast Blow, 0.16A, 250VAC, 1500A (IR), Inline/holder. Rated Current: 0.16A. Voltage: 250.0V. Material: CERAMIC. Physical Size: 5.2mm x 20.0mm."
A270,"Indicator Red Fast Movement 0.2A 250V Holder Plastic 5 X 20mm Ceramic Bulk CCC/CE/CSA/SEMKO/UL/VDE Electric Indicator, Fast Blow, 0.2A, 250VAC, 1500A (IR), Inline/holder, 5x20mm",FAST,SUPPLEMENTARY PROTECTION,FAST,CERAMIC,5 X 20mm,Low,HOLDER,INLINE/HOLDER,55.0,-55.0,5.2,20.0,1500.0,0.2,250.0,250.0,0.0,"Industrial Part: Indicator Red Fast Movement 0.2A 250V Holder Plastic 5 X 20mm Ceramic Bulk CCC/CE/CSA/SEMKO/UL/VDE Electric Indicator, Fast Blow, 0.2A, 250VAC, 1500A (IR), Inline/holder, 5x20mm. Rated Current: 0.2A. Voltage: 250.0V. Material: CERAMIC. Physical Size: 5.2mm x 20.0mm."
A271,"Indicator Red Fast Movement 0.2A 250V Holder Plastic Melf 5 X 20mm Ceramic CCC/CE/CSA/PSE/SEMKO/UL/VDE Electric Indicator, Fast Blow, 0.2A, 250VAC, 1500A (IR), Inline/holder",FAST,MOTOR CIRCUIT,FAST,CERAMIC,5 X 20mm,Med,HOLDER,INLINE/HOLDER,55.0,-55.0,5.2,20.0,1500.0,0.2,250.0,250.0,0.0,"Industrial Part: Indicator Red Fast Movement 0.2A 250V Holder Plastic Melf 5 X 20mm Ceramic CCC/CE/CSA/PSE/SEMKO/UL/VDE Electric Indicator, Fast Blow, 0.2A, 250VAC, 1500A (IR), Inline/holder. Rated Current: 0.2A. Voltage: 250.0V. Material: CERAMIC. Physical Size: 5.2mm x 20.0mm."
A272,"Indicator Red Fast Movement 0.25A 250V Holder Plastic Melf 5 X 20mm Ceramic CCC/CE/CSA/PSE/SEMKO/UL/VDE Electric Indicator, Fast Blow, 0.25A, 250VAC, 1500A (IR), Supplemental, Inline/holder",FAST,MOTOR CIRCUIT,FAST,CERAMIC,5 X 20mm,High,HOLDER,INLINE/HOLDER,55.0,-55.0,5.2,20.0,1500.0,0.25,250.0,250.0,0.0,"Industrial Part: Indicator Red Fast Movement 0.25A 250V Holder Plastic Melf 5 X 20mm Ceramic CCC/CE/CSA/PSE/SEMKO/UL/VDE Electric Indicator, Fast Blow, 0.25A, 250VAC, 1500A (IR), Supplemental, Inline/holder. Rated Current: 0.25A. Voltage: 250.0V. Material: CERAMIC. Physical Size: 5.2mm x 20.0mm."
A273,"Indicator Red Fast Movement 0.315A 250V Holder Plastic Melf 5 X 20mm Ceramic CCC/CE/CSA/PSE/SEMKO/UL/VDE Electric Indicator, Fast Blow, 0.315A, 250VAC, 1500A (IR), Supplemental, Inline/holder",FAST,MOTOR CIRCUIT,FAST,CERAMIC,5 X 20mm,High,HOLDER,INLINE/HOLDER,55.0,-55.0,5.2,20.0,0.315,3.15,250.0,250.0,0.0,"Industrial Part: Indicator Red Fast Movement 0.315A 250V Holder Plastic Melf 5 X 20mm Ceramic CCC/CE/CSA/PSE/SEMKO/UL/VDE Electric Indicator, Fast Blow, 0.315A, 250VAC, 1500A (IR), Supplemental, Inline/holder. Rated Current: 3.15A. Voltage: 250.0V. Material: CERAMIC. Physical Size: 5.2mm x 20.0mm."
A274,"Indicator Red Fast Movement 0.4A 250V Holder Plastic Melf 5 X 20mm Ceramic CCC/CE/CSA/PSE/SEMKO/UL/VDE Electric Indicator, Fast Blow, 0.4A, 250VAC, 1500A (IR), Inline/holder",FAST,MOTOR CIRCUIT,FAST,CERAMIC,5 X 20mm,High,HOLDER,INLINE/HOLDER,55.0,-55.0,5.2,20.0,1500.0,0.4,250.0,250.0,0.0,"Industrial Part: Indicator Red Fast Movement 0.4A 250V Holder Plastic Melf 5 X 20mm Ceramic CCC/CE/CSA/PSE/SEMKO/UL/VDE Electric Indicator, Fast Blow, 0.4A, 250VAC, 1500A (IR), Inline/holder. Rated Current: 0.4A. Voltage: 250.0V. Material: CERAMIC. Physical Size: 5.2mm x 20.0mm."
A275,"Indicator Red Fast Movement 0.5A 250V Holder Plastic Melf 5 X 20mm Ceramic CCC/CE/CSA/PSE/SEMKO/UL/VDE Electric Indicator, Fast Blow, 0.5A, 250VAC, 1500A (IR), Inline/holder",FAST,MOTOR CIRCUIT,FAST,CERAMIC,5 X 20mm,High,HOLDER,INLINE/HOLDER,55.0,-55.0,5.2,20.0,1500.0,0.5,250.0,250.0,0.0,"Industrial Part: Indicator Red Fast Movement 0.5A 250V Holder Plastic Melf 5 X 20mm Ceramic CCC/CE/CSA/PSE/SEMKO/UL/VDE Electric Indicator, Fast Blow, 0.5A, 250VAC, 1500A (IR), Inline/holder. Rated Current: 0.5A. Voltage: 250.0V. Material: CERAMIC. Physical Size: 5.2mm x 20.0mm."
A276,"Indicator Red Fast Movement 0.63A 250V Holder Plastic 5 X 20mm Ceramic Bulk CCC/CE/CSA/SEMKO/UL/VDE Electric Indicator, Fast Blow, 0.63A, 250VAC, 1500A (IR), Inline/holder, 5x20mm",FAST,SUPPLEMENTARY PROTECTION,FAST,CERAMIC,5 X 20mm,Low,HOLDER,INLINE/HOLDER,55.0,-55.0,5.2,20.0,1500.0,0.63,250.0,250.0,0.0,"Industrial Part: Indicator Red Fast Movement 0.63A 250V Holder Plastic 5 X 20mm Ceramic Bulk CCC/CE/CSA/SEMKO/UL/VDE Electric Indicator, Fast Blow, 0.63A, 250VAC, 1500A (IR), Inline/holder, 5x20mm. Rated Current: 0.63A. Voltage: 250.0V. Material: CERAMIC. Physical Size: 5.2mm x 20.0mm."
A277,"Indicator Red Fast Movement 0.63A 250V Holder Plastic Melf 5 X 20mm Ceramic CCC/CE/CSA/PSE/SEMKO/UL/VDE Electric Indicator, Fast Blow, 0.63A, 250VAC, 1500A (IR), Inline/holder",FAST,MOTOR CIRCUIT,FAST,CERAMIC,5 X 20mm,High,HOLDER,INLINE/HOLDER,55.0,-55.0,5.2,20.0,1500.0,0.63,250.0,250.0,0.0,"Industrial Part: Indicator Red Fast Movement 0.63A 250V Holder Plastic Melf 5 X 20mm Ceramic CCC/CE/CSA/PSE/SEMKO/UL/VDE Electric Indicator, Fast Blow, 0.63A, 250VAC, 1500A (IR), Inline/holder. Rated Current: 0.63A. Voltage: 250.0V. Material: CERAMIC. Physical Size: 5.2mm x 20.0mm."
A278,"Indicator Red Fast Movement 0.8A 250V Holder Plastic Melf 5 X 20mm Ceramic CCC/CE/CSA/PSE/SEMKO/UL/VDE Electric Indicator, Fast Blow, 0.8A, 250VAC, 1500A (IR), Inline/holder",FAST,MOTOR CIRCUIT,FAST,CERAMIC,5 X 20mm,High,HOLDER,INLINE/HOLDER,55.0,-55.0,5.2,20.0,1500.0,0.8,250.0,250.0,0.0,"Industrial Part: Indicator Red Fast Movement 0.8A 250V Holder Plastic Melf 5 X 20mm Ceramic CCC/CE/CSA/PSE/SEMKO/UL/VDE Electric Indicator, Fast Blow, 0.8A, 250VAC, 1500A (IR), Inline/holder. Rated Current: 0.8A. Voltage: 250.0V. Material: CERAMIC. Physical Size: 5.2mm x 20.0mm."
A279,,FAST,MOTOR CIRCUIT,UNKNOWN,GLASS,5 X 20mm,UNKNOWN,HOLDER,NOT SPECIFIED,55.0,-55.0,5.2,20.0,50.0,3.0,250.0,250.0,0.0,Industrial Part: nan. Rated Current: 3.0A. Voltage: 250.0V. Material: GLASS. Physical Size: 5.2mm x 20.0mm.
A280,,FAST,MOTOR CIRCUIT,UNKNOWN,GLASS,5 X 20mm,UNKNOWN,HOLDER,NOT SPECIFIED,55.0,-55.0,5.2,20.0,50.0,4.0,250.0,250.0,0.0,Industrial Part: nan. Rated Current: 4.0A. Voltage: 250.0V. Material: GLASS. Physical Size: 5.2mm x 20.0mm.
A281,,FAST,MOTOR CIRCUIT,UNKNOWN,GLASS,5 X 20mm,UNKNOWN,HOLDER,NOT SPECIFIED,55.0,-55.0,5.2,20.0,50.0,5.0,250.0,250.0,0.0,Industrial Part: nan. Rated Current: 5.0A. Voltage: 250.0V. Material: GLASS. Physical Size: 5.2mm x 20.0mm.
A282,,FAST,MOTOR CIRCUIT,UNKNOWN,GLASS,5 X 20mm,UNKNOWN,HOLDER,NOT SPECIFIED,55.0,-55.0,5.2,20.0,50.0,8.0,250.0,250.0,0.0,Industrial Part: nan. Rated Current: 8.0A. Voltage: 250.0V. Material: GLASS. Physical Size: 5.2mm x 20.0mm.
A283,,FAST,MOTOR CIRCUIT,UNKNOWN,GLASS,5 X 20mm,UNKNOWN,HOLDER,NOT SPECIFIED,55.0,-55.0,5.2,20.0,50.0,10.0,250.0,250.0,0.0,Industrial Part: nan. Rated Current: 10.0A. Voltage: 250.0V. Material: GLASS. Physical Size: 5.2mm x 20.0mm.
A284,,FAST,MOTOR CIRCUIT,UNKNOWN,GLASS,5 X 20mm,UNKNOWN,HOLDER,NOT SPECIFIED,55.0,-55.0,5.2,20.0,50.0,1.5,250.0,250.0,0.0,Industrial Part: nan. Rated Current: 1.5A. Voltage: 250.0V. Material: GLASS. Physical Size: 5.2mm x 20.0mm.
A285,,FAST,SUPPLEMENTARY PROTECTION,UNKNOWN,GLASS,5 X 20mm,UNKNOWN,HOLDER,NOT SPECIFIED,55.0,-55.0,5.2,20.0,50.0,1.6,250.0,250.0,0.0,Industrial Part: nan. Rated Current: 1.6A. Voltage: 250.0V. Material: GLASS. Physical Size: 5.2mm x 20.0mm.
A286,"Indicator Red Fast Movement 0.2A 250V Holder Plastic 5 X 20mm Glass Bulk CCC/CE/CSA/KC/SEMKO/UL/VDE Electric Indicator, Fast Blow, 0.2A, 250VAC, 250VDC, 35A (IR), Inline/holder, 5x20mm",FAST,SUPPLEMENTARY PROTECTION,FAST,GLASS,5 X 20mm,Low,HOLDER,INLINE/HOLDER,55.0,-55.0,5.2,20.0,35.0,0.2,250.0,250.0,0.2,"Industrial Part: Indicator Red Fast Movement 0.2A 250V Holder Plastic 5 X 20mm Glass Bulk CCC/CE/CSA/KC/SEMKO/UL/VDE Electric Indicator, Fast Blow, 0.2A, 250VAC, 250VDC, 35A (IR), Inline/holder, 5x20mm. Rated Current: 0.2A. Voltage: 250.0V. Material: GLASS. Physical Size: 5.2mm x 20.0mm."
A287,"Indicator Red Fast Movement 0.25A 250V Holder Plastic 5 X 20mm Glass Bulk CCC/CE/CSA/KC/SEMKO/UL/VDE Electric Indicator, Fast Blow, 0.25A, 250VAC, 250VDC, 35A (IR), Inline/holder, 5x20mm",FAST,SUPPLEMENTARY PROTECTION,FAST,GLASS,5x20mm,Low,HOLDER,INLINE/HOLDER,55.0,-55.0,5.2,20.0,35.0,0.25,250.0,250.0,0.25,"Industrial Part: Indicator Red Fast Movement 0.25A 250V Holder Plastic 5 X 20mm Glass Bulk CCC/CE/CSA/KC/SEMKO/UL/VDE Electric Indicator, Fast Blow, 0.25A, 250VAC, 250VDC, 35A (IR), Inline/holder, 5x20mm. Rated Current: 0.25A. Voltage: 250.0V. Material: GLASS. Physical Size: 5.2mm x 20.0mm."
A288,"Indicator Red Fast Movement 0.5A 250V Holder Plastic 5 X 20mm Glass Bulk BSI/CCC/CE/CSA/KC/SEMKO/UL/VDE Electric Indicator, Fast Blow, 0.5A, 250VAC, 250VDC, 35A (IR), Inline/holder, 5x20mm",FAST,SUPPLEMENTARY PROTECTION,FAST,GLASS,5x20mm,Low,HOLDER,INLINE/HOLDER,55.0,-55.0,5.2,20.0,35.0,0.5,250.0,250.0,0.5,"Industrial Part: Indicator Red Fast Movement 0.5A 250V Holder Plastic 5 X 20mm Glass Bulk BSI/CCC/CE/CSA/KC/SEMKO/UL/VDE Electric Indicator, Fast Blow, 0.5A, 250VAC, 250VDC, 35A (IR), Inline/holder, 5x20mm. Rated Current: 0.5A. Voltage: 250.0V. Material: GLASS. Physical Size: 5.2mm x 20.0mm."
A289,,FAST,SUPPLEMENTARY PROTECTION,UNKNOWN,GLASS,5 X 20mm,UNKNOWN,HOLDER,NOT SPECIFIED,55.0,-55.0,5.2,20.0,50.0,0.5,250.0,250.0,0.0,Industrial Part: nan. Rated Current: 0.5A. Voltage: 250.0V. Material: GLASS. Physical Size: 5.2mm x 20.0mm.
A290,,FAST,MOTOR CIRCUIT,UNKNOWN,GLASS,5 X 20mm,UNKNOWN,HOLDER,NOT SPECIFIED,55.0,-55.0,5.2,20.0,50.0,0.6,250.0,250.0,0.0,Industrial Part: nan. Rated Current: 0.6A. Voltage: 250.0V. Material: GLASS. Physical Size: 5.2mm x 20.0mm.
A291,Indicator Red Fast Movement 0.8A 250V Holder Plastic 5 X 20mm Glass Bulk CCC/CE/CSA/KC/SEMKO/UL/VDE ELECTRIC Indicator,FAST,SUPPLEMENTARY PROTECTION,UNKNOWN,GLASS,5 X 20mm,Low,HOLDER,NOT SPECIFIED,55.0,-55.0,5.2,20.0,50.0,0.8,250.0,250.0,0.0,Industrial Part: Indicator Red Fast Movement 0.8A 250V Holder Plastic 5 X 20mm Glass Bulk CCC/CE/CSA/KC/SEMKO/UL/VDE ELECTRIC Indicator. Rated Current: 0.8A. Voltage: 250.0V. Material: GLASS. Physical Size: 5.2mm x 20.0mm.
A292,"Indicator Red Fast Movement 0.8A 250V Holder Plastic 5 X 20mm Glass Bulk CCC/CE/CSA/KC/SEMKO/UL/VDE Electric Indicator, Fast Blow, 0.8A, 250VAC, 250VDC, 35A (IR), Inline/holder, 5x20mm",FAST,SUPPLEMENTARY PROTECTION,FAST,GLASS,5x20mm,Low,HOLDER,INLINE/HOLDER,55.0,-55.0,5.2,20.0,35.0,0.8,250.0,250.0,0.8,"Industrial Part: Indicator Red Fast Movement 0.8A 250V Holder Plastic 5 X 20mm Glass Bulk CCC/CE/CSA/KC/SEMKO/UL/VDE Electric Indicator, Fast Blow, 0.8A, 250VAC, 250VDC, 35A (IR), Inline/holder, 5x20mm. Rated Current: 0.8A. Voltage: 250.0V. Material: GLASS. Physical Size: 5.2mm x 20.0mm."
A293,"Indicator Red Slow Blow Movement 1A 250V Holder Plastic 5 X 20mm Glass Bulk CCC/CE/CSA/KC/PSE/SEMKO/UL/VDE Electric Indicator, Time Lag Blow, 1A, 250VAC, 35A (IR), Supplemental, Inline/holder, 5x20mm",SLOW,SUPPLEMENTARY PROTECTION,SLOW,GLASS,5x20mm,Low,HOLDER,INLINE/HOLDER,55.0,-55.0,5.2,20.0,35.0,1.0,250.0,250.0,0.0,"Industrial Part: Indicator Red Slow Blow Movement 1A 250V Holder Plastic 5 X 20mm Glass Bulk CCC/CE/CSA/KC/PSE/SEMKO/UL/VDE Electric Indicator, Time Lag Blow, 1A, 250VAC, 35A (IR), Supplemental, Inline/holder, 5x20mm. Rated Current: 1.0A. Voltage: 250.0V. Material: GLASS. Physical Size: 5.2mm x 20.0mm."
A294,"Indicator Red Slow Blow Movement 1A 250V Holder Axial Melf 5 X 20mm Glass T/R Automotive CCC/CE/CSA/KC/PSE/SEMKO/UL/VDE Electric Indicator, Time Lag Blow, 1A, 35A (IR), Supplemental, 5x20mm",SLOW,SUPPLEMENTARY PROTECTION,SLOW,GLASS,5x20mm,Low,HOLDER,NOT SPECIFIED,55.0,-55.0,5.2,20.0,35.0,1.0,250.0,250.0,0.0,"Industrial Part: Indicator Red Slow Blow Movement 1A 250V Holder Axial Melf 5 X 20mm Glass T/R Automotive CCC/CE/CSA/KC/PSE/SEMKO/UL/VDE Electric Indicator, Time Lag Blow, 1A, 35A (IR), Supplemental, 5x20mm. Rated Current: 1.0A. Voltage: 250.0V. Material: GLASS. Physical Size: 5.2mm x 20.0mm."
A295,"Indicator Red Slow Blow Movement 2A 250V Holder Plastic 5 X 20mm Glass Bulk CCC/CE/CSA/KC/PSE/SEMKO/UL/VDE Electric Indicator, Time Lag Blow, 2A, 250VAC, 35A (IR), Supplemental, Inline/holder, 5x20mm",SLOW,SUPPLEMENTARY PROTECTION,SLOW,GLASS,5x20mm,Low,HOLDER,INLINE/HOLDER,55.0,-55.0,5.2,20.0,35.0,2.0,250.0,250.0,0.0,"Industrial Part: Indicator Red Slow Blow Movement 2A 250V Holder Plastic 5 X 20mm Glass Bulk CCC/CE/CSA/KC/PSE/SEMKO/UL/VDE Electric Indicator, Time Lag Blow, 2A, 250VAC, 35A (IR), Supplemental, Inline/holder, 5x20mm. Rated Current: 2.0A. Voltage: 250.0V. Material: GLASS. Physical Size: 5.2mm x 20.0mm."
A296,"Indicator Red Slow Blow Movement 2A 250V Holder Axial Melf 5 X 20mm Glass T/R Automotive CCC/CE/CSA/KC/PSE/SEMKO/UL/VDE Electric Indicator, Time Lag Blow, 2A, 35A (IR), Supplemental, 5x20mm",SLOW,SUPPLEMENTARY PROTECTION,SLOW,GLASS,5x20mm,Low,HOLDER,NOT SPECIFIED,55.0,-55.0,4.7,20.0,35.0,2.0,250.0,250.0,0.0,"Industrial Part: Indicator Red Slow Blow Movement 2A 250V Holder Axial Melf 5 X 20mm Glass T/R Automotive CCC/CE/CSA/KC/PSE/SEMKO/UL/VDE Electric Indicator, Time Lag Blow, 2A, 35A (IR), Supplemental, 5x20mm. Rated Current: 2.0A. Voltage: 250.0V. Material: GLASS. Physical Size: 4.7mm x 20.0mm."
A297,"Indicator Red Slow Blow Movement 4A 250V Holder Plastic 5 X 20mm Glass Bulk CCC/CE/CSA/KC/PSE/SEMKO/UL/VDE Electric Indicator, Time Lag Blow, 4A, 250VAC, 40A (IR), Supplemental, Inline/holder, 5x20mm",SLOW,SUPPLEMENTARY PROTECTION,SLOW,GLASS,5 X 20mm,Low,HOLDER,INLINE/HOLDER,55.0,-55.0,5.2,20.0,40.0,4.0,250.0,250.0,0.0,"Industrial Part: Indicator Red Slow Blow Movement 4A 250V Holder Plastic 5 X 20mm Glass Bulk CCC/CE/CSA/KC/PSE/SEMKO/UL/VDE Electric Indicator, Time Lag Blow, 4A, 250VAC, 40A (IR), Supplemental, Inline/holder, 5x20mm. Rated Current: 4.0A. Voltage: 250.0V. Material: GLASS. Physical Size: 5.2mm x 20.0mm."
A298,"Indicator Red Slow Blow Movement 4A 250V Holder Axial Melf 5 X 20mm Glass T/R Automotive CCC/CE/CSA/KC/PSE/SEMKO/UL/VDE Electric Indicator, Time Lag Blow, 4A, 40A (IR), Supplemental, 5x20mm",SLOW,SUPPLEMENTARY PROTECTION,SLOW,GLASS,5 X 20mm,Low,HOLDER,NOT SPECIFIED,55.0,-55.0,4.7,20.0,40.0,4.0,250.0,250.0,0.0,"Industrial Part: Indicator Red Slow Blow Movement 4A 250V Holder Axial Melf 5 X 20mm Glass T/R Automotive CCC/CE/CSA/KC/PSE/SEMKO/UL/VDE Electric Indicator, Time Lag Blow, 4A, 40A (IR), Supplemental, 5x20mm. Rated Current: 4.0A. Voltage: 250.0V. Material: GLASS. Physical Size: 4.7mm x 20.0mm."
A299,"Indicator Red Slow Blow Movement 5A 250V Holder Plastic 5 X 20mm Glass Bulk CCC/CE/CSA/KC/PSE/SEMKO/UL/VDE Electric Indicator, Time Lag Blow, 5A, 250VAC, 50A (IR), Supplemental, Inline/holder, 5x20mm",SLOW,SUPPLEMENTARY PROTECTION,SLOW,GLASS,5x20mm,Low,HOLDER,INLINE/HOLDER,55.0,-55.0,5.2,20.0,50.0,5.0,250.0,250.0,0.0,"Industrial Part: Indicator Red Slow Blow Movement 5A 250V Holder Plastic 5 X 20mm Glass Bulk CCC/CE/CSA/KC/PSE/SEMKO/UL/VDE Electric Indicator, Time Lag Blow, 5A, 250VAC, 50A (IR), Supplemental, Inline/holder, 5x20mm. Rated Current: 5.0A. Voltage: 250.0V. Material: GLASS. Physical Size: 5.2mm x 20.0mm."
A300,,SLOW,SUPPLEMENTARY PROTECTION,UNKNOWN,GLASS,5 X 20mm,UNKNOWN,HOLDER,NOT SPECIFIED,55.0,-55.0,4.7,20.0,50.0,5.0,250.0,250.0,0.0,Industrial Part: nan. Rated Current: 5.0A. Voltage: 250.0V. Material: GLASS. Physical Size: 4.7mm x 20.0mm.
A301,"Indicator Red Slow Blow Movement 8A 250V Holder Plastic 5 X 20mm Glass Bulk CE/CSA/KC/PSE/UL/VDE Electric Indicator, Time Lag Blow, 8A, 250VAC, 80A (IR), Supplemental, Inline/holder, 5x20mm",SLOW,SUPPLEMENTARY PROTECTION,SLOW,GLASS,5x20mm,Low,HOLDER,INLINE/HOLDER,55.0,-55.0,5.2,20.0,80.0,8.0,250.0,250.0,0.0,"Industrial Part: Indicator Red Slow Blow Movement 8A 250V Holder Plastic 5 X 20mm Glass Bulk CE/CSA/KC/PSE/UL/VDE Electric Indicator, Time Lag Blow, 8A, 250VAC, 80A (IR), Supplemental, Inline/holder, 5x20mm. Rated Current: 8.0A. Voltage: 250.0V. Material: GLASS. Physical Size: 5.2mm x 20.0mm."
A302,"Indicator Red Slow Blow Movement 8A 250V Holder Axial Melf 5 X 20mm Glass T/R Automotive CE/CSA/KC/PSE/UL/VDE Electric Indicator, Time Lag Blow, 8A, 80A (IR), Supplemental, 5x20mm",SLOW,SUPPLEMENTARY PROTECTION,SLOW,GLASS,5 X 20mm,Low,HOLDER,NOT SPECIFIED,55.0,-55.0,4.7,20.0,80.0,8.0,250.0,250.0,0.0,"Industrial Part: Indicator Red Slow Blow Movement 8A 250V Holder Axial Melf 5 X 20mm Glass T/R Automotive CE/CSA/KC/PSE/UL/VDE Electric Indicator, Time Lag Blow, 8A, 80A (IR), Supplemental, 5x20mm. Rated Current: 8.0A. Voltage: 250.0V. Material: GLASS. Physical Size: 4.7mm x 20.0mm."
A303,"Indicator Red Slow Blow Movement 10A 250V Holder Plastic 5 X 20mm Glass Bulk CE/CSA/KC/PSE/UL/VDE Electric Indicator, Time Lag Blow, 10A, 250VAC, 100A (IR), Supplemental, Inline/holder, 5x20mm",SLOW,SUPPLEMENTARY PROTECTION,SLOW,GLASS,5x20mm,Low,HOLDER,INLINE/HOLDER,55.0,-55.0,5.2,20.0,100.0,10.0,250.0,250.0,0.0,"Industrial Part: Indicator Red Slow Blow Movement 10A 250V Holder Plastic 5 X 20mm Glass Bulk CE/CSA/KC/PSE/UL/VDE Electric Indicator, Time Lag Blow, 10A, 250VAC, 100A (IR), Supplemental, Inline/holder, 5x20mm. Rated Current: 10.0A. Voltage: 250.0V. Material: GLASS. Physical Size: 5.2mm x 20.0mm."
A304,"Indicator Red Slow Blow Movement 10A 250V Holder Axial Melf 5 X 20mm Glass T/R Automotive CE/CSA/KC/PSE/UL/VDE Electric Indicator, Time Lag Blow, 10A, 100A (IR), Supplemental, 5x20mm",SLOW,SUPPLEMENTARY PROTECTION,SLOW,GLASS,5 X 20mm,Low,HOLDER,NOT SPECIFIED,55.0,-55.0,4.7,20.0,100.0,10.0,250.0,250.0,0.0,"Industrial Part: Indicator Red Slow Blow Movement 10A 250V Holder Axial Melf 5 X 20mm Glass T/R Automotive CE/CSA/KC/PSE/UL/VDE Electric Indicator, Time Lag Blow, 10A, 100A (IR), Supplemental, 5x20mm. Rated Current: 10.0A. Voltage: 250.0V. Material: GLASS. Physical Size: 4.7mm x 20.0mm."
A305,,SLOW,MOTOR CIRCUIT,UNKNOWN,GLASS,5 X 20mm,UNKNOWN,HOLDER,NOT SPECIFIED,55.0,-55.0,4.7,20.0,50.0,15.0,250.0,250.0,0.0,Industrial Part: nan. Rated Current: 15.0A. Voltage: 250.0V. Material: GLASS. Physical Size: 4.7mm x 20.0mm.
A306,"Indicator Red Slow Blow Movement 1.6A 250V Holder Plastic 5 X 20mm Glass Bulk CCC/CE/CSA/KC/PSE/SEMKO/UL/VDE Electric Indicator, Time Lag Blow, 1.6A, 250VAC, 35A (IR), Supplemental, Inline/holder, 5x20mm",SLOW,SUPPLEMENTARY PROTECTION,SLOW,GLASS,5x20mm,Low,HOLDER,INLINE/HOLDER,55.0,-55.0,5.2,20.0,35.0,1.6,250.0,250.0,0.0,"Industrial Part: Indicator Red Slow Blow Movement 1.6A 250V Holder Plastic 5 X 20mm Glass Bulk CCC/CE/CSA/KC/PSE/SEMKO/UL/VDE Electric Indicator, Time Lag Blow, 1.6A, 250VAC, 35A (IR), Supplemental, Inline/holder, 5x20mm. Rated Current: 1.6A. Voltage: 250.0V. Material: GLASS. Physical Size: 5.2mm x 20.0mm."
A307,"Indicator Red Slow Blow Movement 1.6A 250V Holder Axial Melf 5 X 20mm Glass T/R Automotive CCC/CE/CSA/KC/PSE/SEMKO/UL/VDE Electric Indicator, Time Lag Blow, 1.6A, 35A (IR), Supplemental, 5x20mm",SLOW,SUPPLEMENTARY PROTECTION,SLOW,GLASS,5 X 20mm,Low,HOLDER,NOT SPECIFIED,55.0,-55.0,4.7,20.0,35.0,1.6,250.0,250.0,0.0,"Industrial Part: Indicator Red Slow Blow Movement 1.6A 250V Holder Axial Melf 5 X 20mm Glass T/R Automotive CCC/CE/CSA/KC/PSE/SEMKO/UL/VDE Electric Indicator, Time Lag Blow, 1.6A, 35A (IR), Supplemental, 5x20mm. Rated Current: 1.6A. Voltage: 250.0V. Material: GLASS. Physical Size: 4.7mm x 20.0mm."
A308,"Indicator Red Slow Blow Movement 2.5A 250V Holder Plastic 5 X 20mm Glass Bulk CCC/CE/CSA/KC/PSE/SEMKO/UL/VDE Electric Indicator, Time Lag Blow, 2.5A, 250VAC, 35A (IR), Inline/holder",SLOW,SUPPLEMENTARY PROTECTION,SLOW,GLASS,5 X 20mm,Low,HOLDER,INLINE/HOLDER,55.0,-55.0,5.2,20.0,35.0,2.5,250.0,250.0,0.0,"Industrial Part: Indicator Red Slow Blow Movement 2.5A 250V Holder Plastic 5 X 20mm Glass Bulk CCC/CE/CSA/KC/PSE/SEMKO/UL/VDE Electric Indicator, Time Lag Blow, 2.5A, 250VAC, 35A (IR), Inline/holder. Rated Current: 2.5A. Voltage: 250.0V. Material: GLASS. Physical Size: 5.2mm x 20.0mm."
A309,"Indicator Red Slow Blow Movement 2.5A 250V Holder Axial Melf 5 X 20mm Glass T/R Automotive CCC/CE/CSA/KC/PSE/SEMKO/UL/VDE Electric Indicator, Time Lag Blow, 2.5A, 35A (IR), Supplemental, 5x20mm",SLOW,SUPPLEMENTARY PROTECTION,SLOW,GLASS,5 X 20mm,Low,HOLDER,NOT SPECIFIED,55.0,-55.0,4.7,20.0,35.0,2.5,250.0,250.0,0.0,"Industrial Part: Indicator Red Slow Blow Movement 2.5A 250V Holder Axial Melf 5 X 20mm Glass T/R Automotive CCC/CE/CSA/KC/PSE/SEMKO/UL/VDE Electric Indicator, Time Lag Blow, 2.5A, 35A (IR), Supplemental, 5x20mm. Rated Current: 2.5A. Voltage: 250.0V. Material: GLASS. Physical Size: 4.7mm x 20.0mm."
A310,,SLOW,MOTOR CIRCUIT,UNKNOWN,GLASS,5 X 20mm,UNKNOWN,HOLDER,NOT SPECIFIED,55.0,-55.0,4.7,20.0,50.0,0.032,250.0,250.0,0.0,Industrial Part: nan. Rated Current: 0.032A. Voltage: 250.0V. Material: GLASS. Physical Size: 4.7mm x 20.0mm.
A311,,SLOW,MOTOR CIRCUIT,UNKNOWN,GLASS,5 X 20mm,UNKNOWN,HOLDER,NOT SPECIFIED,55.0,-55.0,4.7,20.0,50.0,0.04,250.0,250.0,0.0,Industrial Part: nan. Rated Current: 0.04A. Voltage: 250.0V. Material: GLASS. Physical Size: 4.7mm x 20.0mm.
A312,"Indicator Red Slow Blow Movement 0.05A 250V Holder Axial Melf 5 X 20mm Glass Bulk CCC/CE/CSA/KC/SEMKO/UL/VDE Electric Indicator, Time Lag Blow, 0.05A, 35A (IR), Supplemental, 5x20mm",SLOW,MOTOR CIRCUIT,SLOW,GLASS,5x20mm,Low,HOLDER,NOT SPECIFIED,55.0,-55.0,5.2,20.0,35.0,0.05,250.0,250.0,0.0,"Industrial Part: Indicator Red Slow Blow Movement 0.05A 250V Holder Axial Melf 5 X 20mm Glass Bulk CCC/CE/CSA/KC/SEMKO/UL/VDE Electric Indicator, Time Lag Blow, 0.05A, 35A (IR), Supplemental, 5x20mm. Rated Current: 0.05A. Voltage: 250.0V. Material: GLASS. Physical Size: 5.2mm x 20.0mm."
A313,"Indicator Red Slow Blow Movement 6.3A 250V Holder Plastic 5 X 20mm Glass Bulk CCC/CE/CSA/KC/PSE/SEMKO/UL/VDE Electric Indicator, Time Lag Blow, 6.3A, 250VAC, 63A (IR), Supplemental, Inline/holder, 5x20mm",SLOW,SUPPLEMENTARY PROTECTION,SLOW,GLASS,5x20mm,Low,HOLDER,INLINE/HOLDER,55.0,-55.0,5.2,20.0,63.0,6.3,250.0,250.0,0.0,"Industrial Part: Indicator Red Slow Blow Movement 6.3A 250V Holder Plastic 5 X 20mm Glass Bulk CCC/CE/CSA/KC/PSE/SEMKO/UL/VDE Electric Indicator, Time Lag Blow, 6.3A, 250VAC, 63A (IR), Supplemental, Inline/holder, 5x20mm. Rated Current: 6.3A. Voltage: 250.0V. Material: GLASS. Physical Size: 5.2mm x 20.0mm."
A314,"Indicator Red Slow Blow Movement 6.3A 250V Holder Axial Melf 5 X 20mm Glass T/R Automotive CCC/CE/CSA/KC/PSE/SEMKO/UL/VDE Electric Indicator, Time Lag Blow, 6.3A, 63A (IR), Supplemental, 5x20mm",SLOW,SUPPLEMENTARY PROTECTION,SLOW,GLASS,5 X 20mm,Low,HOLDER,NOT SPECIFIED,55.0,-55.0,4.7,20.0,63.0,6.3,250.0,250.0,0.0,"Industrial Part: Indicator Red Slow Blow Movement 6.3A 250V Holder Axial Melf 5 X 20mm Glass T/R Automotive CCC/CE/CSA/KC/PSE/SEMKO/UL/VDE Electric Indicator, Time Lag Blow, 6.3A, 63A (IR), Supplemental, 5x20mm. Rated Current: 6.3A. Voltage: 250.0V. Material: GLASS. Physical Size: 4.7mm x 20.0mm."
A315,,SLOW,SUPPLEMENTARY PROTECTION,UNKNOWN,GLASS,5 X 20mm,UNKNOWN,HOLDER,NOT SPECIFIED,55.0,-55.0,4.7,20.0,50.0,0.08,250.0,250.0,0.0,Industrial Part: nan. Rated Current: 0.08A. Voltage: 250.0V. Material: GLASS. Physical Size: 4.7mm x 20.0mm.
A316,"Indicator Red Slow Blow Movement 0.1A 250V Holder Axial Melf 5 X 20mm Glass T/R CCC/CE/CSA/KC/SEMKO/UL/VDE Electric Indicator, Time Lag Blow, 0.1A, 35A (IR), Supplemental, 5x20mm",SLOW,SUPPLEMENTARY PROTECTION,SLOW,GLASS,5 X 20mm,Low,HOLDER,NOT SPECIFIED,55.0,-55.0,5.2,20.0,35.0,0.1,250.0,250.0,0.0,"Industrial Part: Indicator Red Slow Blow Movement 0.1A 250V Holder Axial Melf 5 X 20mm Glass T/R CCC/CE/CSA/KC/SEMKO/UL/VDE Electric Indicator, Time Lag Blow, 0.1A, 35A (IR), Supplemental, 5x20mm. Rated Current: 0.1A. Voltage: 250.0V. Material: GLASS. Physical Size: 5.2mm x 20.0mm."
A317,"Indicator Red Slow Blow Movement 0.125A 250V Holder Plastic 5 X 20mm Glass Bulk CCC/CE/CSA/KC/SEMKO/UL/VDE Electric Indicator, Time Lag Blow, 0.125A, 250VAC, 35A (IR), Supplemental, Inline/holder, 5x20mm",SLOW,SUPPLEMENTARY PROTECTION,SLOW,GLASS,5 X 20mm,Low,HOLDER,INLINE/HOLDER,125.0,-55.0,5.2,20.0,35.0,0.125,250.0,250.0,0.0,"Industrial Part: Indicator Red Slow Blow Movement 0.125A 250V Holder Plastic 5 X 20mm Glass Bulk CCC/CE/CSA/KC/SEMKO/UL/VDE Electric Indicator, Time Lag Blow, 0.125A, 250VAC, 35A (IR), Supplemental, Inline/holder, 5x20mm. Rated Current: 0.125A. Voltage: 250.0V. Material: GLASS. Physical Size: 5.2mm x 20.0mm."
A318,"Indicator Red Slow Blow Movement 0.125A 250V Holder Plastic 5 X 20mm Glass Bulk CCC/CE/CSA/KC/SEMKO/UL/VDE Electric Indicator, Time Lag Blow, 0.125A, 250VAC, 35A (IR), Supplemental, Inline/holder, 5x20mm",SLOW,SUPPLEMENTARY PROTECTION,SLOW,GLASS,5x20mm,Low,HOLDER,INLINE/HOLDER,125.0,-55.0,5.2,20.0,35.0,0.125,250.0,250.0,0.0,"Industrial Part: Indicator Red Slow Blow Movement 0.125A 250V Holder Plastic 5 X 20mm Glass Bulk CCC/CE/CSA/KC/SEMKO/UL/VDE Electric Indicator, Time Lag Blow, 0.125A, 250VAC, 35A (IR), Supplemental, Inline/holder, 5x20mm. Rated Current: 0.125A. Voltage: 250.0V. Material: GLASS. Physical Size: 5.2mm x 20.0mm."
A319,"Indicator Red Slow Blow Movement 0.125A 250V Holder Axial Melf 5 X 20mm Glass T/R CCC/CE/CSA/KC/SEMKO/UL/VDE Electric Indicator, Time Lag Blow, 0.125A, 35A (IR), Supplemental, 5x20mm",SLOW,SUPPLEMENTARY PROTECTION,SLOW,GLASS,5 X 20mm,Low,HOLDER,NOT SPECIFIED,125.0,-55.0,4.7,20.0,0.125,1.25,250.0,250.0,0.0,"Industrial Part: Indicator Red Slow Blow Movement 0.125A 250V Holder Axial Melf 5 X 20mm Glass T/R CCC/CE/CSA/KC/SEMKO/UL/VDE Electric Indicator, Time Lag Blow, 0.125A, 35A (IR), Supplemental, 5x20mm. Rated Current: 1.25A. Voltage: 250.0V. Material: GLASS. Physical Size: 4.7mm x 20.0mm."
A320,"Indicator Red Slow Blow Movement 0.2A 250V Holder Axial Melf 5 X 20mm Glass Bulk CCC/CE/CSA/KC/SEMKO/UL/VDE Electric Indicator, Time Lag Blow, 0.2A, 35A (IR), Supplemental, 5x20mm",SLOW,SUPPLEMENTARY PROTECTION,SLOW,GLASS,5x20mm,Low,HOLDER,NOT SPECIFIED,55.0,-55.0,5.2,20.0,35.0,0.2,250.0,250.0,0.0,"Industrial Part: Indicator Red Slow Blow Movement 0.2A 250V Holder Axial Melf 5 X 20mm Glass Bulk CCC/CE/CSA/KC/SEMKO/UL/VDE Electric Indicator, Time Lag Blow, 0.2A, 35A (IR), Supplemental, 5x20mm. Rated Current: 0.2A. Voltage: 250.0V. Material: GLASS. Physical Size: 5.2mm x 20.0mm."
A321,"Indicator Red Slow Blow Movement 0.25A 250V Holder Plastic 5 X 20mm Glass Bulk CCC/CE/CSA/KC/SEMKO/UL/VDE Electric Indicator, Time Lag Blow, 0.25A, 250VAC, 35A (IR), Supplemental, Inline/holder, 5x20mm",SLOW,SUPPLEMENTARY PROTECTION,SLOW,GLASS,5 X 20mm,Low,HOLDER,INLINE/HOLDER,55.0,-55.0,5.2,20.0,35.0,0.25,250.0,250.0,0.0,"Industrial Part: Indicator Red Slow Blow Movement 0.25A 250V Holder Plastic 5 X 20mm Glass Bulk CCC/CE/CSA/KC/SEMKO/UL/VDE Electric Indicator, Time Lag Blow, 0.25A, 250VAC, 35A (IR), Supplemental, Inline/holder, 5x20mm. Rated Current: 0.25A. Voltage: 250.0V. Material: GLASS. Physical Size: 5.2mm x 20.0mm."
A322,"Indicator Red Slow Blow Movement 0.25A 250V Holder Axial Melf 5 X 20mm Glass T/R CCC/CE/CSA/KC/SEMKO/UL/VDE Electric Indicator, Time Lag Blow, 0.25A, 35A (IR), Supplemental, 5x20mm",SLOW,SUPPLEMENTARY PROTECTION,SLOW,GLASS,5 X 20mm,Low,HOLDER,NOT SPECIFIED,55.0,-55.0,4.7,20.0,35.0,0.25,250.0,250.0,0.0,"Industrial Part: Indicator Red Slow Blow Movement 0.25A 250V Holder Axial Melf 5 X 20mm Glass T/R CCC/CE/CSA/KC/SEMKO/UL/VDE Electric Indicator, Time Lag Blow, 0.25A, 35A (IR), Supplemental, 5x20mm. Rated Current: 0.25A. Voltage: 250.0V. Material: GLASS. Physical Size: 4.7mm x 20.0mm."
A323,,SLOW,SUPPLEMENTARY PROTECTION,UNKNOWN,GLASS,5 X 20mm,UNKNOWN,HOLDER,NOT SPECIFIED,55.0,-55.0,5.2,20.0,50.0,0.25,250.0,250.0,0.0,Industrial Part: nan. Rated Current: 0.25A. Voltage: 250.0V. Material: GLASS. Physical Size: 5.2mm x 20.0mm.
A324,"Indicator Red Slow Blow Movement 3.15A 250V Holder Plastic 5 X 20mm Glass Bulk CCC/CE/CSA/KC/PSE/SEMKO/UL/VDE Electric Indicator, Time Lag Blow, 3.15A, 250VAC, 35A (IR), Supplemental, Inline/holder, 5x20mm",SLOW,SUPPLEMENTARY PROTECTION,SLOW,GLASS,5x20mm,Low,HOLDER,INLINE/HOLDER,55.0,-55.0,5.2,20.0,35.0,3.15,250.0,250.0,0.0,"Industrial Part: Indicator Red Slow Blow Movement 3.15A 250V Holder Plastic 5 X 20mm Glass Bulk CCC/CE/CSA/KC/PSE/SEMKO/UL/VDE Electric Indicator, Time Lag Blow, 3.15A, 250VAC, 35A (IR), Supplemental, Inline/holder, 5x20mm. Rated Current: 3.15A. Voltage: 250.0V. Material: GLASS. Physical Size: 5.2mm x 20.0mm."
A325,"Indicator Red Slow Blow Movement 3.15A 250V Holder Axial Melf 5 X 20mm Glass T/R Automotive CCC/CE/CSA/KC/PSE/SEMKO/UL/VDE Electric Indicator, Time Lag Blow, 0.315A, 35A (IR), Supplemental, 5x20mm",SLOW,SUPPLEMENTARY PROTECTION,SLOW,GLASS,5 X 20mm,Low,HOLDER,NOT SPECIFIED,55.0,-55.0,4.7,20.0,35.0,3.15,250.0,250.0,0.0,"Industrial Part: Indicator Red Slow Blow Movement 3.15A 250V Holder Axial Melf 5 X 20mm Glass T/R Automotive CCC/CE/CSA/KC/PSE/SEMKO/UL/VDE Electric Indicator, Time Lag Blow, 0.315A, 35A (IR), Supplemental, 5x20mm. Rated Current: 3.15A. Voltage: 250.0V. Material: GLASS. Physical Size: 4.7mm x 20.0mm."
A326,"Indicator Red Slow Blow Movement 0.4A 250V Axial 5 X 20mm Glass Bulk CCC/CE/CSA/SEMKO/UL/VDE Electric Indicator, Time Lag Blow, 0.4A, 250VAC, 35A (IR), Supplemental, Through Hole, 5x20mm",SLOW,SUPPLEMENTARY PROTECTION,SLOW,GLASS,5x20mm,Low,THROUGH HOLE,THROUGH HOLE,55.0,-55.0,5.8,22.5,35.0,0.4,250.0,250.0,0.0,"Industrial Part: Indicator Red Slow Blow Movement 0.4A 250V Axial 5 X 20mm Glass Bulk CCC/CE/CSA/SEMKO/UL/VDE Electric Indicator, Time Lag Blow, 0.4A, 250VAC, 35A (IR), Supplemental, Through Hole, 5x20mm. Rated Current: 0.4A. Voltage: 250.0V. Material: GLASS. Physical Size: 5.8mm x 22.5mm."
A327,"Indicator Red Slow Blow Movement 0.4A 250V Holder Plastic 5 X 20mm Glass Bulk CCC/CE/CSA/SEMKO/UL/VDE Electric Indicator, Time Lag Blow, 0.4A, 250VAC, 35A (IR), Supplemental, Inline/holder, 5x20mm",SLOW,SUPPLEMENTARY PROTECTION,SLOW,GLASS,5x20mm,Low,HOLDER,INLINE/HOLDER,55.0,-55.0,5.2,20.0,35.0,0.4,250.0,250.0,0.0,"Industrial Part: Indicator Red Slow Blow Movement 0.4A 250V Holder Plastic 5 X 20mm Glass Bulk CCC/CE/CSA/SEMKO/UL/VDE Electric Indicator, Time Lag Blow, 0.4A, 250VAC, 35A (IR), Supplemental, Inline/holder, 5x20mm. Rated Current: 0.4A. Voltage: 250.0V. Material: GLASS. Physical Size: 5.2mm x 20.0mm."
A328,"Indicator Red Slow Blow Movement 0.4A 250V Holder Axial Melf 5 X 20mm Glass T/R CCC/CE/CSA/PSE/SEMKO/UL/VDE Electric Indicator, Time Lag Blow, 0.4A, 35A (IR), Supplemental, 5x20mm",SLOW,SUPPLEMENTARY PROTECTION,SLOW,GLASS,5 X 20mm,Low,HOLDER,NOT SPECIFIED,55.0,-55.0,4.7,20.0,35.0,0.4,250.0,250.0,0.0,"Industrial Part: Indicator Red Slow Blow Movement 0.4A 250V Holder Axial Melf 5 X 20mm Glass T/R CCC/CE/CSA/PSE/SEMKO/UL/VDE Electric Indicator, Time Lag Blow, 0.4A, 35A (IR), Supplemental, 5x20mm. Rated Current: 0.4A. Voltage: 250.0V. Material: GLASS. Physical Size: 4.7mm x 20.0mm."
A329,"Indicator Red Slow Blow Movement 0.5A 250V Holder Axial Melf 5 X 20mm Glass T/R Automotive CCC/CE/CSA/KC/SEMKO/UL/VDE Electric Indicator, Time Lag Blow, 0.5A, 35A (IR), Supplemental, 5x20mm",SLOW,SUPPLEMENTARY PROTECTION,SLOW,GLASS,5 X 20mm,Low,HOLDER,NOT SPECIFIED,55.0,-55.0,4.7,20.0,35.0,0.5,250.0,250.0,0.0,"Industrial Part: Indicator Red Slow Blow Movement 0.5A 250V Holder Axial Melf 5 X 20mm Glass T/R Automotive CCC/CE/CSA/KC/SEMKO/UL/VDE Electric Indicator, Time Lag Blow, 0.5A, 35A (IR), Supplemental, 5x20mm. Rated Current: 0.5A. Voltage: 250.0V. Material: GLASS. Physical Size: 4.7mm x 20.0mm."
A330,"Indicator Red Slow Blow Movement 0.63A 250V Holder Axial Melf 5 X 20mm Glass T/R Automotive CCC/CE/CSA/KC/SEMKO/UL/VDE Electric Indicator, Time Lag Blow, 0.63A, 35A (IR), Supplemental, 5x20mm",SLOW,SUPPLEMENTARY PROTECTION,SLOW,GLASS,5 X 20mm,Low,HOLDER,NOT SPECIFIED,55.0,-55.0,4.7,20.0,35.0,0.63,250.0,250.0,0.0,"Industrial Part: Indicator Red Slow Blow Movement 0.63A 250V Holder Axial Melf 5 X 20mm Glass T/R Automotive CCC/CE/CSA/KC/SEMKO/UL/VDE Electric Indicator, Time Lag Blow, 0.63A, 35A (IR), Supplemental, 5x20mm. Rated Current: 0.63A. Voltage: 250.0V. Material: GLASS. Physical Size: 4.7mm x 20.0mm."
A331,"Indicator Red Slow Blow Movement 0.8A 250V Holder Plastic 5 X 20mm Glass Bulk CCC/CE/CSA/KC/SEMKO/UL/VDE Electric Indicator, Time Lag Blow, 0.8A, 250VAC, 35A (IR), Supplemental, Inline/holder, 5x20mm",SLOW,SUPPLEMENTARY PROTECTION,SLOW,GLASS,5 X 20mm,Low,HOLDER,INLINE/HOLDER,55.0,-55.0,5.2,20.0,35.0,0.8,250.0,250.0,0.0,"Industrial Part: Indicator Red Slow Blow Movement 0.8A 250V Holder Plastic 5 X 20mm Glass Bulk CCC/CE/CSA/KC/SEMKO/UL/VDE Electric Indicator, Time Lag Blow, 0.8A, 250VAC, 35A (IR), Supplemental, Inline/holder, 5x20mm. Rated Current: 0.8A. Voltage: 250.0V. Material: GLASS. Physical Size: 5.2mm x 20.0mm."
A332,"Indicator Red Slow Blow Movement 0.8A 250V Holder Axial Melf 5 X 20mm Glass T/R Automotive CCC/CE/CSA/KC/SEMKO/UL/VDE Electric Indicator, Time Lag Blow, 0.8A, 35A (IR), Supplemental, 5x20mm",SLOW,SUPPLEMENTARY PROTECTION,SLOW,GLASS,5 X 20mm,Low,HOLDER,NOT SPECIFIED,55.0,-55.0,4.7,20.0,35.0,0.8,250.0,250.0,0.0,"Industrial Part: Indicator Red Slow Blow Movement 0.8A 250V Holder Axial Melf 5 X 20mm Glass T/R Automotive CCC/CE/CSA/KC/SEMKO/UL/VDE Electric Indicator, Time Lag Blow, 0.8A, 35A (IR), Supplemental, 5x20mm. Rated Current: 0.8A. Voltage: 250.0V. Material: GLASS. Physical Size: 4.7mm x 20.0mm."
A333,,UNKNOWN,NOT SPECIFIED,SLOW,UNKNOWN,NOT SPECIFIED,Low,UNKNOWN,INLINE/HOLDER,55.0,-55.0,5.2,20.0,150.0,1.0,250.0,250.0,0.0,Industrial Part: nan. Rated Current: 1.0A. Voltage: 250.0V. Material: UNKNOWN. Physical Size: 5.2mm x 20.0mm.
A334,,SLOW,MOTOR CIRCUIT,UNKNOWN,UNKNOWN,5 X 20mm,UNKNOWN,HOLDER,NOT SPECIFIED,55.0,-55.0,5.2,20.0,50.0,1.0,250.0,250.0,0.0,Industrial Part: nan. Rated Current: 1.0A. Voltage: 250.0V. Material: UNKNOWN. Physical Size: 5.2mm x 20.0mm.
A335,,UNKNOWN,NOT SPECIFIED,SLOW,UNKNOWN,NOT SPECIFIED,Low,UNKNOWN,INLINE/HOLDER,55.0,-55.0,5.2,20.0,150.0,4.0,250.0,250.0,0.0,Industrial Part: nan. Rated Current: 4.0A. Voltage: 250.0V. Material: UNKNOWN. Physical Size: 5.2mm x 20.0mm.
A336,,SLOW,NOT SPECIFIED,UNKNOWN,UNKNOWN,5 X 20mm,UNKNOWN,UNKNOWN,NOT SPECIFIED,55.0,-55.0,5.0,8.4,50.0,2.0,125.0,0.0,0.0,Industrial Part: nan. Rated Current: 2.0A. Voltage: 125.0V. Material: UNKNOWN. Physical Size: 5.0mm x 8.4mm.
A337,"Indicator Red Slow Blow Movement 4A 250V Holder Plastic 5 X 20mm Bulk CCC/CSA/PSE/SEMKO/UL Electric Indicator, Time Lag Blow, 4A, 250VAC, 150A (IR), Inline/holder, 5x20mm",SLOW,SUPPLEMENTARY PROTECTION,SLOW,UNKNOWN,5 X 20mm,Low,HOLDER,INLINE/HOLDER,55.0,-55.0,5.2,20.0,150.0,4.0,250.0,250.0,0.0,"Industrial Part: Indicator Red Slow Blow Movement 4A 250V Holder Plastic 5 X 20mm Bulk CCC/CSA/PSE/SEMKO/UL Electric Indicator, Time Lag Blow, 4A, 250VAC, 150A (IR), Inline/holder, 5x20mm. Rated Current: 4.0A. Voltage: 250.0V. Material: UNKNOWN. Physical Size: 5.2mm x 20.0mm."
A338,,SLOW,MOTOR CIRCUIT,UNKNOWN,UNKNOWN,5 X 20mm,UNKNOWN,HOLDER,NOT SPECIFIED,55.0,-55.0,5.2,20.0,50.0,4.0,250.0,250.0,0.0,Industrial Part: nan. Rated Current: 4.0A. Voltage: 250.0V. Material: UNKNOWN. Physical Size: 5.2mm x 20.0mm.
A339,,UNKNOWN,NOT SPECIFIED,SLOW,UNKNOWN,NOT SPECIFIED,Low,UNKNOWN,INLINE/HOLDER,55.0,-55.0,5.2,20.0,150.0,5.0,250.0,250.0,0.0,Industrial Part: nan. Rated Current: 5.0A. Voltage: 250.0V. Material: UNKNOWN. Physical Size: 5.2mm x 20.0mm.
A340,,SLOW,NOT SPECIFIED,UNKNOWN,UNKNOWN,5 X 20mm,UNKNOWN,UNKNOWN,NOT SPECIFIED,55.0,-55.0,5.0,8.4,50.0,2.0,125.0,0.0,0.0,Industrial Part: nan. Rated Current: 2.0A. Voltage: 125.0V. Material: UNKNOWN. Physical Size: 5.0mm x 8.4mm.
A341,"Indicator Red Slow Blow Movement 2.5A 250V Holder Plastic 5 X 20mm Glass Bulk CCC/CE/CSA/PSE/SEMKO/UL/VDE Electric Indicator, Time Lag Blow, 2.5A, 250VAC, 150A (IR), Inline/holder, 5x20mm",SLOW,SUPPLEMENTARY PROTECTION,SLOW,GLASS,5 X 20mm,Low,HOLDER,INLINE/HOLDER,55.0,-55.0,5.2,20.0,150.0,2.5,250.0,250.0,0.0,"Industrial Part: Indicator Red Slow Blow Movement 2.5A 250V Holder Plastic 5 X 20mm Glass Bulk CCC/CE/CSA/PSE/SEMKO/UL/VDE Electric Indicator, Time Lag Blow, 2.5A, 250VAC, 150A (IR), Inline/holder, 5x20mm. Rated Current: 2.5A. Voltage: 250.0V. Material: GLASS. Physical Size: 5.2mm x 20.0mm."
A342,,UNKNOWN,NOT SPECIFIED,UNKNOWN,UNKNOWN,NOT SPECIFIED,Low,UNKNOWN,NOT SPECIFIED,55.0,-55.0,6.1,8.4,50.0,2.0,125.0,0.0,0.0,Industrial Part: nan. Rated Current: 2.0A. Voltage: 125.0V. Material: UNKNOWN. Physical Size: 6.1mm x 8.4mm.
A343,,SLOW,MOTOR CIRCUIT,UNKNOWN,UNKNOWN,5 X 20mm,UNKNOWN,HOLDER,NOT SPECIFIED,55.0,-55.0,5.2,20.0,50.0,0.63,250.0,250.0,0.0,Industrial Part: nan. Rated Current: 0.63A. Voltage: 250.0V. Material: UNKNOWN. Physical Size: 5.2mm x 20.0mm.
A344,,FAST,MOTOR CIRCUIT,UNKNOWN,GLASS,6.3 X 32mm,UNKNOWN,HOLDER,NOT SPECIFIED,55.0,-55.0,14.48,14.48,50.0,4.0,250.0,250.0,0.0,Industrial Part: nan. Rated Current: 4.0A. Voltage: 250.0V. Material: GLASS. Physical Size: 14.48mm x 14.48mm.
A345,,UNKNOWN,NOT SPECIFIED,FAST,UNKNOWN,2AG,Low,UNKNOWN,INLINE/HOLDER,55.0,-55.0,4.5,8.4,500.0,4.0,125.0,125.0,125.0,Industrial Part: nan. Rated Current: 4.0A. Voltage: 125.0V. Material: UNKNOWN. Physical Size: 4.5mm x 8.4mm.
A346,,FAST,MOTOR CIRCUIT,UNKNOWN,GLASS,6.3 X 32mm,UNKNOWN,HOLDER,NOT SPECIFIED,55.0,-55.0,14.48,14.48,50.0,5.0,125.0,125.0,0.0,Industrial Part: nan. Rated Current: 5.0A. Voltage: 125.0V. Material: GLASS. Physical Size: 14.48mm x 14.48mm.
A347,,UNKNOWN,NOT SPECIFIED,FAST,UNKNOWN,2AG,Low,UNKNOWN,INLINE/HOLDER,55.0,-55.0,4.5,8.4,500.0,5.0,125.0,125.0,125.0,Industrial Part: nan. Rated Current: 5.0A. Voltage: 125.0V. Material: UNKNOWN. Physical Size: 4.5mm x 8.4mm.
A348,,FAST,MOTOR CIRCUIT,UNKNOWN,GLASS,6.3 X 32mm,UNKNOWN,HOLDER,NOT SPECIFIED,55.0,-55.0,14.48,14.48,50.0,6.0,250.0,250.0,0.0,Industrial Part: nan. Rated Current: 6.0A. Voltage: 250.0V. Material: GLASS. Physical Size: 14.48mm x 14.48mm.
A349,,UNKNOWN,NOT SPECIFIED,FAST,UNKNOWN,2AG,Low,UNKNOWN,INLINE/HOLDER,55.0,-55.0,4.5,8.4,500.0,6.0,125.0,125.0,125.0,Industrial Part: nan. Rated Current: 6.0A. Voltage: 125.0V. Material: UNKNOWN. Physical Size: 4.5mm x 8.4mm.
A350,,FAST,MOTOR CIRCUIT,UNKNOWN,GLASS,6.3 X 32mm,UNKNOWN,HOLDER,NOT SPECIFIED,55.0,-55.0,14.48,14.48,50.0,7.0,250.0,250.0,0.0,Industrial Part: nan. Rated Current: 7.0A. Voltage: 250.0V. Material: GLASS. Physical Size: 14.48mm x 14.48mm.
A351,,UNKNOWN,NOT SPECIFIED,FAST,UNKNOWN,2AG,Low,UNKNOWN,INLINE/HOLDER,55.0,-55.0,4.5,8.4,500.0,7.0,125.0,125.0,125.0,Industrial Part: nan. Rated Current: 7.0A. Voltage: 125.0V. Material: UNKNOWN. Physical Size: 4.5mm x 8.4mm.
A352,,FAST,MOTOR CIRCUIT,UNKNOWN,GLASS,6.3 X 32mm,UNKNOWN,HOLDER,NOT SPECIFIED,55.0,-55.0,14.48,14.48,50.0,8.0,250.0,250.0,0.0,Industrial Part: nan. Rated Current: 8.0A. Voltage: 250.0V. Material: GLASS. Physical Size: 14.48mm x 14.48mm.
A353,,UNKNOWN,NOT SPECIFIED,FAST,UNKNOWN,2AG,Low,UNKNOWN,INLINE/HOLDER,55.0,-55.0,4.5,8.4,500.0,8.0,125.0,125.0,125.0,Industrial Part: nan. Rated Current: 8.0A. Voltage: 125.0V. Material: UNKNOWN. Physical Size: 4.5mm x 8.4mm.
A354,,FAST,SUPPLEMENTARY PROTECTION,UNKNOWN,GLASS,5 X 15mm,UNKNOWN,HOLDER,NOT SPECIFIED,55.0,-55.0,14.48,14.48,50.0,10.0,125.0,125.0,125.0,Industrial Part: nan. Rated Current: 10.0A. Voltage: 125.0V. Material: GLASS. Physical Size: 14.48mm x 14.48mm.
A355,,UNKNOWN,NOT SPECIFIED,FAST,UNKNOWN,2AG,Low,UNKNOWN,INLINE/HOLDER,55.0,-55.0,4.5,8.4,500.0,10.0,125.0,125.0,125.0,Industrial Part: nan. Rated Current: 10.0A. Voltage: 125.0V. Material: UNKNOWN. Physical Size: 4.5mm x 8.4mm.
A356,,SLOW,TELECOM INDUSTRY,UNKNOWN,GLASS,5 X 15mm,UNKNOWN,UNKNOWN,NOT SPECIFIED,55.0,-55.0,5.0,8.4,50.0,2.5,250.0,250.0,0.0,Industrial Part: nan. Rated Current: 2.5A. Voltage: 250.0V. Material: GLASS. Physical Size: 5.0mm x 8.4mm.
A357,,MEDIUM,MOTOR CIRCUIT,UNKNOWN,GLASS,5 X 20mm,UNKNOWN,UNKNOWN,NOT SPECIFIED,55.0,-55.0,5.0,8.4,50.0,1.0,250.0,250.0,0.0,Industrial Part: nan. Rated Current: 1.0A. Voltage: 250.0V. Material: GLASS. Physical Size: 5.0mm x 8.4mm.
A358,,MEDIUM,MOTOR CIRCUIT,UNKNOWN,GLASS,5 X 20mm,UNKNOWN,UNKNOWN,NOT SPECIFIED,55.0,-55.0,5.0,8.4,50.0,2.0,250.0,250.0,0.0,Industrial Part: nan. Rated Current: 2.0A. Voltage: 250.0V. Material: GLASS. Physical Size: 5.0mm x 8.4mm.
A359,,MEDIUM,MOTOR CIRCUIT,UNKNOWN,GLASS,5 X 20mm,UNKNOWN,UNKNOWN,NOT SPECIFIED,55.0,-55.0,5.0,8.4,50.0,3.0,250.0,250.0,0.0,Industrial Part: nan. Rated Current: 3.0A. Voltage: 250.0V. Material: GLASS. Physical Size: 5.0mm x 8.4mm.
A360,,MEDIUM,MOTOR CIRCUIT,UNKNOWN,GLASS,5 X 20mm,UNKNOWN,UNKNOWN,NOT SPECIFIED,55.0,-55.0,5.0,8.4,50.0,4.0,250.0,250.0,0.0,Industrial Part: nan. Rated Current: 4.0A. Voltage: 250.0V. Material: GLASS. Physical Size: 5.0mm x 8.4mm.
A361,,MEDIUM,MOTOR CIRCUIT,UNKNOWN,GLASS,5 X 20mm,UNKNOWN,UNKNOWN,NOT SPECIFIED,55.0,-55.0,5.0,8.4,50.0,5.0,250.0,250.0,0.0,Industrial Part: nan. Rated Current: 5.0A. Voltage: 250.0V. Material: GLASS. Physical Size: 5.0mm x 8.4mm.
A362,,MEDIUM,MOTOR CIRCUIT,UNKNOWN,GLASS,5 X 20mm,UNKNOWN,UNKNOWN,NOT SPECIFIED,55.0,-55.0,5.0,8.4,50.0,8.0,250.0,250.0,0.0,Industrial Part: nan. Rated Current: 8.0A. Voltage: 250.0V. Material: GLASS. Physical Size: 5.0mm x 8.4mm.
A363,,MEDIUM,MOTOR CIRCUIT,UNKNOWN,GLASS,5 X 20mm,UNKNOWN,UNKNOWN,NOT SPECIFIED,55.0,-55.0,5.0,8.4,50.0,10.0,250.0,250.0,0.0,Industrial Part: nan. Rated Current: 10.0A. Voltage: 250.0V. Material: GLASS. Physical Size: 5.0mm x 8.4mm.
A364,,UNKNOWN,NOT SPECIFIED,MEDIUM,UNKNOWN,NOT SPECIFIED,Low,UNKNOWN,INLINE/HOLDER,55.0,-55.0,5.2,20.0,50.0,2.0,125.0,0.0,0.0,Industrial Part: nan. Rated Current: 2.0A. Voltage: 125.0V. Material: UNKNOWN. Physical Size: 5.2mm x 20.0mm.
A365,,MEDIUM,SUPPLEMENTARY PROTECTION,UNKNOWN,GLASS,5 X 20mm,UNKNOWN,HOLDER,NOT SPECIFIED,55.0,-55.0,5.2,20.0,50.0,1.6,125.0,125.0,0.0,Industrial Part: nan. Rated Current: 1.6A. Voltage: 125.0V. Material: GLASS. Physical Size: 5.2mm x 20.0mm.
A366,,UNKNOWN,NOT SPECIFIED,MEDIUM,UNKNOWN,NOT SPECIFIED,Low,UNKNOWN,INLINE/HOLDER,55.0,-55.0,5.2,20.0,50.0,2.0,125.0,0.0,0.0,Industrial Part: nan. Rated Current: 2.0A. Voltage: 125.0V. Material: UNKNOWN. Physical Size: 5.2mm x 20.0mm.
A367,,MEDIUM,SUPPLEMENTARY PROTECTION,UNKNOWN,GLASS,5 X 20mm,UNKNOWN,HOLDER,NOT SPECIFIED,55.0,-55.0,5.2,20.0,50.0,2.5,125.0,125.0,0.0,Industrial Part: nan. Rated Current: 2.5A. Voltage: 125.0V. Material: GLASS. Physical Size: 5.2mm x 20.0mm.
A368,,UNKNOWN,NOT SPECIFIED,MEDIUM,UNKNOWN,NOT SPECIFIED,Low,UNKNOWN,INLINE/HOLDER,55.0,-55.0,5.2,20.0,50.0,2.0,125.0,0.0,0.0,Industrial Part: nan. Rated Current: 2.0A. Voltage: 125.0V. Material: UNKNOWN. Physical Size: 5.2mm x 20.0mm.
A369,,MEDIUM,SUPPLEMENTARY PROTECTION,UNKNOWN,GLASS,5 X 20mm,UNKNOWN,HOLDER,NOT SPECIFIED,55.0,-55.0,5.2,20.0,50.0,3.5,125.0,125.0,0.0,Industrial Part: nan. Rated Current: 3.5A. Voltage: 125.0V. Material: GLASS. Physical Size: 5.2mm x 20.0mm.
A370,,UNKNOWN,NOT SPECIFIED,MEDIUM,UNKNOWN,NOT SPECIFIED,Low,UNKNOWN,INLINE/HOLDER,55.0,-55.0,5.2,20.0,50.0,2.0,125.0,0.0,0.0,Industrial Part: nan. Rated Current: 2.0A. Voltage: 125.0V. Material: UNKNOWN. Physical Size: 5.2mm x 20.0mm.
A371,,MEDIUM,SUPPLEMENTARY PROTECTION,UNKNOWN,GLASS,5 X 20mm,UNKNOWN,HOLDER,NOT SPECIFIED,55.0,-55.0,5.2,20.0,50.0,6.3,125.0,125.0,0.0,Industrial Part: nan. Rated Current: 6.3A. Voltage: 125.0V. Material: GLASS. Physical Size: 5.2mm x 20.0mm.
A372,,UNKNOWN,NOT SPECIFIED,MEDIUM,UNKNOWN,NOT SPECIFIED,Low,UNKNOWN,INLINE/HOLDER,55.0,-55.0,5.2,20.0,50.0,2.0,125.0,0.0,0.0,Industrial Part: nan. Rated Current: 2.0A. Voltage: 125.0V. Material: UNKNOWN. Physical Size: 5.2mm x 20.0mm.
A373,,MEDIUM,SUPPLEMENTARY PROTECTION,UNKNOWN,GLASS,5 X 20mm,UNKNOWN,HOLDER,NOT SPECIFIED,55.0,-55.0,5.2,20.0,50.0,1.25,125.0,125.0,0.0,Industrial Part: nan. Rated Current: 1.25A. Voltage: 125.0V. Material: GLASS. Physical Size: 5.2mm x 20.0mm.
A374,,UNKNOWN,NOT SPECIFIED,MEDIUM,UNKNOWN,NOT SPECIFIED,Low,UNKNOWN,INLINE/HOLDER,55.0,-55.0,5.2,20.0,50.0,2.0,125.0,0.0,0.0,Industrial Part: nan. Rated Current: 2.0A. Voltage: 125.0V. Material: UNKNOWN. Physical Size: 5.2mm x 20.0mm.
A375,,MEDIUM,SUPPLEMENTARY PROTECTION,UNKNOWN,GLASS,5 X 20mm,UNKNOWN,HOLDER,NOT SPECIFIED,55.0,-55.0,5.2,20.0,50.0,3.15,125.0,125.0,0.0,Industrial Part: nan. Rated Current: 3.15A. Voltage: 125.0V. Material: GLASS. Physical Size: 5.2mm x 20.0mm.
A376,"Indicator Red Medium Time Delay Movement 3.15A 125V Holder Axial Melf 5 X 20mm Glass CE/CSA/KC/PSE/UL Electric Indicator, Medium Blow, 3.15A, 125VAC, 10000A (IR), Inline/holder",MEDIUM,SUPPLEMENTARY PROTECTION,MEDIUM,GLASS,5 X 20mm,High,HOLDER,INLINE/HOLDER,125.0,-55.0,5.0,20.0,10000.0,3.15,125.0,125.0,0.0,"Industrial Part: Indicator Red Medium Time Delay Movement 3.15A 125V Holder Axial Melf 5 X 20mm Glass CE/CSA/KC/PSE/UL Electric Indicator, Medium Blow, 3.15A, 125VAC, 10000A (IR), Inline/holder. Rated Current: 3.15A. Voltage: 125.0V. Material: GLASS. Physical Size: 5.0mm x 20.0mm."
A377,,UNKNOWN,NOT SPECIFIED,MEDIUM,UNKNOWN,NOT SPECIFIED,Low,UNKNOWN,INLINE/HOLDER,55.0,-55.0,5.2,20.0,50.0,2.0,125.0,0.0,0.0,Industrial Part: nan. Rated Current: 2.0A. Voltage: 125.0V. Material: UNKNOWN. Physical Size: 5.2mm x 20.0mm.
A378,,MEDIUM,MOTOR CIRCUIT,UNKNOWN,GLASS,5 X 20mm,UNKNOWN,HOLDER,NOT SPECIFIED,55.0,-55.0,5.2,20.0,50.0,1.0,250.0,250.0,0.0,Industrial Part: nan. Rated Current: 1.0A. Voltage: 250.0V. Material: GLASS. Physical Size: 5.2mm x 20.0mm.
A379,,UNKNOWN,NOT SPECIFIED,MEDIUM,UNKNOWN,NOT SPECIFIED,Low,UNKNOWN,INLINE/HOLDER,55.0,-55.0,5.2,20.0,50.0,2.0,125.0,0.0,0.0,Industrial Part: nan. Rated Current: 2.0A. Voltage: 125.0V. Material: UNKNOWN. Physical Size: 5.2mm x 20.0mm.
A380,,MEDIUM,MOTOR CIRCUIT,UNKNOWN,GLASS,5 X 20mm,UNKNOWN,HOLDER,NOT SPECIFIED,55.0,-55.0,5.2,20.0,50.0,2.0,250.0,250.0,0.0,Industrial Part: nan. Rated Current: 2.0A. Voltage: 250.0V. Material: GLASS. Physical Size: 5.2mm x 20.0mm.
A381,"Indicator 2A 250V Medium Time Delay Movement 2-Pin Bulk Electric Indicator, Medium Blow, 2A, 250VAC, 100A (IR), Inline/holder",MEDIUM,SUPPLEMENTARY PROTECTION,MEDIUM,GLASS,5 X 20mm,Low,THROUGH HOLE,INLINE/HOLDER,55.0,-55.0,5.0,20.0,100.0,2.0,250.0,250.0,0.0,"Industrial Part: Indicator 2A 250V Medium Time Delay Movement 2-Pin Bulk Electric Indicator, Medium Blow, 2A, 250VAC, 100A (IR), Inline/holder. Rated Current: 2.0A. Voltage: 250.0V. Material: GLASS. Physical Size: 5.0mm x 20.0mm."
A382,,UNKNOWN,NOT SPECIFIED,MEDIUM,UNKNOWN,NOT SPECIFIED,Low,UNKNOWN,INLINE/HOLDER,55.0,-55.0,5.2,20.0,50.0,2.0,125.0,0.0,0.0,Industrial Part: nan. Rated Current: 2.0A. Voltage: 125.0V. Material: UNKNOWN. Physical Size: 5.2mm x 20.0mm.
A383,,MEDIUM,MOTOR CIRCUIT,UNKNOWN,GLASS,5 X 20mm,UNKNOWN,HOLDER,NOT SPECIFIED,55.0,-55.0,5.2,20.0,50.0,3.0,250.0,250.0,0.0,Industrial Part: nan. Rated Current: 3.0A. Voltage: 250.0V. Material: GLASS. Physical Size: 5.2mm x 20.0mm.
A384,,UNKNOWN,NOT SPECIFIED,MEDIUM,UNKNOWN,NOT SPECIFIED,Low,UNKNOWN,INLINE/HOLDER,55.0,-55.0,5.2,20.0,50.0,2.0,125.0,0.0,0.0,Industrial Part: nan. Rated Current: 2.0A. Voltage: 125.0V. Material: UNKNOWN. Physical Size: 5.2mm x 20.0mm.
A385,,MEDIUM,MOTOR CIRCUIT,UNKNOWN,CERAMIC,5 X 20mm,UNKNOWN,HOLDER,NOT SPECIFIED,55.0,-55.0,5.2,20.0,50.0,4.0,250.0,250.0,0.0,Industrial Part: nan. Rated Current: 4.0A. Voltage: 250.0V. Material: CERAMIC. Physical Size: 5.2mm x 20.0mm.
A386,,UNKNOWN,NOT SPECIFIED,MEDIUM,UNKNOWN,NOT SPECIFIED,Low,UNKNOWN,INLINE/HOLDER,55.0,-55.0,5.2,20.0,50.0,2.0,125.0,0.0,0.0,Industrial Part: nan. Rated Current: 2.0A. Voltage: 125.0V. Material: UNKNOWN. Physical Size: 5.2mm x 20.0mm.
A387,,MEDIUM,MOTOR CIRCUIT,UNKNOWN,CERAMIC,5 X 20mm,UNKNOWN,HOLDER,NOT SPECIFIED,55.0,-55.0,5.2,20.0,50.0,5.0,250.0,250.0,0.0,Industrial Part: nan. Rated Current: 5.0A. Voltage: 250.0V. Material: CERAMIC. Physical Size: 5.2mm x 20.0mm.
A388,,UNKNOWN,NOT SPECIFIED,MEDIUM,UNKNOWN,NOT SPECIFIED,Low,UNKNOWN,INLINE/HOLDER,55.0,-55.0,5.2,20.0,50.0,2.0,125.0,0.0,0.0,Industrial Part: nan. Rated Current: 2.0A. Voltage: 125.0V. Material: UNKNOWN. Physical Size: 5.2mm x 20.0mm.
A389,,MEDIUM,MOTOR CIRCUIT,UNKNOWN,CERAMIC,5 X 20mm,UNKNOWN,HOLDER,NOT SPECIFIED,55.0,-55.0,5.2,20.0,50.0,6.0,250.0,250.0,0.0,Industrial Part: nan. Rated Current: 6.0A. Voltage: 250.0V. Material: CERAMIC. Physical Size: 5.2mm x 20.0mm.
A390,,UNKNOWN,NOT SPECIFIED,MEDIUM,UNKNOWN,NOT SPECIFIED,Low,UNKNOWN,INLINE/HOLDER,55.0,-55.0,5.2,20.0,50.0,2.0,125.0,0.0,0.0,Industrial Part: nan. Rated Current: 2.0A. Voltage: 125.0V. Material: UNKNOWN. Physical Size: 5.2mm x 20.0mm.
A391,,MEDIUM,MOTOR CIRCUIT,UNKNOWN,CERAMIC,5 X 20mm,UNKNOWN,HOLDER,NOT SPECIFIED,55.0,-55.0,5.2,20.0,50.0,8.0,250.0,250.0,0.0,Industrial Part: nan. Rated Current: 8.0A. Voltage: 250.0V. Material: CERAMIC. Physical Size: 5.2mm x 20.0mm.
A392,,UNKNOWN,NOT SPECIFIED,MEDIUM,UNKNOWN,NOT SPECIFIED,Low,UNKNOWN,INLINE/HOLDER,55.0,-55.0,5.2,20.0,50.0,2.0,125.0,0.0,0.0,Industrial Part: nan. Rated Current: 2.0A. Voltage: 125.0V. Material: UNKNOWN. Physical Size: 5.2mm x 20.0mm.
A393,,MEDIUM,MOTOR CIRCUIT,UNKNOWN,CERAMIC,5 X 20mm,UNKNOWN,HOLDER,NOT SPECIFIED,55.0,-55.0,5.2,20.0,50.0,10.0,250.0,250.0,0.0,Industrial Part: nan. Rated Current: 10.0A. Voltage: 250.0V. Material: CERAMIC. Physical Size: 5.2mm x 20.0mm.
A394,,UNKNOWN,NOT SPECIFIED,MEDIUM,UNKNOWN,NOT SPECIFIED,Low,UNKNOWN,INLINE/HOLDER,55.0,-55.0,5.2,20.0,50.0,2.0,125.0,0.0,0.0,Industrial Part: nan. Rated Current: 2.0A. Voltage: 125.0V. Material: UNKNOWN. Physical Size: 5.2mm x 20.0mm.
A395,,MEDIUM,MOTOR CIRCUIT,UNKNOWN,GLASS,5 X 20mm,UNKNOWN,HOLDER,NOT SPECIFIED,55.0,-55.0,5.2,20.0,50.0,1.6,250.0,250.0,0.0,Industrial Part: nan. Rated Current: 1.6A. Voltage: 250.0V. Material: GLASS. Physical Size: 5.2mm x 20.0mm.
A396,,UNKNOWN,NOT SPECIFIED,MEDIUM,UNKNOWN,NOT SPECIFIED,Low,UNKNOWN,INLINE/HOLDER,55.0,-55.0,5.2,20.0,50.0,2.0,125.0,0.0,0.0,Industrial Part: nan. Rated Current: 2.0A. Voltage: 125.0V. Material: UNKNOWN. Physical Size: 5.2mm x 20.0mm.
A397,,MEDIUM,MOTOR CIRCUIT,UNKNOWN,GLASS,5 X 20mm,UNKNOWN,HOLDER,NOT SPECIFIED,55.0,-55.0,5.2,20.0,50.0,2.5,250.0,250.0,0.0,Industrial Part: nan. Rated Current: 2.5A. Voltage: 250.0V. Material: GLASS. Physical Size: 5.2mm x 20.0mm.
A398,,UNKNOWN,NOT SPECIFIED,MEDIUM,UNKNOWN,NOT SPECIFIED,Low,UNKNOWN,INLINE/HOLDER,55.0,-55.0,5.2,20.0,50.0,2.0,125.0,0.0,0.0,Industrial Part: nan. Rated Current: 2.0A. Voltage: 125.0V. Material: UNKNOWN. Physical Size: 5.2mm x 20.0mm.
A399,,MEDIUM,MOTOR CIRCUIT,UNKNOWN,GLASS,5 X 20mm,UNKNOWN,HOLDER,NOT SPECIFIED,55.0,-55.0,5.2,20.0,50.0,3.5,250.0,250.0,0.0,Industrial Part: nan. Rated Current: 3.5A. Voltage: 250.0V. Material: GLASS. Physical Size: 5.2mm x 20.0mm.
A400,,UNKNOWN,NOT SPECIFIED,MEDIUM,UNKNOWN,NOT SPECIFIED,Low,UNKNOWN,INLINE/HOLDER,55.0,-55.0,5.2,20.0,50.0,2.0,125.0,0.0,0.0,Industrial Part: nan. Rated Current: 2.0A. Voltage: 125.0V. Material: UNKNOWN. Physical Size: 5.2mm x 20.0mm.
A401,,UNKNOWN,NOT SPECIFIED,MEDIUM,UNKNOWN,NOT SPECIFIED,Low,UNKNOWN,INLINE/HOLDER,55.0,-55.0,5.2,20.0,50.0,2.0,125.0,0.0,0.0,Industrial Part: nan. Rated Current: 2.0A. Voltage: 125.0V. Material: UNKNOWN. Physical Size: 5.2mm x 20.0mm.
A402,,MEDIUM,MOTOR CIRCUIT,UNKNOWN,CERAMIC,5 X 20mm,UNKNOWN,HOLDER,NOT SPECIFIED,55.0,-55.0,5.2,20.0,50.0,6.3,250.0,250.0,0.0,Industrial Part: nan. Rated Current: 6.3A. Voltage: 250.0V. Material: CERAMIC. Physical Size: 5.2mm x 20.0mm.
A403,,UNKNOWN,NOT SPECIFIED,MEDIUM,UNKNOWN,NOT SPECIFIED,Low,UNKNOWN,INLINE/HOLDER,55.0,-55.0,5.2,20.0,50.0,2.0,125.0,0.0,0.0,Industrial Part: nan. Rated Current: 2.0A. Voltage: 125.0V. Material: UNKNOWN. Physical Size: 5.2mm x 20.0mm.
A404,,MEDIUM,MOTOR CIRCUIT,UNKNOWN,GLASS,5 X 20mm,UNKNOWN,HOLDER,NOT SPECIFIED,55.0,-55.0,5.2,20.0,50.0,1.25,250.0,250.0,0.0,Industrial Part: nan. Rated Current: 1.25A. Voltage: 250.0V. Material: GLASS. Physical Size: 5.2mm x 20.0mm.
A405,,UNKNOWN,NOT SPECIFIED,MEDIUM,UNKNOWN,NOT SPECIFIED,Low,UNKNOWN,INLINE/HOLDER,55.0,-55.0,5.2,20.0,50.0,2.0,125.0,0.0,0.0,Industrial Part: nan. Rated Current: 2.0A. Voltage: 125.0V. Material: UNKNOWN. Physical Size: 5.2mm x 20.0mm.
A406,,MEDIUM,MOTOR CIRCUIT,UNKNOWN,GLASS,5 X 20mm,UNKNOWN,HOLDER,NOT SPECIFIED,55.0,-55.0,5.2,20.0,50.0,3.15,250.0,250.0,0.0,Industrial Part: nan. Rated Current: 3.15A. Voltage: 250.0V. Material: GLASS. Physical Size: 5.2mm x 20.0mm.
A407,"Indicator Red Fast Movement 1A 250V Holder Plastic 5 X 20mm Glass Bulk CE/CSA/KC/PSE/UL Electric Indicator, Fast Blow, 1A, 250VAC, 100A (IR), Inline/holder",FAST,SUPPLEMENTARY PROTECTION,FAST,GLASS,5 X 20mm,Low,HOLDER,INLINE/HOLDER,55.0,-55.0,5.2,20.0,100.0,1.0,250.0,250.0,0.0,"Industrial Part: Indicator Red Fast Movement 1A 250V Holder Plastic 5 X 20mm Glass Bulk CE/CSA/KC/PSE/UL Electric Indicator, Fast Blow, 1A, 250VAC, 100A (IR), Inline/holder. Rated Current: 1.0A. Voltage: 250.0V. Material: GLASS. Physical Size: 5.2mm x 20.0mm."
A408,"Indicator Red Slow Blow Movement 2.5A 250V Holder Plastic 5 X 20mm Glass Bulk CE/CSA/KC/PSE/UL Electric Indicator, Time Lag Blow, 2.5A, 250VAC, 100A (IR), Supplemental, Inline/holder, 5x20mm",SLOW,SUPPLEMENTARY PROTECTION,SLOW,GLASS,5x20mm,Low,HOLDER,INLINE/HOLDER,55.0,-55.0,5.2,20.0,100.0,2.5,250.0,250.0,0.0,"Industrial Part: Indicator Red Slow Blow Movement 2.5A 250V Holder Plastic 5 X 20mm Glass Bulk CE/CSA/KC/PSE/UL Electric Indicator, Time Lag Blow, 2.5A, 250VAC, 100A (IR), Supplemental, Inline/holder, 5x20mm. Rated Current: 2.5A. Voltage: 250.0V. Material: GLASS. Physical Size: 5.2mm x 20.0mm."
A409,"Indicator Red Slow Blow Movement 0.5A 250V Holder Plastic 5 X 20mm Glass Bulk CE/CSA/KC/PSE/UL Electric Indicator, Time Lag Blow, 0.5A, 250VAC, 35A (IR), Supplemental, Inline/holder, 5x20mm",SLOW,SUPPLEMENTARY PROTECTION,SLOW,GLASS,5 X 20mm,Low,HOLDER,INLINE/HOLDER,55.0,-55.0,5.2,20.0,35.0,0.5,250.0,250.0,0.0,"Industrial Part: Indicator Red Slow Blow Movement 0.5A 250V Holder Plastic 5 X 20mm Glass Bulk CE/CSA/KC/PSE/UL Electric Indicator, Time Lag Blow, 0.5A, 250VAC, 35A (IR), Supplemental, Inline/holder, 5x20mm. Rated Current: 0.5A. Voltage: 250.0V. Material: GLASS. Physical Size: 5.2mm x 20.0mm."
A410,"Indicator Fast Movement 0.05A 250V Holder Plastic 3.02 X 8.4mm T/R UL Electric Indicator, 0.05A, 250VAC, 250VDC, 4000A (IR), Surface Mount",FAST,ELECTRICAL CONNECTIONS,UNKNOWN,UNKNOWN,3.02 X 8.4mm,Low,HOLDER,SURFACE MOUNT,125.0,-40.0,8.4,8.4,4000.0,0.05,250.0,250.0,250.0,"Industrial Part: Indicator Fast Movement 0.05A 250V Holder Plastic 3.02 X 8.4mm T/R UL Electric Indicator, 0.05A, 250VAC, 250VDC, 4000A (IR), Surface Mount. Rated Current: 0.05A. Voltage: 250.0V. Material: UNKNOWN. Physical Size: 8.4mm x 8.4mm."
A411,"Indicator Fast Movement 0.08A 250V Holder Plastic 3.02 X 8.4mm T/R UL Electric Indicator, 0.08A, 250VAC, 250VDC, 4000A (IR), Surface Mount",FAST,ELECTRICAL CONNECTIONS,UNKNOWN,UNKNOWN,3.02 X 8.4mm,Low,HOLDER,SURFACE MOUNT,125.0,-40.0,8.4,8.4,4000.0,0.08,250.0,250.0,250.0,"Industrial Part: Indicator Fast Movement 0.08A 250V Holder Plastic 3.02 X 8.4mm T/R UL Electric Indicator, 0.08A, 250VAC, 250VDC, 4000A (IR), Surface Mount. Rated Current: 0.08A. Voltage: 250.0V. Material: UNKNOWN. Physical Size: 8.4mm x 8.4mm."
A412,"Indicator Fast Movement 0.1A 250V Holder Plastic 3.02 X 8.4mm T/R UL Electric Indicator, 0.1A, 250VAC, 250VDC, 4000A (IR), Surface Mount",FAST,ELECTRICAL CONNECTIONS,UNKNOWN,UNKNOWN,3.02 X 8.4mm,Low,HOLDER,SURFACE MOUNT,125.0,-40.0,8.4,8.4,4000.0,0.1,250.0,250.0,250.0,"Industrial Part: Indicator Fast Movement 0.1A 250V Holder Plastic 3.02 X 8.4mm T/R UL Electric Indicator, 0.1A, 250VAC, 250VDC, 4000A (IR), Surface Mount. Rated Current: 0.1A. Voltage: 250.0V. Material: UNKNOWN. Physical Size: 8.4mm x 8.4mm."
A413,"Indicator SubRed Very Fast Movement 7A 125V Axial 2.8 X 7.11mm Epoxy Coated CCC/CSA/PSE/QPL/TUV/UL Electric Indicator, Very Fast Blow, 7A, 125VAC, 125VDC, 50A (IR), Through Hole",VERY FAST,AUDIO/VIDEO SYSTEM,VERY FAST,EPOXY,2.8 X 7.11mm,High,THROUGH HOLE,THROUGH HOLE,125.0,-55.0,7.11,7.11,50.0,7.0,125.0,125.0,125.0,"Industrial Part: Indicator SubRed Very Fast Movement 7A 125V Axial 2.8 X 7.11mm Epoxy Coated CCC/CSA/PSE/QPL/TUV/UL Electric Indicator, Very Fast Blow, 7A, 125VAC, 125VDC, 50A (IR), Through Hole. Rated Current: 7.0A. Voltage: 125.0V. Material: EPOXY. Physical Size: 7.11mm x 7.11mm."
A414,"Indicator SubRed Very Fast Movement 10A 125V Axial 2.8 X 7.11mm Epoxy Coated CCC/CSA/PSE/QPL/TUV/UL Electric Indicator, Very Fast Blow, 10A, 125VAC, 125VDC, 50A (IR), Through Hole",VERY FAST,AUDIO/VIDEO SYSTEM,VERY FAST,EPOXY,2.8 X 7.11mm,High,THROUGH HOLE,THROUGH HOLE,125.0,-55.0,7.11,7.11,50.0,10.0,125.0,125.0,125.0,"Industrial Part: Indicator SubRed Very Fast Movement 10A 125V Axial 2.8 X 7.11mm Epoxy Coated CCC/CSA/PSE/QPL/TUV/UL Electric Indicator, Very Fast Blow, 10A, 125VAC, 125VDC, 50A (IR), Through Hole. Rated Current: 10.0A. Voltage: 125.0V. Material: EPOXY. Physical Size: 7.11mm x 7.11mm."
A415,"Indicator SubRed Very Fast Movement 10A 125V Axial 2.8 X 7.11mm Ceramic T/R CSA/TUV/UL Electric Indicator, Very Fast Blow, 10A, 125VAC, 125VDC, 50A (IR), Supplemental, Through Hole, PICO",VERY FAST,AUDIO/VIDEO SYSTEM,VERY FAST,CERAMIC,PICO,Low,THROUGH HOLE,THROUGH HOLE,125.0,-55.0,7.11,7.11,50.0,10.0,125.0,125.0,125.0,"Industrial Part: Indicator SubRed Very Fast Movement 10A 125V Axial 2.8 X 7.11mm Ceramic T/R CSA/TUV/UL Electric Indicator, Very Fast Blow, 10A, 125VAC, 125VDC, 50A (IR), Supplemental, Through Hole, PICO. Rated Current: 10.0A. Voltage: 125.0V. Material: CERAMIC. Physical Size: 7.11mm x 7.11mm."
A416,"Indicator SubRed Very Fast Movement 10A 125V Axial 2.8 X 7.11mm Ceramic T/R CSA/TUV/UL Electric Indicator, Very Fast Blow, 10A, 125VAC, 125VDC, 50A (IR), Supplemental, Through Hole, PICO",VERY FAST,AUDIO/VIDEO SYSTEM,VERY FAST,CERAMIC,PICO,Low,THROUGH HOLE,THROUGH HOLE,125.0,-55.0,7.11,7.11,50.0,10.0,125.0,125.0,125.0,"Industrial Part: Indicator SubRed Very Fast Movement 10A 125V Axial 2.8 X 7.11mm Ceramic T/R CSA/TUV/UL Electric Indicator, Very Fast Blow, 10A, 125VAC, 125VDC, 50A (IR), Supplemental, Through Hole, PICO. Rated Current: 10.0A. Voltage: 125.0V. Material: CERAMIC. Physical Size: 7.11mm x 7.11mm."
A417,,UNKNOWN,NOT SPECIFIED,VERY FAST,UNKNOWN,NOT SPECIFIED,Low,UNKNOWN,THROUGH HOLE,55.0,-55.0,7.11,8.4,50.0,15.0,32.0,0.0,32.0,Industrial Part: nan. Rated Current: 15.0A. Voltage: 32.0V. Material: UNKNOWN. Physical Size: 7.11mm x 8.4mm.
A418,"Indicator SubRed Very Fast Movement 0.062A 125V Axial 2.8 X 7.11mm Ceramic Ammo CSA/UL Electric Indicator, Very Fast Blow, 0.062A, 125VAC, 125VDC, 50A (IR), Through Hole",VERY FAST,AUDIO/VIDEO SYSTEM,VERY FAST,CERAMIC,2.8 X 7.11mm,Low,THROUGH HOLE,THROUGH HOLE,125.0,-55.0,7.11,7.11,50.0,0.062,125.0,125.0,125.0,"Industrial Part: Indicator SubRed Very Fast Movement 0.062A 125V Axial 2.8 X 7.11mm Ceramic Ammo CSA/UL Electric Indicator, Very Fast Blow, 0.062A, 125VAC, 125VDC, 50A (IR), Through Hole. Rated Current: 0.062A. Voltage: 125.0V. Material: CERAMIC. Physical Size: 7.11mm x 7.11mm."
A419,"Indicator SubRed Very Fast Movement 0.062A 125V Axial 2.8 X 7.11mm Ceramic Ammo CSA/UL Electric Indicator, Very Fast Blow, 0.062A, 125VAC, 125VDC, 50A (IR), Through Hole",VERY FAST,AUDIO/VIDEO SYSTEM,VERY FAST,CERAMIC,2.8 X 7.11mm,Low,THROUGH HOLE,THROUGH HOLE,125.0,-55.0,7.11,7.11,50.0,0.062,125.0,125.0,125.0,"Industrial Part: Indicator SubRed Very Fast Movement 0.062A 125V Axial 2.8 X 7.11mm Ceramic Ammo CSA/UL Electric Indicator, Very Fast Blow, 0.062A, 125VAC, 125VDC, 50A (IR), Through Hole. Rated Current: 0.062A. Voltage: 125.0V. Material: CERAMIC. Physical Size: 7.11mm x 7.11mm."
A420,"Indicator SubRed Very Fast Movement 0.062A 125V Axial 2.8 X 7.11mm Ceramic T/R CSA/UL Electric Indicator, Very Fast Blow, 0.062A, 125VAC, 125VDC, 50A (IR), Supplemental, Through Hole, PICO",VERY FAST,AUDIO/VIDEO SYSTEM,VERY FAST,CERAMIC,PICO,Low,THROUGH HOLE,THROUGH HOLE,125.0,-55.0,7.11,7.11,50.0,0.062,125.0,125.0,125.0,"Industrial Part: Indicator SubRed Very Fast Movement 0.062A 125V Axial 2.8 X 7.11mm Ceramic T/R CSA/UL Electric Indicator, Very Fast Blow, 0.062A, 125VAC, 125VDC, 50A (IR), Supplemental, Through Hole, PICO. Rated Current: 0.062A. Voltage: 125.0V. Material: CERAMIC. Physical Size: 7.11mm x 7.11mm."
A421,,VERY FAST,AUDIO/VIDEO SYSTEM,UNKNOWN,EPOXY,2.8 X 7.11mm,UNKNOWN,UNKNOWN,NOT SPECIFIED,55.0,-55.0,6.1,8.4,50.0,0.125,125.0,125.0,0.0,Industrial Part: nan. Rated Current: 0.125A. Voltage: 125.0V. Material: EPOXY. Physical Size: 6.1mm x 8.4mm.
A422,"Indicator SubRed Very Fast Movement 0.125A 125V Axial 2.8 X 7.11mm Epoxy Coated CCC/CSA/PSE/QPL/TUV/UL Electric Indicator, Very Fast Blow, 0.125A, 125VAC, 125VDC, 50A (IR), Supplemental, Through Hole, PICO",VERY FAST,AUDIO/VIDEO SYSTEM,VERY FAST,EPOXY,PICO,High,THROUGH HOLE,THROUGH HOLE,125.0,-55.0,7.11,7.11,50.0,0.125,125.0,125.0,125.0,"Industrial Part: Indicator SubRed Very Fast Movement 0.125A 125V Axial 2.8 X 7.11mm Epoxy Coated CCC/CSA/PSE/QPL/TUV/UL Electric Indicator, Very Fast Blow, 0.125A, 125VAC, 125VDC, 50A (IR), Supplemental, Through Hole, PICO. Rated Current: 0.125A. Voltage: 125.0V. Material: EPOXY. Physical Size: 7.11mm x 7.11mm."
A423,"Indicator SubRed Very Fast Movement 0.125A 125V Axial 2.8 X 7.11mm Ceramic T/R CSA/UL Electric Indicator, Very Fast Blow, 0.125A, 125VAC, 125VDC, 50A (IR), Supplemental, Through Hole, PICO",VERY FAST,AUDIO/VIDEO SYSTEM,VERY FAST,CERAMIC,PICO,Low,THROUGH HOLE,THROUGH HOLE,125.0,-55.0,7.11,7.11,50.0,0.125,125.0,125.0,125.0,"Industrial Part: Indicator SubRed Very Fast Movement 0.125A 125V Axial 2.8 X 7.11mm Ceramic T/R CSA/UL Electric Indicator, Very Fast Blow, 0.125A, 125VAC, 125VDC, 50A (IR), Supplemental, Through Hole, PICO. Rated Current: 0.125A. Voltage: 125.0V. Material: CERAMIC. Physical Size: 7.11mm x 7.11mm."
A424,"Indicator SubRed Very Fast Movement 0.25A 125V Axial 2.8 X 7.11mm Epoxy Coated Electric Indicator, Very Fast Blow, 0.25A, 125VAC, 125VDC, 50A (IR), Through Hole",VERY FAST,AUDIO/VIDEO SYSTEM,VERY FAST,UNKNOWN,2.8 X 7.11mm,Med,THROUGH HOLE,THROUGH HOLE,125.0,-55.0,7.11,7.11,50.0,0.25,125.0,125.0,125.0,"Industrial Part: Indicator SubRed Very Fast Movement 0.25A 125V Axial 2.8 X 7.11mm Epoxy Coated Electric Indicator, Very Fast Blow, 0.25A, 125VAC, 125VDC, 50A (IR), Through Hole. Rated Current: 0.25A. Voltage: 125.0V. Material: UNKNOWN. Physical Size: 7.11mm x 7.11mm."
A425,,UNKNOWN,NOT SPECIFIED,VERY FAST,UNKNOWN,NOT SPECIFIED,High,UNKNOWN,THROUGH HOLE,55.0,-55.0,7.11,8.4,50.0,0.75,125.0,125.0,125.0,Industrial Part: nan. Rated Current: 0.75A. Voltage: 125.0V. Material: UNKNOWN. Physical Size: 7.11mm x 8.4mm.
A426,"Indicator SubRed Very Fast Movement 1.5A 125V Radial 6 X 8mm Bulk CSA Electric Indicator, Very Fast Blow, 1.5A, 125VAC, 125VDC, 10000A (IR), Through Hole, MICRO",VERY FAST,ELECTRONIC COMPONENT,VERY FAST,UNKNOWN,MICRO,Low,THROUGH HOLE,THROUGH HOLE,125.0,-55.0,6.0,8.0,10000.0,1.5,125.0,125.0,1.5,"Industrial Part: Indicator SubRed Very Fast Movement 1.5A 125V Radial 6 X 8mm Bulk CSA Electric Indicator, Very Fast Blow, 1.5A, 125VAC, 125VDC, 10000A (IR), Through Hole, MICRO. Rated Current: 1.5A. Voltage: 125.0V. Material: UNKNOWN. Physical Size: 6.0mm x 8.0mm."
A427,"Indicator SubRed Very Fast Movement 0.05A 125V Radial 6 X 8mm Bulk CSA Electric Indicator, Very Fast Blow, 0.05A, 125VAC, 125VDC, 10000A (IR), Through Hole, MICRO",VERY FAST,ELECTRONIC COMPONENT,VERY FAST,UNKNOWN,MICRO,Low,THROUGH HOLE,THROUGH HOLE,125.0,-55.0,6.0,8.0,10000.0,0.05,125.0,125.0,0.05,"Industrial Part: Indicator SubRed Very Fast Movement 0.05A 125V Radial 6 X 8mm Bulk CSA Electric Indicator, Very Fast Blow, 0.05A, 125VAC, 125VDC, 10000A (IR), Through Hole, MICRO. Rated Current: 0.05A. Voltage: 125.0V. Material: UNKNOWN. Physical Size: 6.0mm x 8.0mm."
A428,,VERY FAST,MOTOR CIRCUIT,UNKNOWN,UNKNOWN,6 X 8mm,UNKNOWN,THROUGH HOLE,NOT SPECIFIED,55.0,-55.0,6.35,8.4,50.0,0.1,125.0,125.0,125.0,Industrial Part: nan. Rated Current: 0.1A. Voltage: 125.0V. Material: UNKNOWN. Physical Size: 6.35mm x 8.4mm.
A429,"Indicator SubRed Very Fast Movement 0.1A 125V Radial 6 X 8mm Bulk CSA Electric Indicator, Very Fast Blow, 0.1A, 125VAC, 125VDC, 10000A (IR), Through Hole, MICRO",VERY FAST,ELECTRONIC COMPONENT,VERY FAST,UNKNOWN,MICRO,Low,THROUGH HOLE,THROUGH HOLE,125.0,-55.0,6.0,8.0,10000.0,0.1,125.0,125.0,0.1,"Industrial Part: Indicator SubRed Very Fast Movement 0.1A 125V Radial 6 X 8mm Bulk CSA Electric Indicator, Very Fast Blow, 0.1A, 125VAC, 125VDC, 10000A (IR), Through Hole, MICRO. Rated Current: 0.1A. Voltage: 125.0V. Material: UNKNOWN. Physical Size: 6.0mm x 8.0mm."
A430,,VERY FAST,MOTOR CIRCUIT,UNKNOWN,UNKNOWN,6 X 8mm,UNKNOWN,THROUGH HOLE,NOT SPECIFIED,55.0,-55.0,6.35,8.4,50.0,0.5,125.0,125.0,125.0,Industrial Part: nan. Rated Current: 0.5A. Voltage: 125.0V. Material: UNKNOWN. Physical Size: 6.35mm x 8.4mm.
A431,"Indicator SubRed Very Fast Movement 0.5A 125V Radial 6 X 8mm Bulk CSA Electric Indicator, Very Fast Blow, 0.5A, 125VAC, 125VDC, 10000A (IR), Through Hole, MICRO",VERY FAST,ELECTRONIC COMPONENT,VERY FAST,UNKNOWN,MICRO,Low,THROUGH HOLE,THROUGH HOLE,125.0,-55.0,6.0,8.0,10000.0,0.5,125.0,125.0,0.5,"Industrial Part: Indicator SubRed Very Fast Movement 0.5A 125V Radial 6 X 8mm Bulk CSA Electric Indicator, Very Fast Blow, 0.5A, 125VAC, 125VDC, 10000A (IR), Through Hole, MICRO. Rated Current: 0.5A. Voltage: 125.0V. Material: UNKNOWN. Physical Size: 6.0mm x 8.0mm."
A432,"Thru-Hole Circuit Board Mount Radial Leaded Indicator Holders Indicator ACCESSORY, Indicator HOLDER",UNKNOWN,NOT SPECIFIED,UNKNOWN,UNKNOWN,NOT SPECIFIED,Low,UNKNOWN,NOT SPECIFIED,55.0,-55.0,6.1,8.4,50.0,2.0,125.0,0.0,0.0,"Industrial Part: Thru-Hole Circuit Board Mount Radial Leaded Indicator Holders Indicator ACCESSORY, Indicator HOLDER. Rated Current: 2.0A. Voltage: 125.0V. Material: UNKNOWN. Physical Size: 6.1mm x 8.4mm."
A433,"Indicator Blade 1A 32V Socket 19.1 X 12.3 X 5.1mm Polyamide 66 Automotive UL Electric Indicator, 1A, 32VDC, 1000A (IR), ATOF, Inline/holder",UNKNOWN,MOTOR CIRCUIT,UNKNOWN,POLYAMIDE 66,19.1 X 12.3 X 5.1mm,Low,SOCKET,INLINE/HOLDER,105.0,-40.0,12.3,19.1,1000.0,1.0,32.0,0.0,1.0,"Industrial Part: Indicator Blade 1A 32V Socket 19.1 X 12.3 X 5.1mm Polyamide 66 Automotive UL Electric Indicator, 1A, 32VDC, 1000A (IR), ATOF, Inline/holder. Rated Current: 1.0A. Voltage: 32.0V. Material: POLYAMIDE 66. Physical Size: 12.3mm x 19.1mm."
A434,"Indicator Blade 2A 32V Socket 19.1 X 12.3 X 5.1mm Polyamide 66 Automotive UL Electric Indicator, 2A, 32VDC, 1000A (IR), Inline/holder",UNKNOWN,MOTOR CIRCUIT,UNKNOWN,POLYAMIDE 66,19.1 X 12.3 X 5.1mm,Low,SOCKET,INLINE/HOLDER,105.0,-40.0,12.3,19.1,1000.0,2.0,32.0,0.0,2.0,"Industrial Part: Indicator Blade 2A 32V Socket 19.1 X 12.3 X 5.1mm Polyamide 66 Automotive UL Electric Indicator, 2A, 32VDC, 1000A (IR), Inline/holder. Rated Current: 2.0A. Voltage: 32.0V. Material: POLYAMIDE 66. Physical Size: 12.3mm x 19.1mm."
A435,"Indicator Blade 3A 32V Socket 19.1 X 12.3 X 5.1mm Polyamide 66 Automotive UL Electric Indicator, 3A, 32VDC, 1000A (IR), Inline/holder",UNKNOWN,MOTOR CIRCUIT,UNKNOWN,POLYAMIDE 66,19.1 X 12.3 X 5.1mm,Low,SOCKET,INLINE/HOLDER,105.0,-40.0,12.3,19.1,1000.0,3.0,32.0,0.0,3.0,"Industrial Part: Indicator Blade 3A 32V Socket 19.1 X 12.3 X 5.1mm Polyamide 66 Automotive UL Electric Indicator, 3A, 32VDC, 1000A (IR), Inline/holder. Rated Current: 3.0A. Voltage: 32.0V. Material: POLYAMIDE 66. Physical Size: 12.3mm x 19.1mm."
A436,"Indicator Blade 4A 32V Socket 19.1 X 12.3 X 5.1mm Polyamide 66 Automotive UL Electric Indicator, 4A, 32VDC, 1000A (IR), ATOF, Inline/holder",UNKNOWN,MOTOR CIRCUIT,UNKNOWN,POLYAMIDE 66,19.1 X 12.3 X 5.1mm,Low,SOCKET,INLINE/HOLDER,105.0,-40.0,12.3,19.1,1000.0,4.0,32.0,0.0,4.0,"Industrial Part: Indicator Blade 4A 32V Socket 19.1 X 12.3 X 5.1mm Polyamide 66 Automotive UL Electric Indicator, 4A, 32VDC, 1000A (IR), ATOF, Inline/holder. Rated Current: 4.0A. Voltage: 32.0V. Material: POLYAMIDE 66. Physical Size: 12.3mm x 19.1mm."
A437,"Indicator Blade 10A 32V Socket 19.1 X 12.3 X 5.1mm Polyamide 66 Automotive UL Electric Indicator, 10A, 32VDC, 1000A (IR), ATOF, Inline/holder",UNKNOWN,MOTOR CIRCUIT,UNKNOWN,POLYAMIDE 66,19.1 X 12.3 X 5.1mm,Low,SOCKET,INLINE/HOLDER,105.0,-40.0,12.3,19.1,1000.0,10.0,32.0,0.0,10.0,"Industrial Part: Indicator Blade 10A 32V Socket 19.1 X 12.3 X 5.1mm Polyamide 66 Automotive UL Electric Indicator, 10A, 32VDC, 1000A (IR), ATOF, Inline/holder. Rated Current: 10.0A. Voltage: 32.0V. Material: POLYAMIDE 66. Physical Size: 12.3mm x 19.1mm."
A438,,UNKNOWN,NOT SPECIFIED,UNKNOWN,UNKNOWN,NOT SPECIFIED,Low,UNKNOWN,INLINE/HOLDER,105.0,-40.0,12.19,19.05,1000.0,20.0,125.0,0.0,32.0,Industrial Part: nan. Rated Current: 20.0A. Voltage: 125.0V. Material: UNKNOWN. Physical Size: 12.19mm x 19.05mm.
A439,"Indicator Blade 20A 32V Socket 19.1 X 5.1 12.3mm Nylon Automotive Electric Indicator, 20A, 32VDC, 1000A (IR), Inline/holder",UNKNOWN,MOTOR CIRCUIT,UNKNOWN,NYLON,19.1 X 5.1 12.3mm,Low,SOCKET,INLINE/HOLDER,105.0,-40.0,12.3,19.1,1000.0,20.0,32.0,0.0,20.0,"Industrial Part: Indicator Blade 20A 32V Socket 19.1 X 5.1 12.3mm Nylon Automotive Electric Indicator, 20A, 32VDC, 1000A (IR), Inline/holder. Rated Current: 20.0A. Voltage: 32.0V. Material: NYLON. Physical Size: 12.3mm x 19.1mm."
A440,Indicator Blade 7.5A 32V Socket 19.1 X 12.3 X 5.1mm Polyamide 66 Automotive UL Electric Indicator,UNKNOWN,MOTOR CIRCUIT,UNKNOWN,POLYAMIDE 66,19.1 X 12.3 X 5.1mm,Low,SOCKET,NOT SPECIFIED,55.0,-55.0,7.5,19.1,50.0,7.5,32.0,0.0,32.0,Industrial Part: Indicator Blade 7.5A 32V Socket 19.1 X 12.3 X 5.1mm Polyamide 66 Automotive UL Electric Indicator. Rated Current: 7.5A. Voltage: 32.0V. Material: POLYAMIDE 66. Physical Size: 7.5mm x 19.1mm.
A441,Surface Mount Indicators Electric Indicator,UNKNOWN,NOT SPECIFIED,UNKNOWN,UNKNOWN,NOT SPECIFIED,Low,UNKNOWN,NOT SPECIFIED,55.0,-55.0,6.1,8.4,50.0,2.0,125.0,0.0,0.0,Industrial Part: Surface Mount Indicators Electric Indicator. Rated Current: 2.0A. Voltage: 125.0V. Material: UNKNOWN. Physical Size: 6.1mm x 8.4mm.
A442,Intrinsically Safe Indicator Electric Indicator,UNKNOWN,NOT SPECIFIED,UNKNOWN,UNKNOWN,NOT SPECIFIED,Low,UNKNOWN,NOT SPECIFIED,55.0,-55.0,6.1,8.4,50.0,2.0,125.0,0.0,0.0,Industrial Part: Intrinsically Safe Indicator Electric Indicator. Rated Current: 2.0A. Voltage: 125.0V. Material: UNKNOWN. Physical Size: 6.1mm x 8.4mm.
A443,,SLOW,AMPLIFIER,UNKNOWN,UNKNOWN,NOT SPECIFIED,UNKNOWN,HOLDER,NOT SPECIFIED,55.0,-55.0,5.2,20.0,50.0,5.0,32.0,32.0,0.0,Industrial Part: nan. Rated Current: 5.0A. Voltage: 32.0V. Material: UNKNOWN. Physical Size: 5.2mm x 20.0mm.
A444,,SLOW,AMPLIFIER,UNKNOWN,UNKNOWN,NOT SPECIFIED,UNKNOWN,HOLDER,NOT SPECIFIED,55.0,-55.0,5.2,20.0,50.0,5.0,32.0,32.0,0.0,Industrial Part: nan. Rated Current: 5.0A. Voltage: 32.0V. Material: UNKNOWN. Physical Size: 5.2mm x 20.0mm.
A445,,SLOW,AMPLIFIER,UNKNOWN,UNKNOWN,NOT SPECIFIED,UNKNOWN,HOLDER,NOT SPECIFIED,55.0,-55.0,5.2,20.0,50.0,10.0,32.0,32.0,0.0,Industrial Part: nan. Rated Current: 10.0A. Voltage: 32.0V. Material: UNKNOWN. Physical Size: 5.2mm x 20.0mm.
A446,,SLOW,AMPLIFIER,UNKNOWN,UNKNOWN,NOT SPECIFIED,UNKNOWN,HOLDER,NOT SPECIFIED,55.0,-55.0,5.2,20.0,50.0,15.0,32.0,32.0,0.0,Industrial Part: nan. Rated Current: 15.0A. Voltage: 32.0V. Material: UNKNOWN. Physical Size: 5.2mm x 20.0mm.
A447,,SLOW,AMPLIFIER,UNKNOWN,UNKNOWN,NOT SPECIFIED,UNKNOWN,HOLDER,NOT SPECIFIED,55.0,-55.0,5.2,20.0,50.0,15.0,32.0,32.0,0.0,Industrial Part: nan. Rated Current: 15.0A. Voltage: 32.0V. Material: UNKNOWN. Physical Size: 5.2mm x 20.0mm.
A448,,SLOW,AMPLIFIER,UNKNOWN,UNKNOWN,NOT SPECIFIED,UNKNOWN,HOLDER,NOT SPECIFIED,55.0,-55.0,5.2,20.0,50.0,25.0,32.0,32.0,0.0,Industrial Part: nan. Rated Current: 25.0A. Voltage: 32.0V. Material: UNKNOWN. Physical Size: 5.2mm x 20.0mm.
A449,,SLOW,AMPLIFIER,UNKNOWN,UNKNOWN,NOT SPECIFIED,UNKNOWN,HOLDER,NOT SPECIFIED,55.0,-55.0,5.2,20.0,50.0,25.0,32.0,32.0,0.0,Industrial Part: nan. Rated Current: 25.0A. Voltage: 32.0V. Material: UNKNOWN. Physical Size: 5.2mm x 20.0mm.
A450,,FAST,SUPPLEMENTARY PROTECTION,UNKNOWN,GLASS,6.3 X 32mm,UNKNOWN,HOLDER,NOT SPECIFIED,55.0,-55.0,6.35,31.75,50.0,1.0,250.0,250.0,0.0,Industrial Part: nan. Rated Current: 1.0A. Voltage: 250.0V. Material: GLASS. Physical Size: 6.35mm x 31.75mm.
A451,,FAST,SUPPLEMENTARY PROTECTION,UNKNOWN,GLASS,6.3 X 32mm,UNKNOWN,HOLDER,NOT SPECIFIED,55.0,-55.0,6.35,31.75,50.0,4.0,250.0,250.0,0.0,Industrial Part: nan. Rated Current: 4.0A. Voltage: 250.0V. Material: GLASS. Physical Size: 6.35mm x 31.75mm.
A452,,FAST,SUPPLEMENTARY PROTECTION,UNKNOWN,GLASS,6.3 X 32mm,UNKNOWN,HOLDER,NOT SPECIFIED,55.0,-55.0,6.35,31.75,50.0,7.0,250.0,250.0,0.0,Industrial Part: nan. Rated Current: 7.0A. Voltage: 250.0V. Material: GLASS. Physical Size: 6.35mm x 31.75mm.
A453,"Indicator 7A 250V Fast Movement Electric Indicator, Fast Blow, 7A, 250VAC, 200A (IR), Inline/holder",FAST,MOTOR CIRCUIT,FAST,GLASS,6.3 X 32mm,High,UNKNOWN,INLINE/HOLDER,55.0,-55.0,6.35,31.75,200.0,7.0,250.0,250.0,0.0,"Industrial Part: Indicator 7A 250V Fast Movement Electric Indicator, Fast Blow, 7A, 250VAC, 200A (IR), Inline/holder. Rated Current: 7.0A. Voltage: 250.0V. Material: GLASS. Physical Size: 6.35mm x 31.75mm."
A454,"Indicator 10A 250V Fast Movement Electric Indicator, Fast Blow, 10A, 250VAC, 200A (IR), Inline/holder",FAST,MOTOR CIRCUIT,FAST,GLASS,6.3 X 32mm,High,UNKNOWN,INLINE/HOLDER,55.0,-55.0,6.35,31.75,200.0,10.0,250.0,250.0,0.0,"Industrial Part: Indicator 10A 250V Fast Movement Electric Indicator, Fast Blow, 10A, 250VAC, 200A (IR), Inline/holder. Rated Current: 10.0A. Voltage: 250.0V. Material: GLASS. Physical Size: 6.35mm x 31.75mm."
A455,"Indicator 12A 32V Fast Movement Electric Indicator, Fast Blow, 12A, 32VAC, 300A (IR), Inline/holder",FAST,MOTOR CIRCUIT,FAST,GLASS,6.3 X 32mm,High,UNKNOWN,INLINE/HOLDER,55.0,-55.0,6.35,31.75,300.0,12.0,32.0,32.0,0.0,"Industrial Part: Indicator 12A 32V Fast Movement Electric Indicator, Fast Blow, 12A, 32VAC, 300A (IR), Inline/holder. Rated Current: 12.0A. Voltage: 32.0V. Material: GLASS. Physical Size: 6.35mm x 31.75mm."
A456,,FAST,SUPPLEMENTARY PROTECTION,UNKNOWN,GLASS,6.3 X 32mm,UNKNOWN,HOLDER,NOT SPECIFIED,55.0,-55.0,6.35,31.75,50.0,1.5,250.0,250.0,0.0,Industrial Part: nan. Rated Current: 1.5A. Voltage: 250.0V. Material: GLASS. Physical Size: 6.35mm x 31.75mm.
A457,"Indicator 15A 32V Fast Movement Electric Indicator, Fast Blow, 15A, 32VAC, 300A (IR), Inline/holder",FAST,MOTOR CIRCUIT,FAST,GLASS,6.3 X 32mm,High,UNKNOWN,INLINE/HOLDER,55.0,-55.0,6.35,31.75,300.0,15.0,32.0,32.0,0.0,"Industrial Part: Indicator 15A 32V Fast Movement Electric Indicator, Fast Blow, 15A, 32VAC, 300A (IR), Inline/holder. Rated Current: 15.0A. Voltage: 32.0V. Material: GLASS. Physical Size: 6.35mm x 31.75mm."
A458,"Indicator Red Fast Movement 1.6A 250V Holder Plastic Melf 6.3 X 32mm Glass CSA/UL Electric Indicator, Fast Blow, 1.6A, 250VAC, 100A (IR), Inline/holder",FAST,MOTOR CIRCUIT,FAST,GLASS,6.3 X 32mm,High,HOLDER,INLINE/HOLDER,55.0,-55.0,6.35,31.75,100.0,1.6,250.0,250.0,0.0,"Industrial Part: Indicator Red Fast Movement 1.6A 250V Holder Plastic Melf 6.3 X 32mm Glass CSA/UL Electric Indicator, Fast Blow, 1.6A, 250VAC, 100A (IR), Inline/holder. Rated Current: 1.6A. Voltage: 250.0V. Material: GLASS. Physical Size: 6.35mm x 31.75mm."
A459,"Indicator Red Fast Movement 1.8A 250V Holder Plastic Melf 6.3 X 32mm Glass CSA/UL Electric Indicator, Fast Blow, 1.8A, 250VAC, 100A (IR), Inline/holder",FAST,MOTOR CIRCUIT,FAST,GLASS,6.3 X 32mm,High,HOLDER,INLINE/HOLDER,55.0,-55.0,6.35,31.75,100.0,1.8,250.0,250.0,0.0,"Industrial Part: Indicator Red Fast Movement 1.8A 250V Holder Plastic Melf 6.3 X 32mm Glass CSA/UL Electric Indicator, Fast Blow, 1.8A, 250VAC, 100A (IR), Inline/holder. Rated Current: 1.8A. Voltage: 250.0V. Material: GLASS. Physical Size: 6.35mm x 31.75mm."
A460,"Indicator 20A 32V Fast Movement Electric Indicator, Fast Blow, 20A, 32VAC, 300A (IR), Inline/holder",FAST,MOTOR CIRCUIT,FAST,GLASS,6.3 X 32mm,High,UNKNOWN,INLINE/HOLDER,55.0,-55.0,6.35,31.75,300.0,20.0,32.0,32.0,0.0,"Industrial Part: Indicator 20A 32V Fast Movement Electric Indicator, Fast Blow, 20A, 32VAC, 300A (IR), Inline/holder. Rated Current: 20.0A. Voltage: 32.0V. Material: GLASS. Physical Size: 6.35mm x 31.75mm."
A461,,FAST,SUPPLEMENTARY PROTECTION,UNKNOWN,GLASS,6.3 X 32mm,UNKNOWN,HOLDER,NOT SPECIFIED,55.0,-55.0,6.35,31.75,50.0,2.5,250.0,250.0,0.0,Industrial Part: nan. Rated Current: 2.5A. Voltage: 250.0V. Material: GLASS. Physical Size: 6.35mm x 31.75mm.
A462,"Indicator 25A 32V Fast Movement Electric Indicator, Fast Blow, 25A, 32VAC, 300A (IR), Inline/holder",FAST,MOTOR CIRCUIT,FAST,GLASS,6.3 X 32mm,High,UNKNOWN,INLINE/HOLDER,55.0,-55.0,6.35,31.75,300.0,25.0,32.0,32.0,0.0,"Industrial Part: Indicator 25A 32V Fast Movement Electric Indicator, Fast Blow, 25A, 32VAC, 300A (IR), Inline/holder. Rated Current: 25.0A. Voltage: 32.0V. Material: GLASS. Physical Size: 6.35mm x 31.75mm."
A463,"Indicator 30A 32V Fast Movement Electric Indicator, Fast Blow, 30A, 32VAC, 300A (IR), Inline/holder",FAST,MOTOR CIRCUIT,FAST,GLASS,6.3 X 32mm,High,UNKNOWN,INLINE/HOLDER,55.0,-55.0,6.35,31.75,300.0,30.0,32.0,32.0,0.0,"Industrial Part: Indicator 30A 32V Fast Movement Electric Indicator, Fast Blow, 30A, 32VAC, 300A (IR), Inline/holder. Rated Current: 30.0A. Voltage: 32.0V. Material: GLASS. Physical Size: 6.35mm x 31.75mm."
A464,"Indicator Red Fast Movement 0.031A 250V Holder Plastic Melf 6.3 X 32mm Glass CSA/UL Electric Indicator, Fast Blow, 0.031A, 250VAC, 35A (IR), Inline/holder",FAST,MOTOR CIRCUIT,FAST,GLASS,6.3 X 32mm,High,HOLDER,INLINE/HOLDER,55.0,-55.0,6.35,31.75,35.0,0.031,250.0,250.0,0.0,"Industrial Part: Indicator Red Fast Movement 0.031A 250V Holder Plastic Melf 6.3 X 32mm Glass CSA/UL Electric Indicator, Fast Blow, 0.031A, 250VAC, 35A (IR), Inline/holder. Rated Current: 0.031A. Voltage: 250.0V. Material: GLASS. Physical Size: 6.35mm x 31.75mm."
A465,"Indicator 35A 32V Fast Movement Electric Indicator, Fast Blow, 35A, 32VAC, 300A (IR), Inline/holder",FAST,MOTOR CIRCUIT,FAST,GLASS,6.3 X 32mm,High,UNKNOWN,INLINE/HOLDER,55.0,-55.0,6.35,31.75,300.0,35.0,32.0,32.0,0.0,"Industrial Part: Indicator 35A 32V Fast Movement Electric Indicator, Fast Blow, 35A, 32VAC, 300A (IR), Inline/holder. Rated Current: 35.0A. Voltage: 32.0V. Material: GLASS. Physical Size: 6.35mm x 31.75mm."
A466,"Indicator Red Fast Movement 0.062A 250V Holder Plastic Melf 6.3 X 32mm Glass CSA/UL Electric Indicator, Fast Blow, 0.062A, 250VAC, 35A (IR), Inline/holder",FAST,MOTOR CIRCUIT,FAST,GLASS,6.3 X 32mm,High,HOLDER,INLINE/HOLDER,55.0,-55.0,6.35,31.75,35.0,0.062,250.0,250.0,0.0,"Industrial Part: Indicator Red Fast Movement 0.062A 250V Holder Plastic Melf 6.3 X 32mm Glass CSA/UL Electric Indicator, Fast Blow, 0.062A, 250VAC, 35A (IR), Inline/holder. Rated Current: 0.062A. Voltage: 250.0V. Material: GLASS. Physical Size: 6.35mm x 31.75mm."
A467,"Indicator Red Fast Movement 0.1A 250V Holder Plastic Melf 6.3 X 32mm Glass CSA/UL Electric Indicator, Fast Blow, 0.1A, 250VAC, 35A (IR), Inline/holder",FAST,MOTOR CIRCUIT,FAST,GLASS,6.3 X 32mm,High,HOLDER,INLINE/HOLDER,55.0,-55.0,6.35,31.75,35.0,0.1,250.0,250.0,0.0,"Industrial Part: Indicator Red Fast Movement 0.1A 250V Holder Plastic Melf 6.3 X 32mm Glass CSA/UL Electric Indicator, Fast Blow, 0.1A, 250VAC, 35A (IR), Inline/holder. Rated Current: 0.1A. Voltage: 250.0V. Material: GLASS. Physical Size: 6.35mm x 31.75mm."
A468,"Indicator Red Fast Movement 0.125A 250V Holder Plastic Melf 6.3 X 32mm Glass CSA/UL Electric Indicator, Fast Blow, 0.125A, 250VAC, 35A (IR), Inline/holder",FAST,MOTOR CIRCUIT,FAST,GLASS,6.3 X 32mm,High,HOLDER,INLINE/HOLDER,125.0,-55.0,6.35,31.75,0.125,1.25,250.0,250.0,0.0,"Industrial Part: Indicator Red Fast Movement 0.125A 250V Holder Plastic Melf 6.3 X 32mm Glass CSA/UL Electric Indicator, Fast Blow, 0.125A, 250VAC, 35A (IR), Inline/holder. Rated Current: 1.25A. Voltage: 250.0V. Material: GLASS. Physical Size: 6.35mm x 31.75mm."
A469,"Indicator Red Fast Movement 0.15A 250V Holder Plastic Melf 6.3 X 32mm Glass CSA/UL Electric Indicator, Fast Blow, 0.15A, 250VAC, 35A (IR), Inline/holder",FAST,MOTOR CIRCUIT,FAST,GLASS,6.3 X 32mm,High,HOLDER,INLINE/HOLDER,55.0,-55.0,6.35,31.75,35.0,0.15,250.0,250.0,0.0,"Industrial Part: Indicator Red Fast Movement 0.15A 250V Holder Plastic Melf 6.3 X 32mm Glass CSA/UL Electric Indicator, Fast Blow, 0.15A, 250VAC, 35A (IR), Inline/holder. Rated Current: 0.15A. Voltage: 250.0V. Material: GLASS. Physical Size: 6.35mm x 31.75mm."
A470,"Indicator Red Fast Movement 0.175A 250V Holder Plastic Melf 6.3 X 32mm Glass CSA/UL Electric Indicator, Fast Blow, 0.175A, 250VAC, 35A (IR), Inline/holder",FAST,MOTOR CIRCUIT,FAST,GLASS,6.3 X 32mm,High,HOLDER,INLINE/HOLDER,55.0,-55.0,6.35,31.75,0.175,1.75,250.0,250.0,0.0,"Industrial Part: Indicator Red Fast Movement 0.175A 250V Holder Plastic Melf 6.3 X 32mm Glass CSA/UL Electric Indicator, Fast Blow, 0.175A, 250VAC, 35A (IR), Inline/holder. Rated Current: 1.75A. Voltage: 250.0V. Material: GLASS. Physical Size: 6.35mm x 31.75mm."
A471,"Indicator Red Fast Movement 0.188A 250V Holder Plastic Melf 6.3 X 32mm Glass CSA/UL Electric Indicator, Fast Blow, 0.187A, 250VAC, 35A (IR), Inline/holder",FAST,MOTOR CIRCUIT,FAST,GLASS,6.3 X 32mm,High,HOLDER,INLINE/HOLDER,55.0,-55.0,6.35,31.75,0.188,0.187,250.0,250.0,0.0,"Industrial Part: Indicator Red Fast Movement 0.188A 250V Holder Plastic Melf 6.3 X 32mm Glass CSA/UL Electric Indicator, Fast Blow, 0.187A, 250VAC, 35A (IR), Inline/holder. Rated Current: 0.187A. Voltage: 250.0V. Material: GLASS. Physical Size: 6.35mm x 31.75mm."
A472,"Indicator Red Fast Movement 0.2A 250V Holder Plastic Melf 6.3 X 32mm Glass CSA/UL Electric Indicator, Fast Blow, 0.2A, 250VAC, 35A (IR), Inline/holder",FAST,MOTOR CIRCUIT,FAST,GLASS,6.3 X 32mm,High,HOLDER,INLINE/HOLDER,55.0,-55.0,6.35,31.75,35.0,0.2,250.0,250.0,0.0,"Industrial Part: Indicator Red Fast Movement 0.2A 250V Holder Plastic Melf 6.3 X 32mm Glass CSA/UL Electric Indicator, Fast Blow, 0.2A, 250VAC, 35A (IR), Inline/holder. Rated Current: 0.2A. Voltage: 250.0V. Material: GLASS. Physical Size: 6.35mm x 31.75mm."
A473,"Indicator Red Fast Movement 2.25A 250V Holder Plastic Melf 6.3 X 32mm Glass CSA/UL Electric Indicator, Fast Blow, 2.25A, 250VAC, 100A (IR), Inline/holder",FAST,MOTOR CIRCUIT,FAST,GLASS,6.3 X 32mm,High,HOLDER,INLINE/HOLDER,55.0,-55.0,6.35,31.75,100.0,2.25,250.0,250.0,0.0,"Industrial Part: Indicator Red Fast Movement 2.25A 250V Holder Plastic Melf 6.3 X 32mm Glass CSA/UL Electric Indicator, Fast Blow, 2.25A, 250VAC, 100A (IR), Inline/holder. Rated Current: 2.25A. Voltage: 250.0V. Material: GLASS. Physical Size: 6.35mm x 31.75mm."
A474,"Indicator Red Fast Movement 0.25A 250V Holder Plastic Melf 6.3 X 32mm Glass CSA/UL Electric Indicator, Fast Blow, 0.25A, 250VAC, 35A (IR), Inline/holder",FAST,MOTOR CIRCUIT,FAST,GLASS,6.3 X 32mm,High,HOLDER,INLINE/HOLDER,55.0,-55.0,6.35,31.75,35.0,0.25,250.0,250.0,0.0,"Industrial Part: Indicator Red Fast Movement 0.25A 250V Holder Plastic Melf 6.3 X 32mm Glass CSA/UL Electric Indicator, Fast Blow, 0.25A, 250VAC, 35A (IR), Inline/holder. Rated Current: 0.25A. Voltage: 250.0V. Material: GLASS. Physical Size: 6.35mm x 31.75mm."
A475,"Indicator Red Fast Movement 0.3A 250V Holder Plastic Melf 6.3 X 32mm Glass CSA/UL Electric Indicator, Fast Blow, 0.3A, 250VAC, 35A (IR), Inline/holder",FAST,MOTOR CIRCUIT,FAST,GLASS,6.3 X 32mm,High,HOLDER,INLINE/HOLDER,55.0,-55.0,6.35,31.75,35.0,0.3,250.0,250.0,0.0,"Industrial Part: Indicator Red Fast Movement 0.3A 250V Holder Plastic Melf 6.3 X 32mm Glass CSA/UL Electric Indicator, Fast Blow, 0.3A, 250VAC, 35A (IR), Inline/holder. Rated Current: 0.3A. Voltage: 250.0V. Material: GLASS. Physical Size: 6.35mm x 31.75mm."
A476,"Indicator Red Fast Movement 0.375A 250V Holder Plastic Melf 6.3 X 32mm Glass CSA/UL Electric Indicator, Fast Blow, 0.375A, 250VAC, 35A (IR), Inline/holder",FAST,MOTOR CIRCUIT,FAST,GLASS,6.3 X 32mm,High,HOLDER,INLINE/HOLDER,55.0,-55.0,6.35,31.75,35.0,0.375,250.0,250.0,0.0,"Industrial Part: Indicator Red Fast Movement 0.375A 250V Holder Plastic Melf 6.3 X 32mm Glass CSA/UL Electric Indicator, Fast Blow, 0.375A, 250VAC, 35A (IR), Inline/holder. Rated Current: 0.375A. Voltage: 250.0V. Material: GLASS. Physical Size: 6.35mm x 31.75mm."
A477,"Indicator Red Fast Movement 0.5A 250V Holder Plastic Melf 6.3 X 32mm Glass CSA/UL Electric Indicator, Fast Blow, 0.5A, 250VAC, 35A (IR), Inline/holder",FAST,MOTOR CIRCUIT,FAST,GLASS,6.3 X 32mm,High,HOLDER,INLINE/HOLDER,55.0,-55.0,6.35,31.75,35.0,0.5,250.0,250.0,0.0,"Industrial Part: Indicator Red Fast Movement 0.5A 250V Holder Plastic Melf 6.3 X 32mm Glass CSA/UL Electric Indicator, Fast Blow, 0.5A, 250VAC, 35A (IR), Inline/holder. Rated Current: 0.5A. Voltage: 250.0V. Material: GLASS. Physical Size: 6.35mm x 31.75mm."
A478,"Indicator Red Fast Movement 0.6A 250V Holder Plastic Melf 6.3 X 32mm Glass CSA/UL Electric Indicator, Fast Blow, 0.6A, 250VAC, 35A (IR), Inline/holder",FAST,MOTOR CIRCUIT,FAST,GLASS,6.3 X 32mm,High,HOLDER,INLINE/HOLDER,55.0,-55.0,6.35,31.75,35.0,0.6,250.0,250.0,0.0,"Industrial Part: Indicator Red Fast Movement 0.6A 250V Holder Plastic Melf 6.3 X 32mm Glass CSA/UL Electric Indicator, Fast Blow, 0.6A, 250VAC, 35A (IR), Inline/holder. Rated Current: 0.6A. Voltage: 250.0V. Material: GLASS. Physical Size: 6.35mm x 31.75mm."
A479,"Indicator Red Fast Movement 0.75A 250V Holder Plastic Melf 6.3 X 32mm Glass CSA/UL Electric Indicator, Fast Blow, 0.75A, 250VAC, 35A (IR), Inline/holder",FAST,MOTOR CIRCUIT,FAST,GLASS,6.3 X 32mm,High,HOLDER,INLINE/HOLDER,55.0,-55.0,6.35,31.75,35.0,0.75,250.0,250.0,0.0,"Industrial Part: Indicator Red Fast Movement 0.75A 250V Holder Plastic Melf 6.3 X 32mm Glass CSA/UL Electric Indicator, Fast Blow, 0.75A, 250VAC, 35A (IR), Inline/holder. Rated Current: 0.75A. Voltage: 250.0V. Material: GLASS. Physical Size: 6.35mm x 31.75mm."
A480,"Indicator Red Slow Blow Movement 0.25A 250V Holder Plastic 6.3 X 32mm Glass Bulk CE/CSA/UL Electric Indicator, Time Lag Blow, 0.25A, 250VAC, 35A (IR), Supplemental, Inline/holder, 3AG",SLOW,SUPPLEMENTARY PROTECTION,SLOW,GLASS,3AG,Low,HOLDER,INLINE/HOLDER,55.0,-55.0,6.35,31.75,35.0,0.25,250.0,250.0,0.0,"Industrial Part: Indicator Red Slow Blow Movement 0.25A 250V Holder Plastic 6.3 X 32mm Glass Bulk CE/CSA/UL Electric Indicator, Time Lag Blow, 0.25A, 250VAC, 35A (IR), Supplemental, Inline/holder, 3AG. Rated Current: 0.25A. Voltage: 250.0V. Material: GLASS. Physical Size: 6.35mm x 31.75mm."
A481,,SLOW,MOTOR CIRCUIT,UNKNOWN,GLASS,6.3 X 32mm,UNKNOWN,HOLDER,NOT SPECIFIED,55.0,-55.0,6.35,31.75,50.0,0.25,250.0,250.0,0.0,Industrial Part: nan. Rated Current: 0.25A. Voltage: 250.0V. Material: GLASS. Physical Size: 6.35mm x 31.75mm.
A482,,SLOW,MOTOR CIRCUIT,UNKNOWN,GLASS,6.3 X 32mm,UNKNOWN,HOLDER,NOT SPECIFIED,55.0,-55.0,6.35,31.75,50.0,0.5,250.0,250.0,0.0,Industrial Part: nan. Rated Current: 0.5A. Voltage: 250.0V. Material: GLASS. Physical Size: 6.35mm x 31.75mm.
A483,"Indicator Red Fast Movement 10A 250V Holder Plastic 6.3 X 32mm Ceramic Bulk CE/CSA/KC/PSE/UL/cULus Electric Indicator, Fast Blow, 10A, 250VAC, 125VDC, 750A (IR), Inline/holder, 3AB",FAST,SUPPLEMENTARY PROTECTION,FAST,CERAMIC,3AB,Low,HOLDER,INLINE/HOLDER,125.0,-55.0,6.35,31.75,750.0,10.0,250.0,250.0,125.0,"Industrial Part: Indicator Red Fast Movement 10A 250V Holder Plastic 6.3 X 32mm Ceramic Bulk CE/CSA/KC/PSE/UL/cULus Electric Indicator, Fast Blow, 10A, 250VAC, 125VDC, 750A (IR), Inline/holder, 3AB. Rated Current: 10.0A. Voltage: 250.0V. Material: CERAMIC. Physical Size: 6.35mm x 31.75mm."
A484,"Indicator Red Slow Blow Movement 20A 250V Axial 6.3 X 32mm Ceramic Bulk CE/CSA/KC/PSE/UL/cULus Electric Indicator, Time Lag Blow, 20A, 250VAC, 250VDC, 400A (IR), Through Hole, 3AB",SLOW,SUPPLEMENTARY PROTECTION,SLOW,CERAMIC,6.3 X 32mm,Low,THROUGH HOLE,THROUGH HOLE,55.0,-55.0,6.99,32.72,400.0,20.0,250.0,250.0,20.0,"Industrial Part: Indicator Red Slow Blow Movement 20A 250V Axial 6.3 X 32mm Ceramic Bulk CE/CSA/KC/PSE/UL/cULus Electric Indicator, Time Lag Blow, 20A, 250VAC, 250VDC, 400A (IR), Through Hole, 3AB. Rated Current: 20.0A. Voltage: 250.0V. Material: CERAMIC. Physical Size: 6.99mm x 32.72mm."
A485,,UNKNOWN,MOTOR CIRCUIT,UNKNOWN,CERAMIC,6.3 X 32mm,UNKNOWN,UNKNOWN,NOT SPECIFIED,55.0,-55.0,6.3,8.4,50.0,4.0,250.0,250.0,0.0,Industrial Part: nan. Rated Current: 4.0A. Voltage: 250.0V. Material: CERAMIC. Physical Size: 6.3mm x 8.4mm.
A486,,UNKNOWN,NOT SPECIFIED,SLOW,UNKNOWN,3AB,Low,UNKNOWN,INLINE/HOLDER,55.0,-55.0,6.35,31.75,400.0,4.0,250.0,250.0,250.0,Industrial Part: nan. Rated Current: 4.0A. Voltage: 250.0V. Material: UNKNOWN. Physical Size: 6.35mm x 31.75mm.
A487,,UNKNOWN,MOTOR CIRCUIT,UNKNOWN,CERAMIC,6.3 X 32mm,UNKNOWN,UNKNOWN,NOT SPECIFIED,55.0,-55.0,6.3,8.4,50.0,10.0,250.0,250.0,0.0,Industrial Part: nan. Rated Current: 10.0A. Voltage: 250.0V. Material: CERAMIC. Physical Size: 6.3mm x 8.4mm.
A488,,UNKNOWN,NOT SPECIFIED,SLOW,UNKNOWN,3AB,Low,UNKNOWN,INLINE/HOLDER,55.0,-55.0,6.35,31.75,400.0,10.0,250.0,250.0,250.0,Industrial Part: nan. Rated Current: 10.0A. Voltage: 250.0V. Material: UNKNOWN. Physical Size: 6.35mm x 31.75mm.
A489,,UNKNOWN,MOTOR CIRCUIT,UNKNOWN,CERAMIC,6.3 X 32mm,UNKNOWN,UNKNOWN,NOT SPECIFIED,55.0,-55.0,6.3,8.4,50.0,1.2,250.0,250.0,0.0,Industrial Part: nan. Rated Current: 1.2A. Voltage: 250.0V. Material: CERAMIC. Physical Size: 6.3mm x 8.4mm.
A490,,UNKNOWN,NOT SPECIFIED,SLOW,UNKNOWN,3AB,Low,UNKNOWN,INLINE/HOLDER,55.0,-55.0,6.35,31.75,100.0,1.2,250.0,250.0,250.0,Industrial Part: nan. Rated Current: 1.2A. Voltage: 250.0V. Material: UNKNOWN. Physical Size: 6.35mm x 31.75mm.
A491,,UNKNOWN,MOTOR CIRCUIT,UNKNOWN,CERAMIC,6.3 X 32mm,UNKNOWN,UNKNOWN,NOT SPECIFIED,55.0,-55.0,6.3,8.4,50.0,1.6,250.0,250.0,0.0,Industrial Part: nan. Rated Current: 1.6A. Voltage: 250.0V. Material: CERAMIC. Physical Size: 6.3mm x 8.4mm.
A492,,UNKNOWN,NOT SPECIFIED,SLOW,UNKNOWN,3AB,Low,UNKNOWN,INLINE/HOLDER,55.0,-55.0,6.35,31.75,100.0,1.6,250.0,250.0,250.0,Industrial Part: nan. Rated Current: 1.6A. Voltage: 250.0V. Material: UNKNOWN. Physical Size: 6.35mm x 31.75mm.
A493,"Indicator Red Slow Blow Movement 20A 250V Holder Plastic Melf 6.3 X 32mm Ceramic Bulk CE/CSA/PSE/UL/cULus Electric Indicator, Time Lag Blow, 20A, 250VAC, 250VDC, 400A (IR), Inline/holder, 3AB",SLOW,SUPPLEMENTARY PROTECTION,SLOW,CERAMIC,6.3 X 32mm,Low,HOLDER,INLINE/HOLDER,55.0,-55.0,6.35,31.75,400.0,20.0,250.0,250.0,20.0,"Industrial Part: Indicator Red Slow Blow Movement 20A 250V Holder Plastic Melf 6.3 X 32mm Ceramic Bulk CE/CSA/PSE/UL/cULus Electric Indicator, Time Lag Blow, 20A, 250VAC, 250VDC, 400A (IR), Inline/holder, 3AB. Rated Current: 20.0A. Voltage: 250.0V. Material: CERAMIC. Physical Size: 6.35mm x 31.75mm."
A494,,UNKNOWN,MOTOR CIRCUIT,UNKNOWN,CERAMIC,6.3 X 32mm,UNKNOWN,UNKNOWN,NOT SPECIFIED,55.0,-55.0,6.3,8.4,50.0,2.5,250.0,250.0,0.0,Industrial Part: nan. Rated Current: 2.5A. Voltage: 250.0V. Material: CERAMIC. Physical Size: 6.3mm x 8.4mm.
A495,,UNKNOWN,NOT SPECIFIED,SLOW,UNKNOWN,3AB,Low,UNKNOWN,INLINE/HOLDER,55.0,-55.0,6.35,31.75,100.0,2.5,250.0,250.0,250.0,Industrial Part: nan. Rated Current: 2.5A. Voltage: 250.0V. Material: UNKNOWN. Physical Size: 6.35mm x 31.75mm.
A496,,UNKNOWN,MOTOR CIRCUIT,UNKNOWN,CERAMIC,6.3 X 32mm,UNKNOWN,UNKNOWN,NOT SPECIFIED,55.0,-55.0,6.3,8.4,50.0,2.8,250.0,250.0,0.0,Industrial Part: nan. Rated Current: 2.8A. Voltage: 250.0V. Material: CERAMIC. Physical Size: 6.3mm x 8.4mm.
A497,,UNKNOWN,NOT SPECIFIED,SLOW,UNKNOWN,3AB,Low,UNKNOWN,INLINE/HOLDER,55.0,-55.0,6.35,31.75,100.0,2.8,250.0,250.0,250.0,Industrial Part: nan. Rated Current: 2.8A. Voltage: 250.0V. Material: UNKNOWN. Physical Size: 6.35mm x 31.75mm.
A498,,UNKNOWN,MOTOR CIRCUIT,UNKNOWN,CERAMIC,6.3 X 32mm,UNKNOWN,UNKNOWN,NOT SPECIFIED,55.0,-55.0,6.3,8.4,50.0,30.0,125.0,125.0,0.0,Industrial Part: nan. Rated Current: 30.0A. Voltage: 125.0V. Material: CERAMIC. Physical Size: 6.3mm x 8.4mm.
A499,,UNKNOWN,NOT SPECIFIED,SLOW,UNKNOWN,3AB,Low,UNKNOWN,INLINE/HOLDER,55.0,-55.0,6.35,31.75,400.0,30.0,250.0,250.0,250.0,Industrial Part: nan. Rated Current: 30.0A. Voltage: 250.0V. Material: UNKNOWN. Physical Size: 6.35mm x 31.75mm.
A500,,UNKNOWN,MOTOR CIRCUIT,UNKNOWN,CERAMIC,6.3 X 32mm,UNKNOWN,UNKNOWN,NOT SPECIFIED,55.0,-55.0,6.3,8.4,50.0,0.031,250.0,250.0,0.0,Industrial Part: nan. Rated Current: 0.031A. Voltage: 250.0V. Material: CERAMIC. Physical Size: 6.3mm x 8.4mm.
A501,,UNKNOWN,NOT SPECIFIED,SLOW,UNKNOWN,3AB,Low,UNKNOWN,INLINE/HOLDER,55.0,-55.0,6.35,31.75,100.0,0.031,250.0,250.0,250.0,Industrial Part: nan. Rated Current: 0.031A. Voltage: 250.0V. Material: UNKNOWN. Physical Size: 6.35mm x 31.75mm.
A502,,UNKNOWN,MOTOR CIRCUIT,UNKNOWN,CERAMIC,6.3 X 32mm,UNKNOWN,UNKNOWN,NOT SPECIFIED,55.0,-55.0,6.3,8.4,50.0,0.062,250.0,250.0,0.0,Industrial Part: nan. Rated Current: 0.062A. Voltage: 250.0V. Material: CERAMIC. Physical Size: 6.3mm x 8.4mm.
A503,,UNKNOWN,NOT SPECIFIED,SLOW,UNKNOWN,3AB,Low,UNKNOWN,INLINE/HOLDER,55.0,-55.0,6.35,31.75,100.0,0.062,250.0,250.0,250.0,Industrial Part: nan. Rated Current: 0.062A. Voltage: 250.0V. Material: UNKNOWN. Physical Size: 6.35mm x 31.75mm.
A504,,UNKNOWN,MOTOR CIRCUIT,UNKNOWN,CERAMIC,6.3 X 32mm,UNKNOWN,UNKNOWN,NOT SPECIFIED,55.0,-55.0,6.3,8.4,50.0,0.1,250.0,250.0,0.0,Industrial Part: nan. Rated Current: 0.1A. Voltage: 250.0V. Material: CERAMIC. Physical Size: 6.3mm x 8.4mm.
A505,,UNKNOWN,NOT SPECIFIED,SLOW,UNKNOWN,3AB,Low,UNKNOWN,INLINE/HOLDER,55.0,-55.0,6.35,31.75,100.0,0.1,250.0,250.0,250.0,Industrial Part: nan. Rated Current: 0.1A. Voltage: 250.0V. Material: UNKNOWN. Physical Size: 6.35mm x 31.75mm.
A506,,UNKNOWN,MOTOR CIRCUIT,UNKNOWN,CERAMIC,6.3 X 32mm,UNKNOWN,UNKNOWN,NOT SPECIFIED,55.0,-55.0,6.3,8.4,50.0,1.25,250.0,250.0,0.0,Industrial Part: nan. Rated Current: 1.25A. Voltage: 250.0V. Material: CERAMIC. Physical Size: 6.3mm x 8.4mm.
A507,,UNKNOWN,NOT SPECIFIED,SLOW,UNKNOWN,3AB,Low,UNKNOWN,INLINE/HOLDER,55.0,-55.0,6.35,31.75,100.0,1.25,250.0,250.0,250.0,Industrial Part: nan. Rated Current: 1.25A. Voltage: 250.0V. Material: UNKNOWN. Physical Size: 6.35mm x 31.75mm.
A508,,UNKNOWN,MOTOR CIRCUIT,UNKNOWN,CERAMIC,6.3 X 32mm,UNKNOWN,UNKNOWN,NOT SPECIFIED,55.0,-55.0,6.3,8.4,50.0,0.15,250.0,250.0,0.0,Industrial Part: nan. Rated Current: 0.15A. Voltage: 250.0V. Material: CERAMIC. Physical Size: 6.3mm x 8.4mm.
A509,,UNKNOWN,NOT SPECIFIED,SLOW,UNKNOWN,3AB,Low,UNKNOWN,INLINE/HOLDER,55.0,-55.0,6.35,31.75,100.0,0.15,250.0,250.0,250.0,Industrial Part: nan. Rated Current: 0.15A. Voltage: 250.0V. Material: UNKNOWN. Physical Size: 6.35mm x 31.75mm.
A510,,UNKNOWN,MOTOR CIRCUIT,UNKNOWN,CERAMIC,6.3 X 32mm,UNKNOWN,UNKNOWN,NOT SPECIFIED,55.0,-55.0,6.3,8.4,50.0,0.175,250.0,250.0,0.0,Industrial Part: nan. Rated Current: 0.175A. Voltage: 250.0V. Material: CERAMIC. Physical Size: 6.3mm x 8.4mm.
A511,,UNKNOWN,NOT SPECIFIED,SLOW,UNKNOWN,3AB,Low,UNKNOWN,INLINE/HOLDER,55.0,-55.0,6.35,31.75,100.0,0.175,250.0,250.0,250.0,Industrial Part: nan. Rated Current: 0.175A. Voltage: 250.0V. Material: UNKNOWN. Physical Size: 6.35mm x 31.75mm.
A512,,UNKNOWN,MOTOR CIRCUIT,UNKNOWN,CERAMIC,6.3 X 32mm,UNKNOWN,UNKNOWN,NOT SPECIFIED,55.0,-55.0,6.3,8.4,50.0,0.187,250.0,250.0,0.0,Industrial Part: nan. Rated Current: 0.187A. Voltage: 250.0V. Material: CERAMIC. Physical Size: 6.3mm x 8.4mm.
A513,,UNKNOWN,NOT SPECIFIED,SLOW,UNKNOWN,3AB,Low,UNKNOWN,INLINE/HOLDER,55.0,-55.0,6.35,31.75,100.0,0.187,250.0,250.0,250.0,Industrial Part: nan. Rated Current: 0.187A. Voltage: 250.0V. Material: UNKNOWN. Physical Size: 6.35mm x 31.75mm.
A514,,UNKNOWN,MOTOR CIRCUIT,UNKNOWN,CERAMIC,6.3 X 32mm,UNKNOWN,UNKNOWN,NOT SPECIFIED,55.0,-55.0,6.3,8.4,50.0,0.2,250.0,250.0,0.0,Industrial Part: nan. Rated Current: 0.2A. Voltage: 250.0V. Material: CERAMIC. Physical Size: 6.3mm x 8.4mm.
A515,,UNKNOWN,NOT SPECIFIED,SLOW,UNKNOWN,3AB,Low,UNKNOWN,INLINE/HOLDER,55.0,-55.0,6.35,31.75,100.0,0.2,250.0,250.0,250.0,Industrial Part: nan. Rated Current: 0.2A. Voltage: 250.0V. Material: UNKNOWN. Physical Size: 6.35mm x 31.75mm.
A516,,UNKNOWN,MOTOR CIRCUIT,UNKNOWN,CERAMIC,6.3 X 32mm,UNKNOWN,UNKNOWN,NOT SPECIFIED,55.0,-55.0,6.3,8.4,50.0,0.3,250.0,250.0,0.0,Industrial Part: nan. Rated Current: 0.3A. Voltage: 250.0V. Material: CERAMIC. Physical Size: 6.3mm x 8.4mm.
A517,,UNKNOWN,NOT SPECIFIED,SLOW,UNKNOWN,3AB,Low,UNKNOWN,INLINE/HOLDER,55.0,-55.0,6.35,31.75,100.0,0.3,250.0,250.0,250.0,Industrial Part: nan. Rated Current: 0.3A. Voltage: 250.0V. Material: UNKNOWN. Physical Size: 6.35mm x 31.75mm.
A518,,UNKNOWN,MOTOR CIRCUIT,UNKNOWN,CERAMIC,6.3 X 32mm,UNKNOWN,UNKNOWN,NOT SPECIFIED,55.0,-55.0,6.3,8.4,50.0,0.375,250.0,250.0,0.0,Industrial Part: nan. Rated Current: 0.375A. Voltage: 250.0V. Material: CERAMIC. Physical Size: 6.3mm x 8.4mm.
A519,,UNKNOWN,NOT SPECIFIED,SLOW,UNKNOWN,3AB,Low,UNKNOWN,INLINE/HOLDER,55.0,-55.0,6.35,31.75,100.0,0.375,250.0,250.0,250.0,Industrial Part: nan. Rated Current: 0.375A. Voltage: 250.0V. Material: UNKNOWN. Physical Size: 6.35mm x 31.75mm.
A520,,UNKNOWN,MOTOR CIRCUIT,UNKNOWN,CERAMIC,6.3 X 32mm,UNKNOWN,UNKNOWN,NOT SPECIFIED,55.0,-55.0,6.3,8.4,50.0,0.4,250.0,250.0,0.0,Industrial Part: nan. Rated Current: 0.4A. Voltage: 250.0V. Material: CERAMIC. Physical Size: 6.3mm x 8.4mm.
A521,,UNKNOWN,NOT SPECIFIED,SLOW,UNKNOWN,3AB,Low,UNKNOWN,INLINE/HOLDER,55.0,-55.0,6.35,31.75,100.0,0.4,250.0,250.0,250.0,Industrial Part: nan. Rated Current: 0.4A. Voltage: 250.0V. Material: UNKNOWN. Physical Size: 6.35mm x 31.75mm.
A522,,UNKNOWN,MOTOR CIRCUIT,UNKNOWN,CERAMIC,6.3 X 32mm,UNKNOWN,UNKNOWN,NOT SPECIFIED,55.0,-55.0,6.3,8.4,50.0,0.5,250.0,250.0,0.0,Industrial Part: nan. Rated Current: 0.5A. Voltage: 250.0V. Material: CERAMIC. Physical Size: 6.3mm x 8.4mm.
A523,,UNKNOWN,NOT SPECIFIED,SLOW,UNKNOWN,3AB,Low,UNKNOWN,INLINE/HOLDER,55.0,-55.0,6.35,31.75,100.0,0.5,250.0,250.0,250.0,Industrial Part: nan. Rated Current: 0.5A. Voltage: 250.0V. Material: UNKNOWN. Physical Size: 6.35mm x 31.75mm.
A524,,UNKNOWN,MOTOR CIRCUIT,UNKNOWN,CERAMIC,6.3 X 32mm,UNKNOWN,UNKNOWN,NOT SPECIFIED,55.0,-55.0,6.3,8.4,50.0,0.6,250.0,250.0,0.0,Industrial Part: nan. Rated Current: 0.6A. Voltage: 250.0V. Material: CERAMIC. Physical Size: 6.3mm x 8.4mm.
A525,,UNKNOWN,NOT SPECIFIED,SLOW,UNKNOWN,3AB,Low,UNKNOWN,INLINE/HOLDER,55.0,-55.0,6.35,31.75,100.0,0.6,250.0,250.0,250.0,Industrial Part: nan. Rated Current: 0.6A. Voltage: 250.0V. Material: UNKNOWN. Physical Size: 6.35mm x 31.75mm.
A526,,UNKNOWN,MOTOR CIRCUIT,UNKNOWN,CERAMIC,6.3 X 32mm,UNKNOWN,UNKNOWN,NOT SPECIFIED,55.0,-55.0,6.3,8.4,50.0,0.7,250.0,250.0,0.0,Industrial Part: nan. Rated Current: 0.7A. Voltage: 250.0V. Material: CERAMIC. Physical Size: 6.3mm x 8.4mm.
A527,,UNKNOWN,NOT SPECIFIED,SLOW,UNKNOWN,3AB,Low,UNKNOWN,INLINE/HOLDER,55.0,-55.0,6.35,31.75,100.0,0.7,250.0,250.0,250.0,Industrial Part: nan. Rated Current: 0.7A. Voltage: 250.0V. Material: UNKNOWN. Physical Size: 6.35mm x 31.75mm.
A528,,UNKNOWN,MOTOR CIRCUIT,UNKNOWN,CERAMIC,6.3 X 32mm,UNKNOWN,UNKNOWN,NOT SPECIFIED,55.0,-55.0,6.3,8.4,50.0,0.75,250.0,250.0,0.0,Industrial Part: nan. Rated Current: 0.75A. Voltage: 250.0V. Material: CERAMIC. Physical Size: 6.3mm x 8.4mm.
A529,,UNKNOWN,NOT SPECIFIED,SLOW,UNKNOWN,3AB,Low,UNKNOWN,INLINE/HOLDER,55.0,-55.0,6.35,31.75,100.0,0.75,250.0,250.0,250.0,Industrial Part: nan. Rated Current: 0.75A. Voltage: 250.0V. Material: UNKNOWN. Physical Size: 6.35mm x 31.75mm.
A530,,UNKNOWN,MOTOR CIRCUIT,UNKNOWN,CERAMIC,6.3 X 32mm,UNKNOWN,UNKNOWN,NOT SPECIFIED,55.0,-55.0,6.3,8.4,50.0,0.8,250.0,250.0,0.0,Industrial Part: nan. Rated Current: 0.8A. Voltage: 250.0V. Material: CERAMIC. Physical Size: 6.3mm x 8.4mm.
A531,,UNKNOWN,NOT SPECIFIED,SLOW,UNKNOWN,3AB,Low,UNKNOWN,INLINE/HOLDER,55.0,-55.0,6.35,31.75,100.0,0.8,250.0,250.0,250.0,Industrial Part: nan. Rated Current: 0.8A. Voltage: 250.0V. Material: UNKNOWN. Physical Size: 6.35mm x 31.75mm.
A532,,FAST,NOT SPECIFIED,UNKNOWN,UNKNOWN,NOT SPECIFIED,UNKNOWN,SURFACE MOUNT,NOT SPECIFIED,55.0,-55.0,6.1,1.05,50.0,2.5,125.0,0.0,0.0,Industrial Part: nan. Rated Current: 2.5A. Voltage: 125.0V. Material: UNKNOWN. Physical Size: 6.1mm x 1.05mm.
A533,"Indicator Chip Fast Movement 0.5A SMD Solder Pad 0402 Ceramic T/R UL Electric Indicator, Fast Blow, 0.5A, 35A (IR), 0402",FAST,CELL PHONES,FAST,CERAMIC,1 X 0.51mm,Low,SURFACE MOUNT,NOT SPECIFIED,55.0,-55.0,6.1,1.0,35.0,0.5,24.0,0.0,0.0,"Industrial Part: Indicator Chip Fast Movement 0.5A SMD Solder Pad 0402 Ceramic T/R UL Electric Indicator, Fast Blow, 0.5A, 35A (IR), 0402. Rated Current: 0.5A. Voltage: 24.0V. Material: CERAMIC. Physical Size: 6.1mm x 1.0mm."
A534,"Indicator Chip Fast Movement 0.75A SMD Solder Pad 0402 Ceramic T/R UL Electric Indicator, Fast Blow, 0.75A, 35A (IR), 0402",FAST,CELL PHONES,FAST,CERAMIC,1 X 0.51mm,Low,SURFACE MOUNT,NOT SPECIFIED,55.0,-55.0,6.1,1.0,35.0,0.75,24.0,0.0,0.0,"Industrial Part: Indicator Chip Fast Movement 0.75A SMD Solder Pad 0402 Ceramic T/R UL Electric Indicator, Fast Blow, 0.75A, 35A (IR), 0402. Rated Current: 0.75A. Voltage: 24.0V. Material: CERAMIC. Physical Size: 6.1mm x 1.0mm."
A535,"Indicator Chip Fast Movement 1A SMD Solder Pad 0402 T/R Electric Indicator, Fast Blow, 1A, 24VDC, 35A (IR), Surface Mount",FAST,MOTOR CIRCUIT,FAST,UNKNOWN,1 X 0.51mm,Low,SURFACE MOUNT,SURFACE MOUNT,125.0,-55.0,6.1,1.0,35.0,1.0,24.0,0.0,1.0,"Industrial Part: Indicator Chip Fast Movement 1A SMD Solder Pad 0402 T/R Electric Indicator, Fast Blow, 1A, 24VDC, 35A (IR), Surface Mount. Rated Current: 1.0A. Voltage: 24.0V. Material: UNKNOWN. Physical Size: 6.1mm x 1.0mm."
A536,"Indicator Chip Fast Movement 1.5A 24V SMD Solder Pad 0402 T/R Electric Indicator, Fast Blow, 1.5A, 24VDC, 35A (IR), Surface Mount",FAST,MOTOR CIRCUIT,FAST,UNKNOWN,1 X 0.51mm,Low,SURFACE MOUNT,SURFACE MOUNT,125.0,-55.0,6.1,1.0,35.0,1.5,24.0,0.0,1.5,"Industrial Part: Indicator Chip Fast Movement 1.5A 24V SMD Solder Pad 0402 T/R Electric Indicator, Fast Blow, 1.5A, 24VDC, 35A (IR), Surface Mount. Rated Current: 1.5A. Voltage: 24.0V. Material: UNKNOWN. Physical Size: 6.1mm x 1.0mm."
A537,"Indicator Chip Fast Movement 2A SMD Solder Pad 0402 Ceramic T/R Electric Indicator, Fast Blow, 2A, 24VDC, 35A (IR), Surface Mount",FAST,MOTOR CIRCUIT,FAST,CERAMIC,1 X 0.51mm,Low,SURFACE MOUNT,SURFACE MOUNT,125.0,-55.0,6.1,1.0,35.0,2.0,24.0,0.0,2.0,"Industrial Part: Indicator Chip Fast Movement 2A SMD Solder Pad 0402 Ceramic T/R Electric Indicator, Fast Blow, 2A, 24VDC, 35A (IR), Surface Mount. Rated Current: 2.0A. Voltage: 24.0V. Material: CERAMIC. Physical Size: 6.1mm x 1.0mm."
A538,"Indicator Chip Fast Movement 3A SMD Solder Pad 0402 Ceramic T/R Electric Indicator, Fast Blow, 3A, 24VDC, 35A (IR), Surface Mount",FAST,MOTOR CIRCUIT,FAST,CERAMIC,1 X 0.51mm,Low,SURFACE MOUNT,SURFACE MOUNT,125.0,-55.0,6.1,1.0,35.0,3.0,24.0,0.0,3.0,"Industrial Part: Indicator Chip Fast Movement 3A SMD Solder Pad 0402 Ceramic T/R Electric Indicator, Fast Blow, 3A, 24VDC, 35A (IR), Surface Mount. Rated Current: 3.0A. Voltage: 24.0V. Material: CERAMIC. Physical Size: 6.1mm x 1.0mm."
A539,"Indicator Chip Fast Movement 4A SMD Solder Pad 0402 Ceramic T/R Electric Indicator, Fast Blow, 4A, 24VDC, 35A (IR), Surface Mount",FAST,MOTOR CIRCUIT,FAST,CERAMIC,1 X 0.51mm,Low,SURFACE MOUNT,SURFACE MOUNT,125.0,-55.0,6.1,1.0,35.0,4.0,24.0,0.0,4.0,"Industrial Part: Indicator Chip Fast Movement 4A SMD Solder Pad 0402 Ceramic T/R Electric Indicator, Fast Blow, 4A, 24VDC, 35A (IR), Surface Mount. Rated Current: 4.0A. Voltage: 24.0V. Material: CERAMIC. Physical Size: 6.1mm x 1.0mm."
A540,,VERY FAST,MOTOR CIRCUIT,UNKNOWN,EPOXY,3.18 X 1.52 X 1.14mm,UNKNOWN,SURFACE MOUNT,NOT SPECIFIED,55.0,-55.0,6.1,3.18,50.0,1.0,63.0,63.0,63.0,Industrial Part: nan. Rated Current: 1.0A. Voltage: 63.0V. Material: EPOXY. Physical Size: 6.1mm x 3.18mm.
A541,Indicator Chip Very Fast Movement 1A 63V SMD Solder Pad 1206 Epoxy T/R CSA/UL,VERY FAST,MOTOR CIRCUIT,UNKNOWN,EPOXY,3.18 X 1.52 X 1.14mm,High,SURFACE MOUNT,NOT SPECIFIED,55.0,-55.0,6.1,3.18,50.0,1.0,63.0,63.0,63.0,Industrial Part: Indicator Chip Very Fast Movement 1A 63V SMD Solder Pad 1206 Epoxy T/R CSA/UL. Rated Current: 1.0A. Voltage: 63.0V. Material: EPOXY. Physical Size: 6.1mm x 3.18mm.
A542,,VERY FAST,MOTOR CIRCUIT,UNKNOWN,EPOXY,3.18 X 1.52 X 1.14mm,UNKNOWN,SURFACE MOUNT,NOT SPECIFIED,55.0,-55.0,6.1,3.18,50.0,2.0,63.0,63.0,63.0,Industrial Part: nan. Rated Current: 2.0A. Voltage: 63.0V. Material: EPOXY. Physical Size: 6.1mm x 3.18mm.
A543,Indicator Chip Very Fast Movement 2A 63V SMD Solder Pad 1206 Epoxy T/R CSA/UL,VERY FAST,MOTOR CIRCUIT,UNKNOWN,EPOXY,3.18 X 1.52 X 1.14mm,High,SURFACE MOUNT,NOT SPECIFIED,55.0,-55.0,6.1,3.18,50.0,2.0,63.0,63.0,63.0,Industrial Part: Indicator Chip Very Fast Movement 2A 63V SMD Solder Pad 1206 Epoxy T/R CSA/UL. Rated Current: 2.0A. Voltage: 63.0V. Material: EPOXY. Physical Size: 6.1mm x 3.18mm.
A544,,VERY FAST,MOTOR CIRCUIT,UNKNOWN,EPOXY,3.18 X 1.52 X 1.14mm,UNKNOWN,SURFACE MOUNT,NOT SPECIFIED,55.0,-55.0,6.1,3.18,50.0,3.0,32.0,32.0,32.0,Industrial Part: nan. Rated Current: 3.0A. Voltage: 32.0V. Material: EPOXY. Physical Size: 6.1mm x 3.18mm.
A545,,VERY FAST,MOTOR CIRCUIT,UNKNOWN,EPOXY,3.18 X 1.52 X 1.14mm,UNKNOWN,SURFACE MOUNT,NOT SPECIFIED,55.0,-55.0,6.1,3.18,50.0,3.0,32.0,32.0,32.0,Industrial Part: nan. Rated Current: 3.0A. Voltage: 32.0V. Material: EPOXY. Physical Size: 6.1mm x 3.18mm.
A546,Indicator Chip Very Fast Movement 3A 32V SMD Solder Pad 1206 Epoxy T/R CSA/UL,VERY FAST,MOTOR CIRCUIT,UNKNOWN,EPOXY,3.18 X 1.52 X 1.14mm,High,SURFACE MOUNT,NOT SPECIFIED,55.0,-55.0,6.1,3.18,50.0,3.0,32.0,32.0,32.0,Industrial Part: Indicator Chip Very Fast Movement 3A 32V SMD Solder Pad 1206 Epoxy T/R CSA/UL. Rated Current: 3.0A. Voltage: 32.0V. Material: EPOXY. Physical Size: 6.1mm x 3.18mm.
A547,,VERY FAST,MOTOR CIRCUIT,UNKNOWN,EPOXY,3.18 X 1.52 X 1.14mm,UNKNOWN,SURFACE MOUNT,NOT SPECIFIED,55.0,-55.0,6.1,3.18,50.0,4.0,24.0,24.0,24.0,Industrial Part: nan. Rated Current: 4.0A. Voltage: 24.0V. Material: EPOXY. Physical Size: 6.1mm x 3.18mm.
A548,Indicator Chip Very Fast Movement 4A 24V SMD Solder Pad 1206 Epoxy T/R CSA/UL,VERY FAST,MOTOR CIRCUIT,UNKNOWN,EPOXY,3.18 X 1.52 X 1.14mm,High,SURFACE MOUNT,NOT SPECIFIED,55.0,-55.0,6.1,3.18,50.0,4.0,24.0,24.0,24.0,Industrial Part: Indicator Chip Very Fast Movement 4A 24V SMD Solder Pad 1206 Epoxy T/R CSA/UL. Rated Current: 4.0A. Voltage: 24.0V. Material: EPOXY. Physical Size: 6.1mm x 3.18mm.
A549,,VERY FAST,MOTOR CIRCUIT,UNKNOWN,EPOXY,3.18 X 1.52 X 1.14mm,UNKNOWN,SURFACE MOUNT,NOT SPECIFIED,55.0,-55.0,6.1,3.18,50.0,5.0,24.0,24.0,24.0,Industrial Part: nan. Rated Current: 5.0A. Voltage: 24.0V. Material: EPOXY. Physical Size: 6.1mm x 3.18mm.
A550,,VERY FAST,BATTERY PACK,UNKNOWN,EPOXY,3.18 X 1.52 X 1.14mm,UNKNOWN,SURFACE MOUNT,NOT SPECIFIED,55.0,-55.0,6.1,3.18,50.0,7.0,24.0,24.0,24.0,Industrial Part: nan. Rated Current: 7.0A. Voltage: 24.0V. Material: EPOXY. Physical Size: 6.1mm x 3.18mm.
A551,Indicator Chip Very Fast Movement 7A 24V SMD Solder Pad 1206 Epoxy T/R CSA/UL,VERY FAST,BATTERY PACK,UNKNOWN,EPOXY,3.18 X 1.52 X 1.14mm,High,SURFACE MOUNT,NOT SPECIFIED,55.0,-55.0,6.1,3.18,50.0,7.0,24.0,24.0,24.0,Industrial Part: Indicator Chip Very Fast Movement 7A 24V SMD Solder Pad 1206 Epoxy T/R CSA/UL. Rated Current: 7.0A. Voltage: 24.0V. Material: EPOXY. Physical Size: 6.1mm x 3.18mm.
A552,"Indicator Chip Very Fast Movement 7A 24V SMD Solder Pad 1206 Epoxy T/R CSA/UL Electric Indicator, Very Fast Blow, 7A, 24VAC, 24VDC, 35A (IR), Surface Mount, 1206",VERY FAST,BATTERY PACK,VERY FAST,EPOXY,1206,Low,SURFACE MOUNT,SURFACE MOUNT,55.0,-55.0,6.1,3.18,35.0,7.0,24.0,24.0,24.0,"Industrial Part: Indicator Chip Very Fast Movement 7A 24V SMD Solder Pad 1206 Epoxy T/R CSA/UL Electric Indicator, Very Fast Blow, 7A, 24VAC, 24VDC, 35A (IR), Surface Mount, 1206. Rated Current: 7.0A. Voltage: 24.0V. Material: EPOXY. Physical Size: 6.1mm x 3.18mm."
A553,"Indicator Chip Very Fast Movement 7A 24V SMD Solder Pad 1206 Epoxy T/R CSA/UL Electric Indicator, Very Fast Blow, 7A, 24VAC, 24VDC, 35A (IR), Surface Mount, 1206",VERY FAST,BATTERY PACK,VERY FAST,EPOXY,3.18 X 1.52 X 1.14mm,Low,SURFACE MOUNT,SURFACE MOUNT,55.0,-55.0,6.1,3.18,35.0,7.0,24.0,24.0,7.0,"Industrial Part: Indicator Chip Very Fast Movement 7A 24V SMD Solder Pad 1206 Epoxy T/R CSA/UL Electric Indicator, Very Fast Blow, 7A, 24VAC, 24VDC, 35A (IR), Surface Mount, 1206. Rated Current: 7.0A. Voltage: 24.0V. Material: EPOXY. Physical Size: 6.1mm x 3.18mm."
A554,,VERY FAST,MOTOR CIRCUIT,UNKNOWN,EPOXY,3.18 X 1.52 X 1.14mm,UNKNOWN,SURFACE MOUNT,NOT SPECIFIED,55.0,-55.0,6.1,3.18,50.0,1.5,63.0,63.0,63.0,Industrial Part: nan. Rated Current: 1.5A. Voltage: 63.0V. Material: EPOXY. Physical Size: 6.1mm x 3.18mm.
A555,Indicator Chip Very Fast Movement 1.5A 63V SMD Solder Pad 1206 Epoxy T/R CSA/UL,VERY FAST,MOTOR CIRCUIT,UNKNOWN,EPOXY,3.18 X 1.52 X 1.14mm,High,SURFACE MOUNT,NOT SPECIFIED,55.0,-55.0,6.1,3.18,50.0,1.5,63.0,63.0,63.0,Industrial Part: Indicator Chip Very Fast Movement 1.5A 63V SMD Solder Pad 1206 Epoxy T/R CSA/UL. Rated Current: 1.5A. Voltage: 63.0V. Material: EPOXY. Physical Size: 6.1mm x 3.18mm.
A556,,VERY FAST,MOTOR CIRCUIT,UNKNOWN,EPOXY,3.18 X 1.52 X 1.14mm,UNKNOWN,SURFACE MOUNT,NOT SPECIFIED,55.0,-55.0,6.1,3.18,50.0,2.5,32.0,32.0,32.0,Industrial Part: nan. Rated Current: 2.5A. Voltage: 32.0V. Material: EPOXY. Physical Size: 6.1mm x 3.18mm.
A557,Indicator Chip Very Fast Movement 2.5A 32V SMD Solder Pad 1206 Epoxy T/R CSA/UL,VERY FAST,MOTOR CIRCUIT,UNKNOWN,EPOXY,3.18 X 1.52 X 1.14mm,High,SURFACE MOUNT,NOT SPECIFIED,55.0,-55.0,6.1,3.18,50.0,2.5,32.0,32.0,32.0,Industrial Part: Indicator Chip Very Fast Movement 2.5A 32V SMD Solder Pad 1206 Epoxy T/R CSA/UL. Rated Current: 2.5A. Voltage: 32.0V. Material: EPOXY. Physical Size: 6.1mm x 3.18mm.
A558,,VERY FAST,MOTOR CIRCUIT,UNKNOWN,EPOXY,3.18 X 1.52 X 1.14mm,UNKNOWN,SURFACE MOUNT,NOT SPECIFIED,55.0,-55.0,6.1,3.18,50.0,1.25,63.0,63.0,63.0,Industrial Part: nan. Rated Current: 1.25A. Voltage: 63.0V. Material: EPOXY. Physical Size: 6.1mm x 3.18mm.
A559,Indicator Chip Very Fast Movement 0.125A 125V SMD Solder Pad 1206 Epoxy T/R CSA/UL,VERY FAST,MOTOR CIRCUIT,UNKNOWN,EPOXY,3.18 X 1.52 X 1.14mm,High,SURFACE MOUNT,NOT SPECIFIED,55.0,-55.0,6.1,3.18,50.0,1.25,63.0,63.0,63.0,Industrial Part: Indicator Chip Very Fast Movement 0.125A 125V SMD Solder Pad 1206 Epoxy T/R CSA/UL. Rated Current: 1.25A. Voltage: 63.0V. Material: EPOXY. Physical Size: 6.1mm x 3.18mm.
A560,,VERY FAST,MOTOR CIRCUIT,UNKNOWN,EPOXY,3.18 X 1.52 X 1.14mm,UNKNOWN,SURFACE MOUNT,NOT SPECIFIED,55.0,-55.0,6.1,3.18,50.0,1.75,63.0,63.0,63.0,Industrial Part: nan. Rated Current: 1.75A. Voltage: 63.0V. Material: EPOXY. Physical Size: 6.1mm x 3.18mm.
A561,Indicator Chip Very Fast Movement 1.75A 63V SMD Solder Pad 1206 Epoxy T/R CSA/UL,VERY FAST,MOTOR CIRCUIT,UNKNOWN,EPOXY,3.18 X 1.52 X 1.14mm,High,SURFACE MOUNT,NOT SPECIFIED,55.0,-55.0,6.1,3.18,50.0,1.75,63.0,63.0,63.0,Industrial Part: Indicator Chip Very Fast Movement 1.75A 63V SMD Solder Pad 1206 Epoxy T/R CSA/UL. Rated Current: 1.75A. Voltage: 63.0V. Material: EPOXY. Physical Size: 6.1mm x 3.18mm.
A562,,VERY FAST,MOTOR CIRCUIT,UNKNOWN,EPOXY,3.18 X 1.52 X 1.14mm,UNKNOWN,SURFACE MOUNT,NOT SPECIFIED,55.0,-55.0,6.1,3.18,50.0,0.2,125.0,125.0,125.0,Industrial Part: nan. Rated Current: 0.2A. Voltage: 125.0V. Material: EPOXY. Physical Size: 6.1mm x 3.18mm.
A563,Indicator Chip Very Fast Movement 0.2A 125V SMD Solder Pad 1206 Epoxy T/R CSA/UL,VERY FAST,MOTOR CIRCUIT,UNKNOWN,EPOXY,3.18 X 1.52 X 1.14mm,High,SURFACE MOUNT,NOT SPECIFIED,55.0,-55.0,6.1,3.18,50.0,0.2,125.0,125.0,125.0,Industrial Part: Indicator Chip Very Fast Movement 0.2A 125V SMD Solder Pad 1206 Epoxy T/R CSA/UL. Rated Current: 0.2A. Voltage: 125.0V. Material: EPOXY. Physical Size: 6.1mm x 3.18mm.
A564,,VERY FAST,MOTOR CIRCUIT,UNKNOWN,EPOXY,3.18 X 1.52 X 1.14mm,UNKNOWN,SURFACE MOUNT,NOT SPECIFIED,55.0,-55.0,6.1,3.18,50.0,0.25,125.0,125.0,125.0,Industrial Part: nan. Rated Current: 0.25A. Voltage: 125.0V. Material: EPOXY. Physical Size: 6.1mm x 3.18mm.
A565,Indicator Chip Very Fast Movement 0.25A 125V SMD Solder Pad 1206 Epoxy T/R CSA/UL,VERY FAST,MOTOR CIRCUIT,UNKNOWN,EPOXY,3.18 X 1.52 X 1.14mm,High,SURFACE MOUNT,NOT SPECIFIED,55.0,-55.0,6.1,3.18,50.0,0.25,125.0,125.0,125.0,Industrial Part: Indicator Chip Very Fast Movement 0.25A 125V SMD Solder Pad 1206 Epoxy T/R CSA/UL. Rated Current: 0.25A. Voltage: 125.0V. Material: EPOXY. Physical Size: 6.1mm x 3.18mm.
A566,,VERY FAST,MOTOR CIRCUIT,UNKNOWN,EPOXY,3.18 X 1.52 X 1.14mm,UNKNOWN,SURFACE MOUNT,NOT SPECIFIED,55.0,-55.0,6.1,3.18,50.0,0.375,125.0,125.0,125.0,Industrial Part: nan. Rated Current: 0.375A. Voltage: 125.0V. Material: EPOXY. Physical Size: 6.1mm x 3.18mm.
A567,,VERY FAST,MOTOR CIRCUIT,UNKNOWN,EPOXY,3.18 X 1.52 X 1.14mm,UNKNOWN,SURFACE MOUNT,NOT SPECIFIED,55.0,-55.0,6.1,3.18,50.0,0.5,63.0,63.0,63.0,Industrial Part: nan. Rated Current: 0.5A. Voltage: 63.0V. Material: EPOXY. Physical Size: 6.1mm x 3.18mm.
A568,Indicator Chip Very Fast Movement 0.5A 63V SMD Solder Pad 1206 Epoxy T/R CSA/UL,VERY FAST,MOTOR CIRCUIT,UNKNOWN,EPOXY,3.18 X 1.52 X 1.14mm,High,SURFACE MOUNT,NOT SPECIFIED,55.0,-55.0,6.1,3.18,50.0,0.5,63.0,63.0,63.0,Industrial Part: Indicator Chip Very Fast Movement 0.5A 63V SMD Solder Pad 1206 Epoxy T/R CSA/UL. Rated Current: 0.5A. Voltage: 63.0V. Material: EPOXY. Physical Size: 6.1mm x 3.18mm.
A569,,VERY FAST,MOTOR CIRCUIT,UNKNOWN,EPOXY,3.18 X 1.52 X 1.14mm,UNKNOWN,SURFACE MOUNT,NOT SPECIFIED,55.0,-55.0,6.1,3.18,50.0,0.75,63.0,63.0,63.0,Industrial Part: nan. Rated Current: 0.75A. Voltage: 63.0V. Material: EPOXY. Physical Size: 6.1mm x 3.18mm.
A570,Indicator Chip Very Fast Movement 0.75A 63V SMD Solder Pad 1206 Epoxy T/R CSA/UL,VERY FAST,MOTOR CIRCUIT,UNKNOWN,EPOXY,3.18 X 1.52 X 1.14mm,High,SURFACE MOUNT,NOT SPECIFIED,55.0,-55.0,6.1,3.18,50.0,0.75,63.0,63.0,63.0,Industrial Part: Indicator Chip Very Fast Movement 0.75A 63V SMD Solder Pad 1206 Epoxy T/R CSA/UL. Rated Current: 0.75A. Voltage: 63.0V. Material: EPOXY. Physical Size: 6.1mm x 3.18mm.
A571,,UNKNOWN,NOT SPECIFIED,SLOW,UNKNOWN,1206,High,UNKNOWN,NOT SPECIFIED,55.0,-55.0,6.1,8.4,50.0,1.0,63.0,0.0,0.0,Industrial Part: nan. Rated Current: 1.0A. Voltage: 63.0V. Material: UNKNOWN. Physical Size: 6.1mm x 8.4mm.
A572,,SLOW,MOTOR CIRCUIT,UNKNOWN,EPOXY,3.18 X 1.52 X 1.14mm,UNKNOWN,SURFACE MOUNT,NOT SPECIFIED,55.0,-55.0,6.1,3.18,50.0,2.0,63.0,63.0,63.0,Industrial Part: nan. Rated Current: 2.0A. Voltage: 63.0V. Material: EPOXY. Physical Size: 6.1mm x 3.18mm.
A573,Indicator Chip Slow Blow Movement 3.15A 32V SMD Solder Pad 1206 Epoxy T/R CSA/UL Electric Indicator,SLOW,MOTOR CIRCUIT,UNKNOWN,EPOXY,3.18 X 1.52 X 1.14mm,Low,SURFACE MOUNT,NOT SPECIFIED,55.0,-55.0,6.1,3.18,50.0,3.15,32.0,0.0,32.0,Industrial Part: Indicator Chip Slow Blow Movement 3.15A 32V SMD Solder Pad 1206 Epoxy T/R CSA/UL Electric Indicator. Rated Current: 3.15A. Voltage: 32.0V. Material: EPOXY. Physical Size: 6.1mm x 3.18mm.
A574,"Indicator 1.5A 63V Slow Blow Movement 2-Pin Electric Indicator, Time Lag Blow, 1.5A, 63VAC, 63VDC, 50A (IR), Surface Mount, 1206",SLOW,MOTOR CIRCUIT,SLOW,EPOXY,3.18 X 1.52 X 1.14mm,High,SURFACE MOUNT,SURFACE MOUNT,55.0,-55.0,6.1,3.18,50.0,1.5,63.0,63.0,1.5,"Industrial Part: Indicator 1.5A 63V Slow Blow Movement 2-Pin Electric Indicator, Time Lag Blow, 1.5A, 63VAC, 63VDC, 50A (IR), Surface Mount, 1206. Rated Current: 1.5A. Voltage: 63.0V. Material: EPOXY. Physical Size: 6.1mm x 3.18mm."
A575,"Indicator Chip Slow Blow Movement 1.5A 63V SMD Solder Pad 1206 Epoxy T/R CSA Electric Indicator, Slow Blow, 1.5A, 63VAC, 63VDC, 50A (IR), Surface Mount",SLOW,MOTOR CIRCUIT,SLOW,EPOXY,3.18 X 1.52 X 1.14mm,High,SURFACE MOUNT,SURFACE MOUNT,55.0,-55.0,6.1,3.18,50.0,1.5,63.0,63.0,1.5,"Industrial Part: Indicator Chip Slow Blow Movement 1.5A 63V SMD Solder Pad 1206 Epoxy T/R CSA Electric Indicator, Slow Blow, 1.5A, 63VAC, 63VDC, 50A (IR), Surface Mount. Rated Current: 1.5A. Voltage: 63.0V. Material: EPOXY. Physical Size: 6.1mm x 3.18mm."
A576,,UNKNOWN,NOT SPECIFIED,UNKNOWN,UNKNOWN,NOT SPECIFIED,High,UNKNOWN,NOT SPECIFIED,55.0,-55.0,6.1,8.4,50.0,2.0,125.0,0.0,0.0,Industrial Part: nan. Rated Current: 2.0A. Voltage: 125.0V. Material: UNKNOWN. Physical Size: 6.1mm x 8.4mm.
A577,,SLOW,MOTOR CIRCUIT,UNKNOWN,EPOXY,3.18 X 1.52 X 1.14mm,UNKNOWN,SURFACE MOUNT,NOT SPECIFIED,55.0,-55.0,6.1,3.18,50.0,0.5,63.0,63.0,63.0,Industrial Part: nan. Rated Current: 0.5A. Voltage: 63.0V. Material: EPOXY. Physical Size: 6.1mm x 3.18mm.
A578,"Indicator Chip Slow Blow Movement 0.5A 63V SMD Solder Pad 1206 Epoxy T/R CSA/UL Electric Indicator, Slow Blow, 0.5A, 63VAC, 63VDC, 50A (IR), Surface Mount",SLOW,MOTOR CIRCUIT,SLOW,EPOXY,3.18 X 1.52 X 1.14mm,High,SURFACE MOUNT,SURFACE MOUNT,55.0,-55.0,6.1,3.18,50.0,0.5,63.0,63.0,0.5,"Industrial Part: Indicator Chip Slow Blow Movement 0.5A 63V SMD Solder Pad 1206 Epoxy T/R CSA/UL Electric Indicator, Slow Blow, 0.5A, 63VAC, 63VDC, 50A (IR), Surface Mount. Rated Current: 0.5A. Voltage: 63.0V. Material: EPOXY. Physical Size: 6.1mm x 3.18mm."
A579,,UNKNOWN,MOTOR CIRCUIT,UNKNOWN,UNKNOWN,NOT SPECIFIED,UNKNOWN,UNKNOWN,NOT SPECIFIED,55.0,-55.0,6.1,8.4,50.0,2.0,125.0,0.0,0.0,Industrial Part: nan. Rated Current: 2.0A. Voltage: 125.0V. Material: UNKNOWN. Physical Size: 6.1mm x 8.4mm.
A580,,UNKNOWN,MOTOR CIRCUIT,UNKNOWN,UNKNOWN,NOT SPECIFIED,UNKNOWN,UNKNOWN,NOT SPECIFIED,55.0,-55.0,6.1,8.4,50.0,1.5,125.0,0.0,0.0,Industrial Part: nan. Rated Current: 1.5A. Voltage: 125.0V. Material: UNKNOWN. Physical Size: 6.1mm x 8.4mm.
A581,,UNKNOWN,MOTOR CIRCUIT,UNKNOWN,UNKNOWN,NOT SPECIFIED,UNKNOWN,UNKNOWN,NOT SPECIFIED,55.0,-55.0,6.1,8.4,50.0,0.25,125.0,0.0,0.0,Industrial Part: nan. Rated Current: 0.25A. Voltage: 125.0V. Material: UNKNOWN. Physical Size: 6.1mm x 8.4mm.
A582,,UNKNOWN,MOTOR CIRCUIT,UNKNOWN,UNKNOWN,NOT SPECIFIED,UNKNOWN,UNKNOWN,NOT SPECIFIED,55.0,-55.0,6.1,8.4,50.0,0.375,125.0,0.0,0.0,Industrial Part: nan. Rated Current: 0.375A. Voltage: 125.0V. Material: UNKNOWN. Physical Size: 6.1mm x 8.4mm.
A583,,UNKNOWN,MOTOR CIRCUIT,UNKNOWN,UNKNOWN,NOT SPECIFIED,UNKNOWN,UNKNOWN,NOT SPECIFIED,55.0,-55.0,6.1,8.4,50.0,0.75,125.0,0.0,0.0,Industrial Part: nan. Rated Current: 0.75A. Voltage: 125.0V. Material: UNKNOWN. Physical Size: 6.1mm x 8.4mm.
A584,,UNKNOWN,NOT SPECIFIED,VERY FAST,UNKNOWN,NOT SPECIFIED,High,UNKNOWN,SURFACE MOUNT,55.0,-55.0,6.1,8.4,50.0,1.0,63.0,63.0,63.0,Industrial Part: nan. Rated Current: 1.0A. Voltage: 63.0V. Material: UNKNOWN. Physical Size: 6.1mm x 8.4mm.
A585,"Indicator Chip Very Fast Movement 1A 63V SMD Solder Pad 1206 Epoxy T/R CSA/UL Electric Indicator, Very Fast Blow, 1A, 63VAC, 63VDC, 50A (IR), Surface Mount",VERY FAST,BATTERY PACK,VERY FAST,EPOXY,3.18 X 1.52 X 0.58mm,High,SURFACE MOUNT,SURFACE MOUNT,55.0,-55.0,6.1,3.18,50.0,1.0,63.0,63.0,63.0,"Industrial Part: Indicator Chip Very Fast Movement 1A 63V SMD Solder Pad 1206 Epoxy T/R CSA/UL Electric Indicator, Very Fast Blow, 1A, 63VAC, 63VDC, 50A (IR), Surface Mount. Rated Current: 1.0A. Voltage: 63.0V. Material: EPOXY. Physical Size: 6.1mm x 3.18mm."
A586,,UNKNOWN,NOT SPECIFIED,VERY FAST,UNKNOWN,NOT SPECIFIED,High,UNKNOWN,SURFACE MOUNT,55.0,-55.0,6.1,8.4,50.0,2.0,63.0,63.0,63.0,Industrial Part: nan. Rated Current: 2.0A. Voltage: 63.0V. Material: UNKNOWN. Physical Size: 6.1mm x 8.4mm.
A587,,VERY FAST,BATTERY PACK,UNKNOWN,EPOXY,3.18 X 1.52 X 0.58mm,UNKNOWN,SURFACE MOUNT,NOT SPECIFIED,55.0,-55.0,6.1,3.18,50.0,2.0,63.0,63.0,63.0,Industrial Part: nan. Rated Current: 2.0A. Voltage: 63.0V. Material: EPOXY. Physical Size: 6.1mm x 3.18mm.
A588,"Indicator Chip Very Fast Movement 2A 63V SMD Solder Pad 1206 Epoxy T/R CSA/UL Electric Indicator, Very Fast Blow, 2A, 63VAC, 63VDC, 50A (IR), Surface Mount",VERY FAST,BATTERY PACK,VERY FAST,EPOXY,3.18 X 1.52 X 0.58mm,High,SURFACE MOUNT,SURFACE MOUNT,55.0,-55.0,6.1,3.18,50.0,2.0,63.0,63.0,63.0,"Industrial Part: Indicator Chip Very Fast Movement 2A 63V SMD Solder Pad 1206 Epoxy T/R CSA/UL Electric Indicator, Very Fast Blow, 2A, 63VAC, 63VDC, 50A (IR), Surface Mount. Rated Current: 2.0A. Voltage: 63.0V. Material: EPOXY. Physical Size: 6.1mm x 3.18mm."
A589,,UNKNOWN,NOT SPECIFIED,VERY FAST,UNKNOWN,NOT SPECIFIED,High,UNKNOWN,SURFACE MOUNT,55.0,-55.0,6.1,8.4,50.0,3.0,32.0,0.0,32.0,Industrial Part: nan. Rated Current: 3.0A. Voltage: 32.0V. Material: UNKNOWN. Physical Size: 6.1mm x 8.4mm.
A590,"Indicator Chip Very Fast Movement 3A 32V SMD Solder Pad 1206 Epoxy T/R CSA/UL Electric Indicator, Very Fast Blow, 3A, 32VAC, 32VDC, 50A (IR), Surface Mount",VERY FAST,BATTERY PACK,VERY FAST,EPOXY,3.18 X 1.52 X 0.58mm,High,SURFACE MOUNT,SURFACE MOUNT,55.0,-55.0,6.1,3.18,50.0,3.0,32.0,32.0,32.0,"Industrial Part: Indicator Chip Very Fast Movement 3A 32V SMD Solder Pad 1206 Epoxy T/R CSA/UL Electric Indicator, Very Fast Blow, 3A, 32VAC, 32VDC, 50A (IR), Surface Mount. Rated Current: 3.0A. Voltage: 32.0V. Material: EPOXY. Physical Size: 6.1mm x 3.18mm."
A591,,UNKNOWN,NOT SPECIFIED,VERY FAST,UNKNOWN,NOT SPECIFIED,High,UNKNOWN,SURFACE MOUNT,55.0,-55.0,6.1,8.4,50.0,4.0,24.0,0.0,24.0,Industrial Part: nan. Rated Current: 4.0A. Voltage: 24.0V. Material: UNKNOWN. Physical Size: 6.1mm x 8.4mm.
A592,"Indicator Chip Very Fast Movement 4A 24V SMD Solder Pad 1206 Epoxy T/R CSA/UL Electric Indicator, Very Fast Blow, 4A, 24VAC, 24VDC, 50A (IR), Surface Mount",VERY FAST,BATTERY PACK,VERY FAST,EPOXY,3.18 X 1.52 X 0.58mm,High,SURFACE MOUNT,SURFACE MOUNT,55.0,-55.0,6.1,3.18,50.0,4.0,24.0,24.0,24.0,"Industrial Part: Indicator Chip Very Fast Movement 4A 24V SMD Solder Pad 1206 Epoxy T/R CSA/UL Electric Indicator, Very Fast Blow, 4A, 24VAC, 24VDC, 50A (IR), Surface Mount. Rated Current: 4.0A. Voltage: 24.0V. Material: EPOXY. Physical Size: 6.1mm x 3.18mm."
A593,,UNKNOWN,NOT SPECIFIED,VERY FAST,UNKNOWN,NOT SPECIFIED,High,UNKNOWN,SURFACE MOUNT,55.0,-55.0,6.1,8.4,50.0,5.0,24.0,0.0,24.0,Industrial Part: nan. Rated Current: 5.0A. Voltage: 24.0V. Material: UNKNOWN. Physical Size: 6.1mm x 8.4mm.
A594,"Indicator Chip Very Fast Movement 5A 24V SMD Solder Pad 1206 Epoxy T/R CSA/UL Electric Indicator, Very Fast Blow, 5A, 24VAC, 24VDC, 50A (IR), Surface Mount",VERY FAST,BATTERY PACK,VERY FAST,EPOXY,3.18 X 1.52 X 0.58mm,High,SURFACE MOUNT,SURFACE MOUNT,55.0,-55.0,6.1,3.18,50.0,5.0,24.0,24.0,24.0,"Industrial Part: Indicator Chip Very Fast Movement 5A 24V SMD Solder Pad 1206 Epoxy T/R CSA/UL Electric Indicator, Very Fast Blow, 5A, 24VAC, 24VDC, 50A (IR), Surface Mount. Rated Current: 5.0A. Voltage: 24.0V. Material: EPOXY. Physical Size: 6.1mm x 3.18mm."
A595,,UNKNOWN,NOT SPECIFIED,VERY FAST,UNKNOWN,NOT SPECIFIED,High,UNKNOWN,SURFACE MOUNT,55.0,-55.0,6.1,8.4,50.0,7.0,24.0,0.0,24.0,Industrial Part: nan. Rated Current: 7.0A. Voltage: 24.0V. Material: UNKNOWN. Physical Size: 6.1mm x 8.4mm.
A596,"Indicator Chip Very Fast Movement 1.5A 63V SMD Solder Pad 1206 Epoxy CSA/UL Electric Indicator, Very Fast Blow, 1.5A, 63VAC, 63VDC, 50A (IR), Surface Mount, 1206",VERY FAST,BATTERY PACK,VERY FAST,EPOXY,3.18 X 1.52mm,High,SURFACE MOUNT,SURFACE MOUNT,55.0,-55.0,6.1,3.18,50.0,1.5,63.0,63.0,63.0,"Industrial Part: Indicator Chip Very Fast Movement 1.5A 63V SMD Solder Pad 1206 Epoxy CSA/UL Electric Indicator, Very Fast Blow, 1.5A, 63VAC, 63VDC, 50A (IR), Surface Mount, 1206. Rated Current: 1.5A. Voltage: 63.0V. Material: EPOXY. Physical Size: 6.1mm x 3.18mm."
A597,"Indicator Chip Very Fast Movement 1.5A 63V SMD Solder Pad 1206 Epoxy T/R CSA Electric Indicator, Very Fast Blow, 1.5A, 63VAC, 63VDC, 50A (IR), Surface Mount, 1206",VERY FAST,BATTERY PACK,VERY FAST,EPOXY,3.18 X 1.52 X 0.58mm,High,SURFACE MOUNT,SURFACE MOUNT,55.0,-55.0,6.1,3.18,50.0,1.5,63.0,63.0,63.0,"Industrial Part: Indicator Chip Very Fast Movement 1.5A 63V SMD Solder Pad 1206 Epoxy T/R CSA Electric Indicator, Very Fast Blow, 1.5A, 63VAC, 63VDC, 50A (IR), Surface Mount, 1206. Rated Current: 1.5A. Voltage: 63.0V. Material: EPOXY. Physical Size: 6.1mm x 3.18mm."
A598,"Indicator Chip Very Fast Movement 2.5A 32V SMD Solder Pad 1206 Epoxy T/R CSA/UL Electric Indicator, Very Fast Blow, 2.5A, 32VAC, 32VDC, 50A (IR), Surface Mount",VERY FAST,BATTERY PACK,VERY FAST,EPOXY,3.18 X 1.52 X 0.58mm,High,SURFACE MOUNT,SURFACE MOUNT,55.0,-55.0,6.1,3.18,50.0,2.5,32.0,32.0,32.0,"Industrial Part: Indicator Chip Very Fast Movement 2.5A 32V SMD Solder Pad 1206 Epoxy T/R CSA/UL Electric Indicator, Very Fast Blow, 2.5A, 32VAC, 32VDC, 50A (IR), Surface Mount. Rated Current: 2.5A. Voltage: 32.0V. Material: EPOXY. Physical Size: 6.1mm x 3.18mm."
A599,"Indicator 0.125A 125V Very Fast Movement 2-Pin SMD Electric Indicator, Very Fast Blow, 1.25A, 63VAC, 63VDC, 50A (IR), Surface Mount",VERY FAST,BATTERY PACK,VERY FAST,EPOXY,3.18 X 1.52mm,High,UNKNOWN,SURFACE MOUNT,55.0,-55.0,6.1,8.4,0.125,1.25,63.0,63.0,63.0,"Industrial Part: Indicator 0.125A 125V Very Fast Movement 2-Pin SMD Electric Indicator, Very Fast Blow, 1.25A, 63VAC, 63VDC, 50A (IR), Surface Mount. Rated Current: 1.25A. Voltage: 63.0V. Material: EPOXY. Physical Size: 6.1mm x 8.4mm."
A600,,VERY FAST,BATTERY PACK,UNKNOWN,EPOXY,3.18 X 1.52 X 0.58mm,UNKNOWN,SURFACE MOUNT,NOT SPECIFIED,55.0,-55.0,6.1,3.18,50.0,0.125,125.0,125.0,125.0,Industrial Part: nan. Rated Current: 0.125A. Voltage: 125.0V. Material: EPOXY. Physical Size: 6.1mm x 3.18mm.
A601,"Indicator Chip Very Fast Movement 0.125A 125V SMD Solder Pad 1206 Epoxy T/R CSA Electric Indicator, Very Fast Blow, 0.125A, 125VAC, 125VDC, 50A (IR), Surface Mount",VERY FAST,BATTERY PACK,VERY FAST,EPOXY,3.18 X 1.52 X 0.58mm,High,SURFACE MOUNT,SURFACE MOUNT,55.0,-55.0,6.1,3.18,0.125,1.25,63.0,125.0,63.0,"Industrial Part: Indicator Chip Very Fast Movement 0.125A 125V SMD Solder Pad 1206 Epoxy T/R CSA Electric Indicator, Very Fast Blow, 0.125A, 125VAC, 125VDC, 50A (IR), Surface Mount. Rated Current: 1.25A. Voltage: 63.0V. Material: EPOXY. Physical Size: 6.1mm x 3.18mm."
A602,,UNKNOWN,NOT SPECIFIED,VERY FAST,UNKNOWN,NOT SPECIFIED,High,UNKNOWN,SURFACE MOUNT,55.0,-55.0,6.1,8.4,50.0,1.75,63.0,63.0,63.0,Industrial Part: nan. Rated Current: 1.75A. Voltage: 63.0V. Material: UNKNOWN. Physical Size: 6.1mm x 8.4mm.
A603,"Indicator Chip Very Fast Movement 1.75A 63V SMD Solder Pad 1206 Epoxy T/R CSA/UL Electric Indicator, Very Fast Blow, 1.75A, 63VAC, 63VDC, 50A (IR), Surface Mount",VERY FAST,BATTERY PACK,VERY FAST,EPOXY,3.18 X 1.52 X 0.58mm,High,SURFACE MOUNT,SURFACE MOUNT,55.0,-55.0,6.1,3.18,50.0,1.75,63.0,63.0,63.0,"Industrial Part: Indicator Chip Very Fast Movement 1.75A 63V SMD Solder Pad 1206 Epoxy T/R CSA/UL Electric Indicator, Very Fast Blow, 1.75A, 63VAC, 63VDC, 50A (IR), Surface Mount. Rated Current: 1.75A. Voltage: 63.0V. Material: EPOXY. Physical Size: 6.1mm x 3.18mm."
A604,,UNKNOWN,NOT SPECIFIED,VERY FAST,UNKNOWN,NOT SPECIFIED,High,UNKNOWN,SURFACE MOUNT,55.0,-55.0,6.1,8.4,50.0,0.2,125.0,125.0,125.0,Industrial Part: nan. Rated Current: 0.2A. Voltage: 125.0V. Material: UNKNOWN. Physical Size: 6.1mm x 8.4mm.
A605,,VERY FAST,BATTERY PACK,UNKNOWN,EPOXY,3.18 X 1.52 X 0.58mm,UNKNOWN,SURFACE MOUNT,NOT SPECIFIED,55.0,-55.0,6.1,3.18,50.0,0.2,125.0,125.0,125.0,Industrial Part: nan. Rated Current: 0.2A. Voltage: 125.0V. Material: EPOXY. Physical Size: 6.1mm x 3.18mm.
A606,"Indicator Chip Very Fast Movement 0.2A 125V SMD Solder Pad 1206 Epoxy T/R CSA/UL Electric Indicator, Very Fast Blow, 0.2A, 125VAC, 125VDC, 50A (IR), Surface Mount",VERY FAST,BATTERY PACK,VERY FAST,EPOXY,3.18 X 1.52 X 0.58mm,High,SURFACE MOUNT,SURFACE MOUNT,55.0,-55.0,6.1,3.18,50.0,0.2,125.0,125.0,125.0,"Industrial Part: Indicator Chip Very Fast Movement 0.2A 125V SMD Solder Pad 1206 Epoxy T/R CSA/UL Electric Indicator, Very Fast Blow, 0.2A, 125VAC, 125VDC, 50A (IR), Surface Mount. Rated Current: 0.2A. Voltage: 125.0V. Material: EPOXY. Physical Size: 6.1mm x 3.18mm."
A607,,VERY FAST,BATTERY PACK,UNKNOWN,EPOXY,3.18 X 1.52mm,UNKNOWN,UNKNOWN,NOT SPECIFIED,55.0,-55.0,6.1,8.4,50.0,0.25,125.0,125.0,125.0,Industrial Part: nan. Rated Current: 0.25A. Voltage: 125.0V. Material: EPOXY. Physical Size: 6.1mm x 8.4mm.
A608,"Indicator Chip Very Fast Movement 0.25A 125V SMD Solder Pad 1206 Epoxy T/R CSA Electric Indicator, Very Fast Blow, 0.25A, 125VAC, 125VDC, 50A (IR), Surface Mount",VERY FAST,BATTERY PACK,VERY FAST,EPOXY,3.18 X 1.52 X 0.58mm,High,SURFACE MOUNT,SURFACE MOUNT,55.0,-55.0,6.1,3.18,50.0,0.25,125.0,125.0,125.0,"Industrial Part: Indicator Chip Very Fast Movement 0.25A 125V SMD Solder Pad 1206 Epoxy T/R CSA Electric Indicator, Very Fast Blow, 0.25A, 125VAC, 125VDC, 50A (IR), Surface Mount. Rated Current: 0.25A. Voltage: 125.0V. Material: EPOXY. Physical Size: 6.1mm x 3.18mm."
A609,,UNKNOWN,NOT SPECIFIED,VERY FAST,UNKNOWN,NOT SPECIFIED,High,UNKNOWN,SURFACE MOUNT,55.0,-55.0,6.1,8.4,50.0,0.375,125.0,125.0,125.0,Industrial Part: nan. Rated Current: 0.375A. Voltage: 125.0V. Material: UNKNOWN. Physical Size: 6.1mm x 8.4mm.
A610,,VERY FAST,BATTERY PACK,UNKNOWN,EPOXY,3.18 X 1.52 X 0.58mm,UNKNOWN,SURFACE MOUNT,NOT SPECIFIED,55.0,-55.0,6.1,3.18,50.0,0.375,125.0,125.0,125.0,Industrial Part: nan. Rated Current: 0.375A. Voltage: 125.0V. Material: EPOXY. Physical Size: 6.1mm x 3.18mm.
A611,"Indicator Chip Very Fast Movement 0.375A 125V SMD Solder Pad 1206 Epoxy T/R CSA/UL Electric Indicator, Very Fast Blow, 0.375A, 125VAC, 125VDC, 50A (IR), Surface Mount",VERY FAST,BATTERY PACK,VERY FAST,EPOXY,3.18 X 1.52 X 0.58mm,High,SURFACE MOUNT,SURFACE MOUNT,55.0,-55.0,6.1,3.18,50.0,0.375,125.0,125.0,125.0,"Industrial Part: Indicator Chip Very Fast Movement 0.375A 125V SMD Solder Pad 1206 Epoxy T/R CSA/UL Electric Indicator, Very Fast Blow, 0.375A, 125VAC, 125VDC, 50A (IR), Surface Mount. Rated Current: 0.375A. Voltage: 125.0V. Material: EPOXY. Physical Size: 6.1mm x 3.18mm."
A612,"Indicator Chip Very Fast Movement 0.5A 63V SMD Solder Pad 1206 Epoxy T/R CSA/UL Electric Indicator, Very Fast Blow, 0.5A, 63VAC, 63VDC, 50A (IR), Surface Mount",VERY FAST,BATTERY PACK,VERY FAST,EPOXY,3.18 X 1.52 X 0.58mm,High,SURFACE MOUNT,SURFACE MOUNT,55.0,-55.0,6.1,3.18,50.0,0.5,63.0,63.0,63.0,"Industrial Part: Indicator Chip Very Fast Movement 0.5A 63V SMD Solder Pad 1206 Epoxy T/R CSA/UL Electric Indicator, Very Fast Blow, 0.5A, 63VAC, 63VDC, 50A (IR), Surface Mount. Rated Current: 0.5A. Voltage: 63.0V. Material: EPOXY. Physical Size: 6.1mm x 3.18mm."
A613,"Indicator Chip Very Fast Movement 0.6A 63V SMD Solder Pad 1206 Epoxy T/R CSA/UL Electric Indicator, Very Fast Blow, 0.6A, 63VAC, 63VDC, 50A (IR), Surface Mount",VERY FAST,BATTERY PACK,VERY FAST,EPOXY,3.18 X 1.52 X 0.58mm,High,SURFACE MOUNT,SURFACE MOUNT,55.0,-55.0,6.1,3.18,50.0,0.6,63.0,63.0,63.0,"Industrial Part: Indicator Chip Very Fast Movement 0.6A 63V SMD Solder Pad 1206 Epoxy T/R CSA/UL Electric Indicator, Very Fast Blow, 0.6A, 63VAC, 63VDC, 50A (IR), Surface Mount. Rated Current: 0.6A. Voltage: 63.0V. Material: EPOXY. Physical Size: 6.1mm x 3.18mm."
A614,"Indicator Chip Very Fast Movement 0.75A 63V SMD Solder Pad 1206 Epoxy T/R CSA/UL Electric Indicator, Very Fast Blow, 0.75A, 63VAC, 63VDC, 50A (IR), Surface Mount, 1206",VERY FAST,BATTERY PACK,VERY FAST,EPOXY,3.18 X 1.52 X 0.58mm,High,SURFACE MOUNT,SURFACE MOUNT,55.0,-55.0,6.1,3.18,50.0,0.75,63.0,63.0,63.0,"Industrial Part: Indicator Chip Very Fast Movement 0.75A 63V SMD Solder Pad 1206 Epoxy T/R CSA/UL Electric Indicator, Very Fast Blow, 0.75A, 63VAC, 63VDC, 50A (IR), Surface Mount, 1206. Rated Current: 0.75A. Voltage: 63.0V. Material: EPOXY. Physical Size: 6.1mm x 3.18mm."
A615,"Indicator Chip Very Fast Movement 0.8A 63V SMD Solder Pad 1206 Epoxy T/R CSA/UL Electric Indicator, Very Fast Blow, 0.8A, 63VAC, 63VDC, 50A (IR), Surface Mount",VERY FAST,BATTERY PACK,VERY FAST,EPOXY,3.18 X 1.52 X 0.58mm,High,SURFACE MOUNT,SURFACE MOUNT,55.0,-55.0,6.1,3.18,50.0,0.8,63.0,63.0,63.0,"Industrial Part: Indicator Chip Very Fast Movement 0.8A 63V SMD Solder Pad 1206 Epoxy T/R CSA/UL Electric Indicator, Very Fast Blow, 0.8A, 63VAC, 63VDC, 50A (IR), Surface Mount. Rated Current: 0.8A. Voltage: 63.0V. Material: EPOXY. Physical Size: 6.1mm x 3.18mm."
A616,,UNKNOWN,NOT SPECIFIED,VERY FAST,UNKNOWN,NOT SPECIFIED,High,UNKNOWN,SURFACE MOUNT,55.0,-55.0,6.1,8.4,50.0,1.0,32.0,0.0,32.0,Industrial Part: nan. Rated Current: 1.0A. Voltage: 32.0V. Material: UNKNOWN. Physical Size: 6.1mm x 8.4mm.
A617,"Indicator Chip Very Fast Movement 1A 32V SMD Solder Pad 0603 Epoxy T/R CSA/UL Electric Indicator, Very Fast Blow, 1A, 32VAC, 32VDC, 50A (IR), Surface Mount",VERY FAST,BATTERY PACK,VERY FAST,EPOXY,1.6 X 0.81 X 0.31mm,High,SURFACE MOUNT,SURFACE MOUNT,55.0,-55.0,6.1,1.6,50.0,1.0,32.0,32.0,32.0,"Industrial Part: Indicator Chip Very Fast Movement 1A 32V SMD Solder Pad 0603 Epoxy T/R CSA/UL Electric Indicator, Very Fast Blow, 1A, 32VAC, 32VDC, 50A (IR), Surface Mount. Rated Current: 1.0A. Voltage: 32.0V. Material: EPOXY. Physical Size: 6.1mm x 1.6mm."
A618,Indicator Chip Very Fast Movement 1A 32V SMD Solder Pad 0603 Epoxy T/R CSA/UL,VERY FAST,BATTERY PACK,UNKNOWN,EPOXY,1.6 X 0.81 X 0.31mm,High,SURFACE MOUNT,NOT SPECIFIED,55.0,-55.0,6.1,1.6,50.0,1.0,32.0,32.0,32.0,Industrial Part: Indicator Chip Very Fast Movement 1A 32V SMD Solder Pad 0603 Epoxy T/R CSA/UL. Rated Current: 1.0A. Voltage: 32.0V. Material: EPOXY. Physical Size: 6.1mm x 1.6mm.
A619,,UNKNOWN,NOT SPECIFIED,VERY FAST,UNKNOWN,NOT SPECIFIED,High,UNKNOWN,SURFACE MOUNT,55.0,-55.0,6.1,8.4,35.0,2.0,32.0,0.0,32.0,Industrial Part: nan. Rated Current: 2.0A. Voltage: 32.0V. Material: UNKNOWN. Physical Size: 6.1mm x 8.4mm.
A620,"Indicator Chip Very Fast Movement 2A 32V SMD Solder Pad 0603 Epoxy T/R CSA/UL Electric Indicator, Very Fast Blow, 2A, 32VAC, 32VDC, 35A (IR), Surface Mount",VERY FAST,BATTERY PACK,VERY FAST,EPOXY,1.6 X 0.81 X 0.31mm,High,SURFACE MOUNT,SURFACE MOUNT,55.0,-55.0,6.1,1.6,35.0,2.0,32.0,32.0,32.0,"Industrial Part: Indicator Chip Very Fast Movement 2A 32V SMD Solder Pad 0603 Epoxy T/R CSA/UL Electric Indicator, Very Fast Blow, 2A, 32VAC, 32VDC, 35A (IR), Surface Mount. Rated Current: 2.0A. Voltage: 32.0V. Material: EPOXY. Physical Size: 6.1mm x 1.6mm."
A621,Indicator Chip Very Fast Movement 2A 32V SMD Solder Pad 0603 Epoxy T/R CSA/UL,VERY FAST,BATTERY PACK,UNKNOWN,EPOXY,1.6 X 0.81 X 0.31mm,High,SURFACE MOUNT,NOT SPECIFIED,55.0,-55.0,6.1,1.6,50.0,2.0,32.0,32.0,32.0,Industrial Part: Indicator Chip Very Fast Movement 2A 32V SMD Solder Pad 0603 Epoxy T/R CSA/UL. Rated Current: 2.0A. Voltage: 32.0V. Material: EPOXY. Physical Size: 6.1mm x 1.6mm.
A622,,UNKNOWN,NOT SPECIFIED,VERY FAST,UNKNOWN,NOT SPECIFIED,High,UNKNOWN,SURFACE MOUNT,55.0,-55.0,6.1,8.4,35.0,3.0,32.0,0.0,32.0,Industrial Part: nan. Rated Current: 3.0A. Voltage: 32.0V. Material: UNKNOWN. Physical Size: 6.1mm x 8.4mm.
A623,"Indicator Chip Very Fast Movement 3A 32V SMD Solder Pad 0603 Epoxy T/R CSA/UL Electric Indicator, Very Fast Blow, 3A, 32VAC, 32VDC, 35A (IR), Surface Mount",VERY FAST,BATTERY PACK,VERY FAST,EPOXY,1.6 X 0.81 X 0.31mm,High,SURFACE MOUNT,SURFACE MOUNT,55.0,-55.0,6.1,1.6,35.0,3.0,32.0,32.0,32.0,"Industrial Part: Indicator Chip Very Fast Movement 3A 32V SMD Solder Pad 0603 Epoxy T/R CSA/UL Electric Indicator, Very Fast Blow, 3A, 32VAC, 32VDC, 35A (IR), Surface Mount. Rated Current: 3.0A. Voltage: 32.0V. Material: EPOXY. Physical Size: 6.1mm x 1.6mm."
A624,Indicator Chip Very Fast Movement 3A 32V SMD Solder Pad 0603 Epoxy T/R CSA/UL,VERY FAST,BATTERY PACK,UNKNOWN,EPOXY,1.6 X 0.81 X 0.31mm,High,SURFACE MOUNT,NOT SPECIFIED,55.0,-55.0,6.1,1.6,50.0,3.0,32.0,32.0,32.0,Industrial Part: Indicator Chip Very Fast Movement 3A 32V SMD Solder Pad 0603 Epoxy T/R CSA/UL. Rated Current: 3.0A. Voltage: 32.0V. Material: EPOXY. Physical Size: 6.1mm x 1.6mm.
A625,,UNKNOWN,NOT SPECIFIED,VERY FAST,UNKNOWN,NOT SPECIFIED,High,UNKNOWN,SURFACE MOUNT,55.0,-55.0,6.1,8.4,35.0,4.0,32.0,0.0,32.0,Industrial Part: nan. Rated Current: 4.0A. Voltage: 32.0V. Material: UNKNOWN. Physical Size: 6.1mm x 8.4mm.
A626,"Indicator Chip Very Fast Movement 4A 32V SMD Solder Pad 0603 Epoxy T/R CSA/UL Electric Indicator, Very Fast Blow, 4A, 32VAC, 32VDC, 35A (IR), Surface Mount",VERY FAST,BATTERY PACK,VERY FAST,EPOXY,1.6 X 0.81 X 0.31mm,High,SURFACE MOUNT,SURFACE MOUNT,55.0,-55.0,6.1,1.6,35.0,4.0,32.0,32.0,32.0,"Industrial Part: Indicator Chip Very Fast Movement 4A 32V SMD Solder Pad 0603 Epoxy T/R CSA/UL Electric Indicator, Very Fast Blow, 4A, 32VAC, 32VDC, 35A (IR), Surface Mount. Rated Current: 4.0A. Voltage: 32.0V. Material: EPOXY. Physical Size: 6.1mm x 1.6mm."
A627,Indicator Chip Very Fast Movement 4A 32V SMD Solder Pad 0603 Epoxy T/R CSA/UL,VERY FAST,BATTERY PACK,UNKNOWN,EPOXY,1.6 X 0.81 X 0.31mm,High,SURFACE MOUNT,NOT SPECIFIED,55.0,-55.0,6.1,1.6,50.0,4.0,32.0,32.0,32.0,Industrial Part: Indicator Chip Very Fast Movement 4A 32V SMD Solder Pad 0603 Epoxy T/R CSA/UL. Rated Current: 4.0A. Voltage: 32.0V. Material: EPOXY. Physical Size: 6.1mm x 1.6mm.
A628,,UNKNOWN,NOT SPECIFIED,VERY FAST,UNKNOWN,NOT SPECIFIED,High,UNKNOWN,SURFACE MOUNT,55.0,-55.0,6.1,8.4,35.0,5.0,32.0,0.0,32.0,Industrial Part: nan. Rated Current: 5.0A. Voltage: 32.0V. Material: UNKNOWN. Physical Size: 6.1mm x 8.4mm.
A629,"Indicator Chip Very Fast Movement 5A 32V SMD Solder Pad 0603 Epoxy T/R CSA/UL Electric Indicator, Very Fast Blow, 5A, 32VAC, 32VDC, 35A (IR), Surface Mount",VERY FAST,BATTERY PACK,VERY FAST,EPOXY,1.6 X 0.81 X 0.31mm,High,SURFACE MOUNT,SURFACE MOUNT,55.0,-55.0,6.1,1.6,35.0,5.0,32.0,32.0,32.0,"Industrial Part: Indicator Chip Very Fast Movement 5A 32V SMD Solder Pad 0603 Epoxy T/R CSA/UL Electric Indicator, Very Fast Blow, 5A, 32VAC, 32VDC, 35A (IR), Surface Mount. Rated Current: 5.0A. Voltage: 32.0V. Material: EPOXY. Physical Size: 6.1mm x 1.6mm."
A630,Indicator Chip Very Fast Movement 5A 32V SMD Solder Pad 0603 Epoxy T/R CSA/UL,VERY FAST,BATTERY PACK,UNKNOWN,EPOXY,1.6 X 0.81 X 0.31mm,High,SURFACE MOUNT,NOT SPECIFIED,55.0,-55.0,6.1,1.6,50.0,5.0,32.0,32.0,32.0,Industrial Part: Indicator Chip Very Fast Movement 5A 32V SMD Solder Pad 0603 Epoxy T/R CSA/UL. Rated Current: 5.0A. Voltage: 32.0V. Material: EPOXY. Physical Size: 6.1mm x 1.6mm.
A631,"Indicator Chip Very Fast Movement 1.5A 32V SMD Solder Pad 0603 Epoxy T/R CSA/UL Electric Indicator, Very Fast Blow, 1.5A, 32VAC, 32VDC, 35A (IR), Supplemental, Surface Mount, 0603",VERY FAST,BATTERY PACK,VERY FAST,EPOXY,603,High,SURFACE MOUNT,SURFACE MOUNT,55.0,-55.0,6.1,1.6,35.0,1.5,32.0,32.0,32.0,"Industrial Part: Indicator Chip Very Fast Movement 1.5A 32V SMD Solder Pad 0603 Epoxy T/R CSA/UL Electric Indicator, Very Fast Blow, 1.5A, 32VAC, 32VDC, 35A (IR), Supplemental, Surface Mount, 0603. Rated Current: 1.5A. Voltage: 32.0V. Material: EPOXY. Physical Size: 6.1mm x 1.6mm."
A632,Indicator Chip Very Fast Movement 1.5A 32V SMD Solder Pad 0603 Epoxy T/R CSA/UL,VERY FAST,BATTERY PACK,UNKNOWN,EPOXY,1.6 X 0.81 X 0.31mm,High,SURFACE MOUNT,NOT SPECIFIED,55.0,-55.0,6.1,1.6,50.0,1.5,32.0,32.0,32.0,Industrial Part: Indicator Chip Very Fast Movement 1.5A 32V SMD Solder Pad 0603 Epoxy T/R CSA/UL. Rated Current: 1.5A. Voltage: 32.0V. Material: EPOXY. Physical Size: 6.1mm x 1.6mm.
A633,,UNKNOWN,NOT SPECIFIED,VERY FAST,UNKNOWN,NOT SPECIFIED,High,UNKNOWN,SURFACE MOUNT,55.0,-55.0,6.1,8.4,35.0,2.5,32.0,0.0,32.0,Industrial Part: nan. Rated Current: 2.5A. Voltage: 32.0V. Material: UNKNOWN. Physical Size: 6.1mm x 8.4mm.
A634,"Indicator Chip Very Fast Movement 2.5A 32V SMD Solder Pad 0603 Epoxy T/R CSA/UL Electric Indicator, Very Fast Blow, 2.5A, 32VAC, 32VDC, 35A (IR), Surface Mount",VERY FAST,BATTERY PACK,VERY FAST,EPOXY,1.6 X 0.81 X 0.31mm,High,SURFACE MOUNT,SURFACE MOUNT,55.0,-55.0,6.1,1.6,35.0,2.5,32.0,32.0,32.0,"Industrial Part: Indicator Chip Very Fast Movement 2.5A 32V SMD Solder Pad 0603 Epoxy T/R CSA/UL Electric Indicator, Very Fast Blow, 2.5A, 32VAC, 32VDC, 35A (IR), Surface Mount. Rated Current: 2.5A. Voltage: 32.0V. Material: EPOXY. Physical Size: 6.1mm x 1.6mm."
A635,Indicator Chip Very Fast Movement 2.5A 32V SMD Solder Pad 0603 Epoxy T/R CSA/UL,VERY FAST,BATTERY PACK,UNKNOWN,EPOXY,1.6 X 0.81 X 0.31mm,High,SURFACE MOUNT,NOT SPECIFIED,55.0,-55.0,6.1,1.6,50.0,2.5,32.0,32.0,32.0,Industrial Part: Indicator Chip Very Fast Movement 2.5A 32V SMD Solder Pad 0603 Epoxy T/R CSA/UL. Rated Current: 2.5A. Voltage: 32.0V. Material: EPOXY. Physical Size: 6.1mm x 1.6mm.
A636,"Indicator Chip Very Fast Movement 3.5A 32V SMD Solder Pad 0603 Epoxy T/R CSA/UL Electric Indicator, Very Fast Blow, 3.5A, 32VAC, 32VDC, 35A (IR), Surface Mount",VERY FAST,BATTERY PACK,VERY FAST,EPOXY,1.6 X 0.81 X 0.31mm,High,SURFACE MOUNT,SURFACE MOUNT,55.0,-55.0,6.1,1.6,35.0,3.5,32.0,32.0,32.0,"Industrial Part: Indicator Chip Very Fast Movement 3.5A 32V SMD Solder Pad 0603 Epoxy T/R CSA/UL Electric Indicator, Very Fast Blow, 3.5A, 32VAC, 32VDC, 35A (IR), Surface Mount. Rated Current: 3.5A. Voltage: 32.0V. Material: EPOXY. Physical Size: 6.1mm x 1.6mm."
A637,Indicator Chip Very Fast Movement 3.5A 32V SMD Solder Pad 0603 Epoxy T/R CSA/UL,VERY FAST,BATTERY PACK,UNKNOWN,EPOXY,1.6 X 0.81 X 0.31mm,High,SURFACE MOUNT,NOT SPECIFIED,55.0,-55.0,6.1,1.6,50.0,3.5,32.0,32.0,32.0,Industrial Part: Indicator Chip Very Fast Movement 3.5A 32V SMD Solder Pad 0603 Epoxy T/R CSA/UL. Rated Current: 3.5A. Voltage: 32.0V. Material: EPOXY. Physical Size: 6.1mm x 1.6mm.
A638,,UNKNOWN,NOT SPECIFIED,VERY FAST,UNKNOWN,NOT SPECIFIED,High,UNKNOWN,SURFACE MOUNT,55.0,-55.0,6.1,8.4,35.0,1.25,32.0,0.0,32.0,Industrial Part: nan. Rated Current: 1.25A. Voltage: 32.0V. Material: UNKNOWN. Physical Size: 6.1mm x 8.4mm.
A639,"Indicator Chip Very Fast Movement 1.25A 32V SMD Solder Pad 0603 Epoxy T/R CSA/UL Electric Indicator, Very Fast Blow, 1.25A, 32VAC, 32VDC, 35A (IR), Surface Mount",VERY FAST,BATTERY PACK,VERY FAST,EPOXY,1.6 X 0.81 X 0.31mm,High,SURFACE MOUNT,SURFACE MOUNT,55.0,-55.0,6.1,1.6,35.0,1.25,32.0,32.0,32.0,"Industrial Part: Indicator Chip Very Fast Movement 1.25A 32V SMD Solder Pad 0603 Epoxy T/R CSA/UL Electric Indicator, Very Fast Blow, 1.25A, 32VAC, 32VDC, 35A (IR), Surface Mount. Rated Current: 1.25A. Voltage: 32.0V. Material: EPOXY. Physical Size: 6.1mm x 1.6mm."
A640,Indicator Chip Very Fast Movement 1.25A 32V SMD Solder Pad 0603 Epoxy T/R CSA/UL,VERY FAST,BATTERY PACK,UNKNOWN,EPOXY,1.6 X 0.81 X 0.31mm,High,SURFACE MOUNT,NOT SPECIFIED,55.0,-55.0,6.1,1.6,50.0,1.25,32.0,32.0,32.0,Industrial Part: Indicator Chip Very Fast Movement 1.25A 32V SMD Solder Pad 0603 Epoxy T/R CSA/UL. Rated Current: 1.25A. Voltage: 32.0V. Material: EPOXY. Physical Size: 6.1mm x 1.6mm.
A641,"Indicator Chip Very Fast Movement 1.75A 32V SMD Solder Pad 0603 Epoxy T/R CSA/UL Electric Indicator, Very Fast Blow, 1.75A, 32VAC, 32VDC, 35A (IR), Surface Mount",VERY FAST,BATTERY PACK,VERY FAST,EPOXY,1.6 X 0.81 X 0.31mm,High,SURFACE MOUNT,SURFACE MOUNT,55.0,-55.0,6.1,1.6,35.0,1.75,32.0,32.0,32.0,"Industrial Part: Indicator Chip Very Fast Movement 1.75A 32V SMD Solder Pad 0603 Epoxy T/R CSA/UL Electric Indicator, Very Fast Blow, 1.75A, 32VAC, 32VDC, 35A (IR), Surface Mount. Rated Current: 1.75A. Voltage: 32.0V. Material: EPOXY. Physical Size: 6.1mm x 1.6mm."
A642,Indicator Chip Very Fast Movement 1.75A 32V SMD Solder Pad 0603 Epoxy T/R CSA/UL,VERY FAST,BATTERY PACK,UNKNOWN,EPOXY,1.6 X 0.81 X 0.31mm,High,SURFACE MOUNT,NOT SPECIFIED,55.0,-55.0,6.1,1.6,50.0,1.75,32.0,32.0,32.0,Industrial Part: Indicator Chip Very Fast Movement 1.75A 32V SMD Solder Pad 0603 Epoxy T/R CSA/UL. Rated Current: 1.75A. Voltage: 32.0V. Material: EPOXY. Physical Size: 6.1mm x 1.6mm.
A643,,VERY FAST,BATTERY PACK,UNKNOWN,EPOXY,1.6 X 0.81 X 0.31mm,UNKNOWN,UNKNOWN,NOT SPECIFIED,55.0,-55.0,6.1,8.4,50.0,0.25,32.0,32.0,32.0,Industrial Part: nan. Rated Current: 0.25A. Voltage: 32.0V. Material: EPOXY. Physical Size: 6.1mm x 8.4mm.
A644,"Indicator Chip Very Fast Movement 0.25A 32V SMD Solder Pad 0603 Epoxy T/R CSA Electric Indicator, Very Fast Blow, 0.25A, 32VAC, 32VDC, 50A (IR), Surface Mount",VERY FAST,BATTERY PACK,VERY FAST,EPOXY,1.6 X 0.81 X 0.31mm,High,SURFACE MOUNT,SURFACE MOUNT,55.0,-55.0,6.1,1.6,50.0,0.25,32.0,32.0,32.0,"Industrial Part: Indicator Chip Very Fast Movement 0.25A 32V SMD Solder Pad 0603 Epoxy T/R CSA Electric Indicator, Very Fast Blow, 0.25A, 32VAC, 32VDC, 50A (IR), Surface Mount. Rated Current: 0.25A. Voltage: 32.0V. Material: EPOXY. Physical Size: 6.1mm x 1.6mm."
A645,Indicator Chip Very Fast Movement 0.25A 32V SMD Solder Pad 0603 Epoxy T/R CSA,VERY FAST,BATTERY PACK,UNKNOWN,EPOXY,1.6 X 0.81 X 0.31mm,High,SURFACE MOUNT,NOT SPECIFIED,55.0,-55.0,6.1,1.6,50.0,0.25,32.0,32.0,32.0,Industrial Part: Indicator Chip Very Fast Movement 0.25A 32V SMD Solder Pad 0603 Epoxy T/R CSA. Rated Current: 0.25A. Voltage: 32.0V. Material: EPOXY. Physical Size: 6.1mm x 1.6mm.
A646,,UNKNOWN,NOT SPECIFIED,VERY FAST,UNKNOWN,NOT SPECIFIED,High,UNKNOWN,SURFACE MOUNT,55.0,-55.0,6.1,8.4,50.0,0.375,32.0,0.0,32.0,Industrial Part: nan. Rated Current: 0.375A. Voltage: 32.0V. Material: UNKNOWN. Physical Size: 6.1mm x 8.4mm.
A647,"Indicator Chip Very Fast Movement 0.375A 32V SMD Solder Pad 0603 Epoxy T/R CSA/UL Electric Indicator, Very Fast Blow, 0.375A, 32VAC, 32VDC, 50A (IR), Supplemental, Surface Mount, 0603",VERY FAST,BATTERY PACK,VERY FAST,EPOXY,603,High,SURFACE MOUNT,SURFACE MOUNT,55.0,-55.0,6.1,1.6,50.0,0.375,32.0,32.0,32.0,"Industrial Part: Indicator Chip Very Fast Movement 0.375A 32V SMD Solder Pad 0603 Epoxy T/R CSA/UL Electric Indicator, Very Fast Blow, 0.375A, 32VAC, 32VDC, 50A (IR), Supplemental, Surface Mount, 0603. Rated Current: 0.375A. Voltage: 32.0V. Material: EPOXY. Physical Size: 6.1mm x 1.6mm."
A648,Indicator Chip Very Fast Movement 0.375A 32V SMD Solder Pad 0603 Epoxy T/R CSA/UL,VERY FAST,BATTERY PACK,UNKNOWN,EPOXY,1.6 X 0.81 X 0.31mm,High,SURFACE MOUNT,NOT SPECIFIED,55.0,-55.0,6.1,1.6,50.0,0.375,32.0,32.0,32.0,Industrial Part: Indicator Chip Very Fast Movement 0.375A 32V SMD Solder Pad 0603 Epoxy T/R CSA/UL. Rated Current: 0.375A. Voltage: 32.0V. Material: EPOXY. Physical Size: 6.1mm x 1.6mm.
A649,,VERY FAST,HEIGHT CRITICAL APPLICATIONS,UNKNOWN,EPOXY,1.6 X 0.81 X 0.31mm,UNKNOWN,UNKNOWN,NOT SPECIFIED,55.0,-55.0,6.1,8.4,50.0,0.5,32.0,32.0,0.0,Industrial Part: nan. Rated Current: 0.5A. Voltage: 32.0V. Material: EPOXY. Physical Size: 6.1mm x 8.4mm.
A650,,VERY FAST,BATTERY PACK,UNKNOWN,EPOXY,1.6 X 0.81 X 0.31mm,UNKNOWN,UNKNOWN,NOT SPECIFIED,55.0,-55.0,6.1,8.4,50.0,0.5,32.0,32.0,32.0,Industrial Part: nan. Rated Current: 0.5A. Voltage: 32.0V. Material: EPOXY. Physical Size: 6.1mm x 8.4mm.
A651,"Indicator Chip Very Fast Movement 0.5A 32V SMD Solder Pad 0603 Epoxy T/R CSA Electric Indicator, Very Fast Blow, 0.5A, 32VAC, 32VDC, 50A (IR), Surface Mount",VERY FAST,BATTERY PACK,VERY FAST,EPOXY,1.6 X 0.81 X 0.31mm,High,SURFACE MOUNT,SURFACE MOUNT,55.0,-55.0,6.1,1.6,50.0,0.5,32.0,32.0,32.0,"Industrial Part: Indicator Chip Very Fast Movement 0.5A 32V SMD Solder Pad 0603 Epoxy T/R CSA Electric Indicator, Very Fast Blow, 0.5A, 32VAC, 32VDC, 50A (IR), Surface Mount. Rated Current: 0.5A. Voltage: 32.0V. Material: EPOXY. Physical Size: 6.1mm x 1.6mm."
A652,Indicator Chip Very Fast Movement 0.5A 32V SMD Solder Pad 0603 Epoxy T/R CSA,VERY FAST,BATTERY PACK,UNKNOWN,EPOXY,1.6 X 0.81 X 0.31mm,High,SURFACE MOUNT,NOT SPECIFIED,55.0,-55.0,6.1,1.6,50.0,0.5,32.0,32.0,32.0,Industrial Part: Indicator Chip Very Fast Movement 0.5A 32V SMD Solder Pad 0603 Epoxy T/R CSA. Rated Current: 0.5A. Voltage: 32.0V. Material: EPOXY. Physical Size: 6.1mm x 1.6mm.
A653,"Indicator Chip Very Fast Movement 0.68A 32V SMD Solder Pad 0603 Epoxy T/R CSA/UL Electric Indicator, Very Fast Blow, 0.68A, 32VAC, 32VDC, 50A (IR), Surface Mount",VERY FAST,BATTERY PACK,VERY FAST,EPOXY,1.6 X 0.81 X 0.31mm,High,SURFACE MOUNT,SURFACE MOUNT,55.0,-55.0,6.1,1.6,50.0,0.68,32.0,32.0,32.0,"Industrial Part: Indicator Chip Very Fast Movement 0.68A 32V SMD Solder Pad 0603 Epoxy T/R CSA/UL Electric Indicator, Very Fast Blow, 0.68A, 32VAC, 32VDC, 50A (IR), Surface Mount. Rated Current: 0.68A. Voltage: 32.0V. Material: EPOXY. Physical Size: 6.1mm x 1.6mm."
A654,Indicator Chip Very Fast Movement 0.68A 32V SMD Solder Pad 0603 Epoxy T/R CSA/UL,VERY FAST,BATTERY PACK,UNKNOWN,EPOXY,1.6 X 0.81 X 0.31mm,High,SURFACE MOUNT,NOT SPECIFIED,55.0,-55.0,6.1,1.6,50.0,0.68,32.0,32.0,32.0,Industrial Part: Indicator Chip Very Fast Movement 0.68A 32V SMD Solder Pad 0603 Epoxy T/R CSA/UL. Rated Current: 0.68A. Voltage: 32.0V. Material: EPOXY. Physical Size: 6.1mm x 1.6mm.
A655,,VERY FAST,BATTERY PACK,UNKNOWN,EPOXY,1.6 X 0.81 X 0.31mm,UNKNOWN,UNKNOWN,NOT SPECIFIED,55.0,-55.0,6.1,8.4,50.0,0.75,32.0,32.0,32.0,Industrial Part: nan. Rated Current: 0.75A. Voltage: 32.0V. Material: EPOXY. Physical Size: 6.1mm x 8.4mm.
A656,"Indicator Chip Very Fast Movement 0.75A 32V SMD Solder Pad 0603 Epoxy T/R CSA Electric Indicator, Very Fast Blow, 0.75A, 32VAC, 32VDC, 50A (IR), Surface Mount",VERY FAST,BATTERY PACK,VERY FAST,EPOXY,1.6 X 0.81 X 0.31mm,High,SURFACE MOUNT,SURFACE MOUNT,55.0,-55.0,6.1,1.6,50.0,0.75,32.0,32.0,32.0,"Industrial Part: Indicator Chip Very Fast Movement 0.75A 32V SMD Solder Pad 0603 Epoxy T/R CSA Electric Indicator, Very Fast Blow, 0.75A, 32VAC, 32VDC, 50A (IR), Surface Mount. Rated Current: 0.75A. Voltage: 32.0V. Material: EPOXY. Physical Size: 6.1mm x 1.6mm."
A657,Indicator Chip Very Fast Movement 0.75A 32V SMD Solder Pad 0603 Epoxy T/R CSA,VERY FAST,BATTERY PACK,UNKNOWN,EPOXY,1.6 X 0.81 X 0.31mm,High,SURFACE MOUNT,NOT SPECIFIED,55.0,-55.0,6.1,1.6,50.0,0.75,32.0,32.0,32.0,Industrial Part: Indicator Chip Very Fast Movement 0.75A 32V SMD Solder Pad 0603 Epoxy T/R CSA. Rated Current: 0.75A. Voltage: 32.0V. Material: EPOXY. Physical Size: 6.1mm x 1.6mm.
A658,"Indicator Chip Very Fast Movement 1A 32V SMD Solder Pad 0402 Epoxy Glass T/R CSA Electric Indicator, Fast Blow, 1A, 32VDC, 35A (IR), Surface Mount, 0402",VERY FAST,BATTERY PACK,FAST,EPOXY,1.04 X 0.56 X 0.38mm,Low,SURFACE MOUNT,SURFACE MOUNT,55.0,-55.0,6.1,1.04,35.0,1.0,32.0,0.0,32.0,"Industrial Part: Indicator Chip Very Fast Movement 1A 32V SMD Solder Pad 0402 Epoxy Glass T/R CSA Electric Indicator, Fast Blow, 1A, 32VDC, 35A (IR), Surface Mount, 0402. Rated Current: 1.0A. Voltage: 32.0V. Material: EPOXY. Physical Size: 6.1mm x 1.04mm."
A659,"Indicator Chip Very Fast Movement 1A 32V SMD Solder Pad 0402 Epoxy Glass T/R CSA Electric Indicator, Very Fast Blow, 1A, 32VDC, 35A (IR), Surface Mount, NANO",VERY FAST,BATTERY PACK,VERY FAST,EPOXY,NANO,Low,SURFACE MOUNT,SURFACE MOUNT,55.0,-55.0,6.1,1.04,35.0,1.0,32.0,0.0,32.0,"Industrial Part: Indicator Chip Very Fast Movement 1A 32V SMD Solder Pad 0402 Epoxy Glass T/R CSA Electric Indicator, Very Fast Blow, 1A, 32VDC, 35A (IR), Surface Mount, NANO. Rated Current: 1.0A. Voltage: 32.0V. Material: EPOXY. Physical Size: 6.1mm x 1.04mm."
A660,,UNKNOWN,NOT SPECIFIED,VERY FAST,UNKNOWN,NOT SPECIFIED,Low,UNKNOWN,SURFACE MOUNT,55.0,-55.0,6.1,8.4,35.0,2.0,125.0,0.0,24.0,Industrial Part: nan. Rated Current: 2.0A. Voltage: 125.0V. Material: UNKNOWN. Physical Size: 6.1mm x 8.4mm.
A661,"Indicator Chip Very Fast Movement 2A 32V SMD Solder Pad 0402 Epoxy Glass T/R CSA Electric Indicator, Fast Blow, 2A, 32VDC, 35A (IR), Surface Mount",VERY FAST,BATTERY PACK,FAST,EPOXY,1.04 X 0.56 X 0.38mm,Low,SURFACE MOUNT,SURFACE MOUNT,55.0,-55.0,6.1,1.04,35.0,2.0,32.0,0.0,32.0,"Industrial Part: Indicator Chip Very Fast Movement 2A 32V SMD Solder Pad 0402 Epoxy Glass T/R CSA Electric Indicator, Fast Blow, 2A, 32VDC, 35A (IR), Surface Mount. Rated Current: 2.0A. Voltage: 32.0V. Material: EPOXY. Physical Size: 6.1mm x 1.04mm."
A662,"Indicator Chip Very Fast Movement 2A 32V SMD Solder Pad 0402 Epoxy Glass T/R CSA Electric Indicator, Very Fast Blow, 2A, 32VDC, 35A (IR), Surface Mount, NANO",VERY FAST,BATTERY PACK,VERY FAST,EPOXY,NANO,Low,SURFACE MOUNT,SURFACE MOUNT,55.0,-55.0,6.1,1.04,35.0,2.0,32.0,0.0,32.0,"Industrial Part: Indicator Chip Very Fast Movement 2A 32V SMD Solder Pad 0402 Epoxy Glass T/R CSA Electric Indicator, Very Fast Blow, 2A, 32VDC, 35A (IR), Surface Mount, NANO. Rated Current: 2.0A. Voltage: 32.0V. Material: EPOXY. Physical Size: 6.1mm x 1.04mm."
A663,"Indicator Chip Very Fast Movement 3A 32V SMD Solder Pad 0402 Epoxy Glass T/R CSA Electric Indicator, Fast Blow, 3A, 32VDC, Surface Mount",VERY FAST,BATTERY PACK,FAST,EPOXY,1.04 X 0.56 X 0.38mm,Low,SURFACE MOUNT,SURFACE MOUNT,55.0,-55.0,6.1,1.04,50.0,3.0,32.0,0.0,32.0,"Industrial Part: Indicator Chip Very Fast Movement 3A 32V SMD Solder Pad 0402 Epoxy Glass T/R CSA Electric Indicator, Fast Blow, 3A, 32VDC, Surface Mount. Rated Current: 3.0A. Voltage: 32.0V. Material: EPOXY. Physical Size: 6.1mm x 1.04mm."
A664,"Indicator Chip Very Fast Movement 3A 32V SMD Solder Pad 0402 Epoxy Glass T/R CSA Electric Indicator, Very Fast Blow, 3A, 32VDC, 35A (IR), Surface Mount, NANO",VERY FAST,BATTERY PACK,VERY FAST,EPOXY,NANO,Low,SURFACE MOUNT,SURFACE MOUNT,55.0,-55.0,6.1,1.04,35.0,3.0,32.0,0.0,32.0,"Industrial Part: Indicator Chip Very Fast Movement 3A 32V SMD Solder Pad 0402 Epoxy Glass T/R CSA Electric Indicator, Very Fast Blow, 3A, 32VDC, 35A (IR), Surface Mount, NANO. Rated Current: 3.0A. Voltage: 32.0V. Material: EPOXY. Physical Size: 6.1mm x 1.04mm."
A665,"Indicator Chip Very Fast Movement 4A 32V SMD Solder Pad 0402 Epoxy Glass T/R CSA Electric Indicator, Fast Blow, 4A, 32VDC, Surface Mount",VERY FAST,BATTERY PACK,FAST,EPOXY,1.04 X 0.56 X 0.38mm,Low,SURFACE MOUNT,SURFACE MOUNT,55.0,-55.0,6.1,1.04,50.0,4.0,32.0,0.0,32.0,"Industrial Part: Indicator Chip Very Fast Movement 4A 32V SMD Solder Pad 0402 Epoxy Glass T/R CSA Electric Indicator, Fast Blow, 4A, 32VDC, Surface Mount. Rated Current: 4.0A. Voltage: 32.0V. Material: EPOXY. Physical Size: 6.1mm x 1.04mm."
A666,"Indicator Chip Very Fast Movement 4A 32V SMD Solder Pad 0402 Epoxy Glass T/R CSA Electric Indicator, Very Fast Blow, 4A, 32VDC, 35A (IR), Surface Mount, NANO",VERY FAST,BATTERY PACK,VERY FAST,EPOXY,NANO,Low,SURFACE MOUNT,SURFACE MOUNT,55.0,-55.0,6.1,1.04,35.0,4.0,32.0,0.0,32.0,"Industrial Part: Indicator Chip Very Fast Movement 4A 32V SMD Solder Pad 0402 Epoxy Glass T/R CSA Electric Indicator, Very Fast Blow, 4A, 32VDC, 35A (IR), Surface Mount, NANO. Rated Current: 4.0A. Voltage: 32.0V. Material: EPOXY. Physical Size: 6.1mm x 1.04mm."
A667,"Indicator Chip Very Fast Movement 5A 32V SMD Solder Pad 0402 Epoxy Glass T/R CSA Electric Indicator, Fast Blow, 5A, 32VDC, Surface Mount",VERY FAST,BATTERY PACK,FAST,EPOXY,1.04 X 0.56 X 0.38mm,Low,SURFACE MOUNT,SURFACE MOUNT,55.0,-55.0,6.1,1.04,50.0,5.0,32.0,0.0,32.0,"Industrial Part: Indicator Chip Very Fast Movement 5A 32V SMD Solder Pad 0402 Epoxy Glass T/R CSA Electric Indicator, Fast Blow, 5A, 32VDC, Surface Mount. Rated Current: 5.0A. Voltage: 32.0V. Material: EPOXY. Physical Size: 6.1mm x 1.04mm."
A668,"Indicator Chip Very Fast Movement 5A 32V SMD Solder Pad 0402 Epoxy Glass T/R CSA Electric Indicator, Very Fast Blow, 5A, 32VDC, 35A (IR), Surface Mount, NANO",VERY FAST,BATTERY PACK,VERY FAST,EPOXY,NANO,Low,SURFACE MOUNT,SURFACE MOUNT,55.0,-55.0,6.1,1.04,35.0,5.0,32.0,0.0,32.0,"Industrial Part: Indicator Chip Very Fast Movement 5A 32V SMD Solder Pad 0402 Epoxy Glass T/R CSA Electric Indicator, Very Fast Blow, 5A, 32VDC, 35A (IR), Surface Mount, NANO. Rated Current: 5.0A. Voltage: 32.0V. Material: EPOXY. Physical Size: 6.1mm x 1.04mm."
A669,,UNKNOWN,NOT SPECIFIED,VERY FAST,UNKNOWN,NOT SPECIFIED,Low,UNKNOWN,SURFACE MOUNT,55.0,-55.0,6.1,8.4,35.0,1.5,125.0,0.0,24.0,Industrial Part: nan. Rated Current: 1.5A. Voltage: 125.0V. Material: UNKNOWN. Physical Size: 6.1mm x 8.4mm.
A670,"Indicator Chip Very Fast Movement 1.5A 32V SMD Solder Pad 0402 Epoxy Glass T/R CSA Electric Indicator, Fast Blow, 1.5A, 32VDC, 35A (IR), Surface Mount",VERY FAST,BATTERY PACK,FAST,EPOXY,1.04 X 0.56 X 0.38mm,Low,SURFACE MOUNT,SURFACE MOUNT,55.0,-55.0,6.1,1.04,35.0,1.5,32.0,0.0,32.0,"Industrial Part: Indicator Chip Very Fast Movement 1.5A 32V SMD Solder Pad 0402 Epoxy Glass T/R CSA Electric Indicator, Fast Blow, 1.5A, 32VDC, 35A (IR), Surface Mount. Rated Current: 1.5A. Voltage: 32.0V. Material: EPOXY. Physical Size: 6.1mm x 1.04mm."
A671,"Indicator Chip Very Fast Movement 1.5A 32V SMD Solder Pad 0402 Epoxy Glass T/R CSA Electric Indicator, Very Fast Blow, 1.5A, 32VDC, 35A (IR), Surface Mount",VERY FAST,BATTERY PACK,VERY FAST,EPOXY,1.04 X 0.56 X 0.38mm,Low,SURFACE MOUNT,SURFACE MOUNT,55.0,-55.0,6.1,1.04,35.0,1.5,32.0,0.0,32.0,"Industrial Part: Indicator Chip Very Fast Movement 1.5A 32V SMD Solder Pad 0402 Epoxy Glass T/R CSA Electric Indicator, Very Fast Blow, 1.5A, 32VDC, 35A (IR), Surface Mount. Rated Current: 1.5A. Voltage: 32.0V. Material: EPOXY. Physical Size: 6.1mm x 1.04mm."
A672,"Indicator Chip Very Fast Movement 2.5A 32V SMD Solder Pad 0402 Epoxy Glass T/R CSA Electric Indicator, Fast Blow, 2.5A, 32VDC, Surface Mount",VERY FAST,BATTERY PACK,FAST,EPOXY,1.04 X 0.56 X 0.38mm,Low,SURFACE MOUNT,SURFACE MOUNT,55.0,-55.0,6.1,1.04,50.0,2.5,32.0,0.0,32.0,"Industrial Part: Indicator Chip Very Fast Movement 2.5A 32V SMD Solder Pad 0402 Epoxy Glass T/R CSA Electric Indicator, Fast Blow, 2.5A, 32VDC, Surface Mount. Rated Current: 2.5A. Voltage: 32.0V. Material: EPOXY. Physical Size: 6.1mm x 1.04mm."
A673,"Indicator Chip Very Fast Movement 2.5A 32V SMD Solder Pad 0402 Epoxy Glass T/R CSA Electric Indicator, Very Fast Blow, 2.5A, 32VDC, 35A (IR), Surface Mount, NANO",VERY FAST,BATTERY PACK,VERY FAST,EPOXY,NANO,Low,SURFACE MOUNT,SURFACE MOUNT,55.0,-55.0,6.1,1.04,35.0,2.5,32.0,0.0,32.0,"Industrial Part: Indicator Chip Very Fast Movement 2.5A 32V SMD Solder Pad 0402 Epoxy Glass T/R CSA Electric Indicator, Very Fast Blow, 2.5A, 32VDC, 35A (IR), Surface Mount, NANO. Rated Current: 2.5A. Voltage: 32.0V. Material: EPOXY. Physical Size: 6.1mm x 1.04mm."
A674,"Indicator Chip Very Fast Movement 3.5A 32V SMD Solder Pad 0402 Epoxy Glass T/R CSA Electric Indicator, Fast Blow, 3.5A, 32VDC, Surface Mount",VERY FAST,BATTERY PACK,FAST,EPOXY,1.04 X 0.56 X 0.38mm,Low,SURFACE MOUNT,SURFACE MOUNT,55.0,-55.0,6.1,1.04,50.0,3.5,32.0,0.0,32.0,"Industrial Part: Indicator Chip Very Fast Movement 3.5A 32V SMD Solder Pad 0402 Epoxy Glass T/R CSA Electric Indicator, Fast Blow, 3.5A, 32VDC, Surface Mount. Rated Current: 3.5A. Voltage: 32.0V. Material: EPOXY. Physical Size: 6.1mm x 1.04mm."
A675,"Indicator Chip Very Fast Movement 3.5A 32V SMD Solder Pad 0402 Epoxy Glass T/R CSA Electric Indicator, Very Fast Blow, 3.5A, 32VDC, 35A (IR), Surface Mount, NANO",VERY FAST,BATTERY PACK,VERY FAST,EPOXY,NANO,Low,SURFACE MOUNT,SURFACE MOUNT,55.0,-55.0,6.1,1.04,35.0,3.5,32.0,0.0,32.0,"Industrial Part: Indicator Chip Very Fast Movement 3.5A 32V SMD Solder Pad 0402 Epoxy Glass T/R CSA Electric Indicator, Very Fast Blow, 3.5A, 32VDC, 35A (IR), Surface Mount, NANO. Rated Current: 3.5A. Voltage: 32.0V. Material: EPOXY. Physical Size: 6.1mm x 1.04mm."
A676,,UNKNOWN,NOT SPECIFIED,VERY FAST,UNKNOWN,NOT SPECIFIED,Low,UNKNOWN,SURFACE MOUNT,55.0,-55.0,6.1,8.4,35.0,1.25,125.0,0.0,24.0,Industrial Part: nan. Rated Current: 1.25A. Voltage: 125.0V. Material: UNKNOWN. Physical Size: 6.1mm x 8.4mm.
A677,"Indicator Chip Very Fast Movement 1.25A 32V SMD Solder Pad 0402 Epoxy Glass T/R CSA Electric Indicator, Fast Blow, 1.25A, 32VDC, 35A (IR), Surface Mount",VERY FAST,BATTERY PACK,FAST,EPOXY,1.04 X 0.56 X 0.38mm,Low,SURFACE MOUNT,SURFACE MOUNT,55.0,-55.0,6.1,1.04,35.0,1.25,32.0,0.0,32.0,"Industrial Part: Indicator Chip Very Fast Movement 1.25A 32V SMD Solder Pad 0402 Epoxy Glass T/R CSA Electric Indicator, Fast Blow, 1.25A, 32VDC, 35A (IR), Surface Mount. Rated Current: 1.25A. Voltage: 32.0V. Material: EPOXY. Physical Size: 6.1mm x 1.04mm."
A678,"Indicator Chip Very Fast Movement 1.25A 32V SMD Solder Pad 0402 Epoxy Glass T/R CSA Electric Indicator, Very Fast Blow, 1.25A, 32VDC, 35A (IR), Surface Mount, NANO",VERY FAST,BATTERY PACK,VERY FAST,EPOXY,NANO,Low,SURFACE MOUNT,SURFACE MOUNT,55.0,-55.0,6.1,1.04,35.0,1.25,32.0,0.0,32.0,"Industrial Part: Indicator Chip Very Fast Movement 1.25A 32V SMD Solder Pad 0402 Epoxy Glass T/R CSA Electric Indicator, Very Fast Blow, 1.25A, 32VDC, 35A (IR), Surface Mount, NANO. Rated Current: 1.25A. Voltage: 32.0V. Material: EPOXY. Physical Size: 6.1mm x 1.04mm."
A679,,UNKNOWN,NOT SPECIFIED,VERY FAST,UNKNOWN,NOT SPECIFIED,Low,UNKNOWN,SURFACE MOUNT,55.0,-55.0,6.1,8.4,35.0,1.75,125.0,0.0,24.0,Industrial Part: nan. Rated Current: 1.75A. Voltage: 125.0V. Material: UNKNOWN. Physical Size: 6.1mm x 8.4mm.
A680,"Indicator Chip Very Fast Movement 1.75A 32V SMD Solder Pad 0402 Epoxy Glass T/R CSA Electric Indicator, Fast Blow, 1.75A, 32VDC, 35A (IR), Surface Mount",VERY FAST,BATTERY PACK,FAST,EPOXY,1.04 X 0.56 X 0.38mm,Low,SURFACE MOUNT,SURFACE MOUNT,55.0,-55.0,6.1,1.04,35.0,1.75,32.0,0.0,32.0,"Industrial Part: Indicator Chip Very Fast Movement 1.75A 32V SMD Solder Pad 0402 Epoxy Glass T/R CSA Electric Indicator, Fast Blow, 1.75A, 32VDC, 35A (IR), Surface Mount. Rated Current: 1.75A. Voltage: 32.0V. Material: EPOXY. Physical Size: 6.1mm x 1.04mm."
A681,"Indicator Chip Very Fast Movement 1.75A 32V SMD Solder Pad 0402 Epoxy Glass T/R CSA Electric Indicator, Very Fast Blow, 1.75A, 32VDC, 35A (IR), Surface Mount, NANO",VERY FAST,BATTERY PACK,VERY FAST,EPOXY,NANO,Low,SURFACE MOUNT,SURFACE MOUNT,55.0,-55.0,6.1,1.04,35.0,1.75,32.0,0.0,32.0,"Industrial Part: Indicator Chip Very Fast Movement 1.75A 32V SMD Solder Pad 0402 Epoxy Glass T/R CSA Electric Indicator, Very Fast Blow, 1.75A, 32VDC, 35A (IR), Surface Mount, NANO. Rated Current: 1.75A. Voltage: 32.0V. Material: EPOXY. Physical Size: 6.1mm x 1.04mm."
A682,"Indicator Chip Very Fast Movement 0.25A 32V SMD Solder Pad 0402 Epoxy Glass T/R CSA Electric Indicator, Fast Blow, 0.25A, 32VDC, 35A (IR), Surface Mount",VERY FAST,BATTERY PACK,FAST,EPOXY,1.04 X 0.56 X 0.38mm,High,SURFACE MOUNT,SURFACE MOUNT,55.0,-55.0,6.1,1.04,35.0,0.25,32.0,0.0,32.0,"Industrial Part: Indicator Chip Very Fast Movement 0.25A 32V SMD Solder Pad 0402 Epoxy Glass T/R CSA Electric Indicator, Fast Blow, 0.25A, 32VDC, 35A (IR), Surface Mount. Rated Current: 0.25A. Voltage: 32.0V. Material: EPOXY. Physical Size: 6.1mm x 1.04mm."
A683,"Indicator Chip Very Fast Movement 0.25A 32V SMD Solder Pad 0402 Epoxy Glass T/R CSA Electric Indicator, Very Fast Blow, 0.25A, 32VDC, 35A (IR), Surface Mount, NANO",VERY FAST,BATTERY PACK,VERY FAST,EPOXY,NANO,High,SURFACE MOUNT,SURFACE MOUNT,55.0,-55.0,6.1,1.04,35.0,0.25,32.0,0.0,32.0,"Industrial Part: Indicator Chip Very Fast Movement 0.25A 32V SMD Solder Pad 0402 Epoxy Glass T/R CSA Electric Indicator, Very Fast Blow, 0.25A, 32VDC, 35A (IR), Surface Mount, NANO. Rated Current: 0.25A. Voltage: 32.0V. Material: EPOXY. Physical Size: 6.1mm x 1.04mm."
A684,"Indicator Chip Very Fast Movement 0.25A SMD Solder Pad 0402 Epoxy Glass T/R CSA Electric Indicator, Very Fast Blow, 0.25A, 32VAC, 32VDC, 35A (IR), Surface Mount",VERY FAST,BATTERY PACK,VERY FAST,EPOXY,25.17 X 12.9 X 7.75mm,Low,SURFACE MOUNT,SURFACE MOUNT,55.0,-55.0,6.1,25.17,35.0,0.25,32.0,32.0,32.0,"Industrial Part: Indicator Chip Very Fast Movement 0.25A SMD Solder Pad 0402 Epoxy Glass T/R CSA Electric Indicator, Very Fast Blow, 0.25A, 32VAC, 32VDC, 35A (IR), Surface Mount. Rated Current: 0.25A. Voltage: 32.0V. Material: EPOXY. Physical Size: 6.1mm x 25.17mm."
A685,,VERY FAST,BATTERY PACK,UNKNOWN,EPOXY,25.17 X 12.9 X 7.75mm,UNKNOWN,SURFACE MOUNT,NOT SPECIFIED,55.0,-55.0,6.1,25.17,50.0,0.25,32.0,0.0,32.0,Industrial Part: nan. Rated Current: 0.25A. Voltage: 32.0V. Material: EPOXY. Physical Size: 6.1mm x 25.17mm.
A686,,UNKNOWN,NOT SPECIFIED,VERY FAST,UNKNOWN,NOT SPECIFIED,Low,UNKNOWN,SURFACE MOUNT,55.0,-55.0,6.1,8.4,35.0,0.375,125.0,0.0,24.0,Industrial Part: nan. Rated Current: 0.375A. Voltage: 125.0V. Material: UNKNOWN. Physical Size: 6.1mm x 8.4mm.
A687,"Indicator Chip Very Fast Movement 0.375A 32V SMD Solder Pad 0402 Epoxy Glass T/R CSA Electric Indicator, Fast Blow, 0.375A, 32VDC, 35A (IR), Surface Mount, 0402",VERY FAST,BATTERY PACK,FAST,EPOXY,1.04 X 0.56 X 0.38mm,Low,SURFACE MOUNT,SURFACE MOUNT,55.0,-55.0,6.1,1.04,35.0,0.375,32.0,0.0,32.0,"Industrial Part: Indicator Chip Very Fast Movement 0.375A 32V SMD Solder Pad 0402 Epoxy Glass T/R CSA Electric Indicator, Fast Blow, 0.375A, 32VDC, 35A (IR), Surface Mount, 0402. Rated Current: 0.375A. Voltage: 32.0V. Material: EPOXY. Physical Size: 6.1mm x 1.04mm."
A688,"Indicator Chip Very Fast Movement 0.375A 32V SMD Solder Pad 0402 Epoxy Glass T/R CSA Electric Indicator, Very Fast Blow, 0.375A, 32VDC, 35A (IR), Surface Mount, NANO",VERY FAST,BATTERY PACK,VERY FAST,EPOXY,NANO,Low,SURFACE MOUNT,SURFACE MOUNT,55.0,-55.0,6.1,1.04,35.0,0.375,32.0,0.0,32.0,"Industrial Part: Indicator Chip Very Fast Movement 0.375A 32V SMD Solder Pad 0402 Epoxy Glass T/R CSA Electric Indicator, Very Fast Blow, 0.375A, 32VDC, 35A (IR), Surface Mount, NANO. Rated Current: 0.375A. Voltage: 32.0V. Material: EPOXY. Physical Size: 6.1mm x 1.04mm."
A689,"Indicator Chip Very Fast Movement 0.5A 32V SMD Solder Pad 0402 Epoxy Glass T/R CSA Electric Indicator, Fast Blow, 0.5A, 32VDC, 35A (IR), Supplemental, Surface Mount, 0402",VERY FAST,BATTERY PACK,FAST,EPOXY,1.04 X 0.56 X 0.38mm,Low,SURFACE MOUNT,SURFACE MOUNT,55.0,-55.0,6.1,1.04,35.0,0.5,32.0,0.0,32.0,"Industrial Part: Indicator Chip Very Fast Movement 0.5A 32V SMD Solder Pad 0402 Epoxy Glass T/R CSA Electric Indicator, Fast Blow, 0.5A, 32VDC, 35A (IR), Supplemental, Surface Mount, 0402. Rated Current: 0.5A. Voltage: 32.0V. Material: EPOXY. Physical Size: 6.1mm x 1.04mm."
A690,"Indicator Chip Very Fast Movement 0.5A 32V SMD Solder Pad 0402 Epoxy Glass T/R CSA Electric Indicator, Very Fast Blow, 0.5A, 32VDC, 35A (IR), Surface Mount, NANO",VERY FAST,BATTERY PACK,VERY FAST,EPOXY,NANO,Low,SURFACE MOUNT,SURFACE MOUNT,55.0,-55.0,6.1,1.04,35.0,0.5,32.0,0.0,32.0,"Industrial Part: Indicator Chip Very Fast Movement 0.5A 32V SMD Solder Pad 0402 Epoxy Glass T/R CSA Electric Indicator, Very Fast Blow, 0.5A, 32VDC, 35A (IR), Surface Mount, NANO. Rated Current: 0.5A. Voltage: 32.0V. Material: EPOXY. Physical Size: 6.1mm x 1.04mm."
A691,"Indicator Chip Very Fast Movement 0.75A 32V SMD Solder Pad 0402 Epoxy Glass T/R CSA Electric Indicator, Fast Blow, 0.75A, 32VDC, 35A (IR), Surface Mount",VERY FAST,BATTERY PACK,FAST,EPOXY,1.04 X 0.56 X 0.38mm,Low,SURFACE MOUNT,SURFACE MOUNT,55.0,-55.0,6.1,1.04,35.0,0.75,32.0,0.0,32.0,"Industrial Part: Indicator Chip Very Fast Movement 0.75A 32V SMD Solder Pad 0402 Epoxy Glass T/R CSA Electric Indicator, Fast Blow, 0.75A, 32VDC, 35A (IR), Surface Mount. Rated Current: 0.75A. Voltage: 32.0V. Material: EPOXY. Physical Size: 6.1mm x 1.04mm."
A692,"Indicator Chip Very Fast Movement 0.75A 32V SMD Solder Pad 0402 Epoxy Glass T/R CSA Electric Indicator, Very Fast Blow, 0.75A, 32VDC, 35A (IR), Surface Mount, NANO",VERY FAST,BATTERY PACK,VERY FAST,EPOXY,NANO,Low,SURFACE MOUNT,SURFACE MOUNT,55.0,-55.0,6.1,1.04,35.0,0.75,32.0,0.0,32.0,"Industrial Part: Indicator Chip Very Fast Movement 0.75A 32V SMD Solder Pad 0402 Epoxy Glass T/R CSA Electric Indicator, Very Fast Blow, 0.75A, 32VDC, 35A (IR), Surface Mount, NANO. Rated Current: 0.75A. Voltage: 32.0V. Material: EPOXY. Physical Size: 6.1mm x 1.04mm."
A693,"Indicator Chip Fast Movement 1A 63V SMD Solder Pad 1206 Ceramic T/R CSA/UL Electric Indicator, Fast Blow, 1A, 63VAC, 63VDC, 50A (IR), Surface Mount, 1206",FAST,AUTOMOTIVE ELECTRONIC,FAST,CERAMIC,1206,Low,SURFACE MOUNT,SURFACE MOUNT,55.0,-55.0,6.1,3.12,50.0,1.0,63.0,63.0,1.0,"Industrial Part: Indicator Chip Fast Movement 1A 63V SMD Solder Pad 1206 Ceramic T/R CSA/UL Electric Indicator, Fast Blow, 1A, 63VAC, 63VDC, 50A (IR), Surface Mount, 1206. Rated Current: 1.0A. Voltage: 63.0V. Material: CERAMIC. Physical Size: 6.1mm x 3.12mm."
A694,,FAST,AUTOMOTIVE ELECTRONIC,UNKNOWN,CERAMIC,3.12 X 1.67 X 0.84mm,UNKNOWN,SURFACE MOUNT,NOT SPECIFIED,55.0,-55.0,6.1,3.12,50.0,1.0,63.0,63.0,63.0,Industrial Part: nan. Rated Current: 1.0A. Voltage: 63.0V. Material: CERAMIC. Physical Size: 6.1mm x 3.12mm.
A695,"Indicator Chip Fast Movement 2A 63V SMD Solder Pad 1206 Ceramic T/R CSA/UL Electric Indicator, Fast Blow, 2A, 63VAC, 63VDC, 50A (IR), Surface Mount, 1206",FAST,AUTOMOTIVE ELECTRONIC,FAST,CERAMIC,1206,Low,SURFACE MOUNT,SURFACE MOUNT,55.0,-55.0,6.1,3.12,50.0,2.0,63.0,63.0,2.0,"Industrial Part: Indicator Chip Fast Movement 2A 63V SMD Solder Pad 1206 Ceramic T/R CSA/UL Electric Indicator, Fast Blow, 2A, 63VAC, 63VDC, 50A (IR), Surface Mount, 1206. Rated Current: 2.0A. Voltage: 63.0V. Material: CERAMIC. Physical Size: 6.1mm x 3.12mm."
A696,"Indicator Chip Fast Movement 3A 32V SMD Solder Pad 1206 Ceramic T/R CSA/UL Electric Indicator, Fast Blow, 3A, 32VAC, 35VDC, 50A (IR), Surface Mount, 1206",FAST,AUTOMOTIVE ELECTRONIC,FAST,CERAMIC,1206,Low,SURFACE MOUNT,SURFACE MOUNT,55.0,-55.0,6.1,3.12,50.0,3.0,32.0,32.0,3.0,"Industrial Part: Indicator Chip Fast Movement 3A 32V SMD Solder Pad 1206 Ceramic T/R CSA/UL Electric Indicator, Fast Blow, 3A, 32VAC, 35VDC, 50A (IR), Surface Mount, 1206. Rated Current: 3.0A. Voltage: 32.0V. Material: CERAMIC. Physical Size: 6.1mm x 3.12mm."
A697,"Indicator Chip Fast Movement 4A 32V SMD Solder Pad 1206 Ceramic T/R CSA/UL Electric Indicator, Fast Blow, 4A, 32VAC, 35VDC, 50A (IR), Surface Mount, 1206",FAST,AUTOMOTIVE ELECTRONIC,FAST,CERAMIC,1206,Low,SURFACE MOUNT,SURFACE MOUNT,55.0,-55.0,6.1,3.12,50.0,4.0,32.0,32.0,4.0,"Industrial Part: Indicator Chip Fast Movement 4A 32V SMD Solder Pad 1206 Ceramic T/R CSA/UL Electric Indicator, Fast Blow, 4A, 32VAC, 35VDC, 50A (IR), Surface Mount, 1206. Rated Current: 4.0A. Voltage: 32.0V. Material: CERAMIC. Physical Size: 6.1mm x 3.12mm."
A698,"Indicator Chip Fast Movement 5A 32V SMD Solder Pad 1206 Ceramic T/R CSA/UL Electric Indicator, Fast Blow, 5A, 32VAC, 35VDC, 50A (IR), Surface Mount, 1206",FAST,AUTOMOTIVE ELECTRONIC,FAST,CERAMIC,1206,Low,SURFACE MOUNT,SURFACE MOUNT,55.0,-55.0,6.1,3.12,50.0,5.0,32.0,32.0,5.0,"Industrial Part: Indicator Chip Fast Movement 5A 32V SMD Solder Pad 1206 Ceramic T/R CSA/UL Electric Indicator, Fast Blow, 5A, 32VAC, 35VDC, 50A (IR), Surface Mount, 1206. Rated Current: 5.0A. Voltage: 32.0V. Material: CERAMIC. Physical Size: 6.1mm x 3.12mm."
A699,"Indicator Chip Fast Movement 7A 32V SMD Solder Pad 1206 Ceramic T/R CSA/UL Electric Indicator, Fast Blow, 7A, 32VAC, 35VDC, 50A (IR), Surface Mount, 1206",FAST,AUTOMOTIVE ELECTRONIC,FAST,CERAMIC,1206,Low,SURFACE MOUNT,SURFACE MOUNT,55.0,-55.0,6.1,3.12,50.0,7.0,32.0,32.0,7.0,"Industrial Part: Indicator Chip Fast Movement 7A 32V SMD Solder Pad 1206 Ceramic T/R CSA/UL Electric Indicator, Fast Blow, 7A, 32VAC, 35VDC, 50A (IR), Surface Mount, 1206. Rated Current: 7.0A. Voltage: 32.0V. Material: CERAMIC. Physical Size: 6.1mm x 3.12mm."
A700,"Indicator Chip Fast Movement 8A 32V SMD Solder Pad 1206 Ceramic T/R CSA/UL Electric Indicator, Fast Blow, 8A, 32VAC, 35VDC, 50A (IR), Surface Mount, 1206",FAST,AUTOMOTIVE ELECTRONIC,FAST,CERAMIC,1206,Low,SURFACE MOUNT,SURFACE MOUNT,55.0,-55.0,6.1,3.12,50.0,8.0,32.0,32.0,8.0,"Industrial Part: Indicator Chip Fast Movement 8A 32V SMD Solder Pad 1206 Ceramic T/R CSA/UL Electric Indicator, Fast Blow, 8A, 32VAC, 35VDC, 50A (IR), Surface Mount, 1206. Rated Current: 8.0A. Voltage: 32.0V. Material: CERAMIC. Physical Size: 6.1mm x 3.12mm."
A701,"Indicator Chip Fast Movement 1.5A 63V SMD Solder Pad 1206 Ceramic T/R CSA/UL Electric Indicator, Fast Blow, 1.5A, 63VAC, 63VDC, 50A (IR), Surface Mount, 1206",FAST,AUTOMOTIVE ELECTRONIC,FAST,CERAMIC,1206,Low,SURFACE MOUNT,SURFACE MOUNT,55.0,-55.0,6.1,3.12,50.0,1.5,63.0,63.0,1.5,"Industrial Part: Indicator Chip Fast Movement 1.5A 63V SMD Solder Pad 1206 Ceramic T/R CSA/UL Electric Indicator, Fast Blow, 1.5A, 63VAC, 63VDC, 50A (IR), Surface Mount, 1206. Rated Current: 1.5A. Voltage: 63.0V. Material: CERAMIC. Physical Size: 6.1mm x 3.12mm."
A702,,FAST,AUTOMOTIVE ELECTRONIC,UNKNOWN,CERAMIC,3.12 X 1.67 X 0.84mm,UNKNOWN,SURFACE MOUNT,NOT SPECIFIED,55.0,-55.0,6.1,3.12,50.0,1.5,63.0,63.0,63.0,Industrial Part: nan. Rated Current: 1.5A. Voltage: 63.0V. Material: CERAMIC. Physical Size: 6.1mm x 3.12mm.
A703,"Indicator Chip Fast Movement 2.5A 32V SMD Solder Pad 1206 Ceramic T/R CSA/UL Electric Indicator, Fast Blow, 2.5A, 32VAC, 35VDC, 50A (IR), Surface Mount, 1206",FAST,AUTOMOTIVE ELECTRONIC,FAST,CERAMIC,1206,Low,SURFACE MOUNT,SURFACE MOUNT,55.0,-55.0,6.1,3.12,50.0,2.5,32.0,32.0,2.5,"Industrial Part: Indicator Chip Fast Movement 2.5A 32V SMD Solder Pad 1206 Ceramic T/R CSA/UL Electric Indicator, Fast Blow, 2.5A, 32VAC, 35VDC, 50A (IR), Surface Mount, 1206. Rated Current: 2.5A. Voltage: 32.0V. Material: CERAMIC. Physical Size: 6.1mm x 3.12mm."
A704,"Indicator Chip Fast Movement 3.5A 32V SMD Solder Pad 1206 Ceramic T/R CSA/UL Electric Indicator, Fast Blow, 3.5A, 32VAC, 35VDC, 50A (IR), Surface Mount, 1206",FAST,AUTOMOTIVE ELECTRONIC,FAST,CERAMIC,1206,Low,SURFACE MOUNT,SURFACE MOUNT,55.0,-55.0,6.1,3.12,50.0,3.5,32.0,32.0,3.5,"Industrial Part: Indicator Chip Fast Movement 3.5A 32V SMD Solder Pad 1206 Ceramic T/R CSA/UL Electric Indicator, Fast Blow, 3.5A, 32VAC, 35VDC, 50A (IR), Surface Mount, 1206. Rated Current: 3.5A. Voltage: 32.0V. Material: CERAMIC. Physical Size: 6.1mm x 3.12mm."
A705,"Indicator Chip Fast Movement 1.25A 63V SMD Solder Pad 1206 Ceramic T/R CSA/UL Electric Indicator, Fast Blow, 1.25A, 63VAC, 63VDC, 50A (IR), Surface Mount, 1206",FAST,AUTOMOTIVE ELECTRONIC,FAST,CERAMIC,1206,Low,SURFACE MOUNT,SURFACE MOUNT,55.0,-55.0,6.1,3.2,50.0,1.25,63.0,63.0,1.25,"Industrial Part: Indicator Chip Fast Movement 1.25A 63V SMD Solder Pad 1206 Ceramic T/R CSA/UL Electric Indicator, Fast Blow, 1.25A, 63VAC, 63VDC, 50A (IR), Surface Mount, 1206. Rated Current: 1.25A. Voltage: 63.0V. Material: CERAMIC. Physical Size: 6.1mm x 3.2mm."
A706,"Indicator Chip Fast Movement 1.75A 63V SMD Solder Pad 1206 Ceramic T/R CSA/UL Electric Indicator, Fast Blow, 1.75A, 63VAC, 63VDC, 50A (IR), Surface Mount, 1206",FAST,AUTOMOTIVE ELECTRONIC,FAST,CERAMIC,1206,Low,SURFACE MOUNT,SURFACE MOUNT,55.0,-55.0,6.1,3.12,50.0,1.75,63.0,63.0,1.75,"Industrial Part: Indicator Chip Fast Movement 1.75A 63V SMD Solder Pad 1206 Ceramic T/R CSA/UL Electric Indicator, Fast Blow, 1.75A, 63VAC, 63VDC, 50A (IR), Surface Mount, 1206. Rated Current: 1.75A. Voltage: 63.0V. Material: CERAMIC. Physical Size: 6.1mm x 3.12mm."
A707,"Indicator Chip Fast Movement 0.25A 125V SMD Solder Pad 1206 Ceramic T/R CSA/UL Electric Indicator, Fast Blow, 0.25A, 125VAC, 125VDC, 50A (IR), Surface Mount, 1206",FAST,AUTOMOTIVE ELECTRONIC,FAST,CERAMIC,1206,Low,SURFACE MOUNT,SURFACE MOUNT,125.0,-55.0,6.1,3.12,50.0,0.25,125.0,125.0,0.25,"Industrial Part: Indicator Chip Fast Movement 0.25A 125V SMD Solder Pad 1206 Ceramic T/R CSA/UL Electric Indicator, Fast Blow, 0.25A, 125VAC, 125VDC, 50A (IR), Surface Mount, 1206. Rated Current: 0.25A. Voltage: 125.0V. Material: CERAMIC. Physical Size: 6.1mm x 3.12mm."
A708,"Indicator Chip Fast Movement 0.375A 125V SMD Solder Pad 1206 Ceramic T/R CSA/UL Electric Indicator, Fast Blow, 0.375A, 125VAC, 125VDC, 50A (IR), Surface Mount, 1206",FAST,AUTOMOTIVE ELECTRONIC,FAST,CERAMIC,1206,Low,SURFACE MOUNT,SURFACE MOUNT,125.0,-55.0,6.1,3.12,50.0,0.375,125.0,125.0,0.375,"Industrial Part: Indicator Chip Fast Movement 0.375A 125V SMD Solder Pad 1206 Ceramic T/R CSA/UL Electric Indicator, Fast Blow, 0.375A, 125VAC, 125VDC, 50A (IR), Surface Mount, 1206. Rated Current: 0.375A. Voltage: 125.0V. Material: CERAMIC. Physical Size: 6.1mm x 3.12mm."
A709,"Indicator Chip Fast Movement 0.5A 63V SMD Solder Pad 1206 Ceramic T/R CSA/UL Electric Indicator, Fast Blow, 0.5A, 63VAC, 63VDC, 50A (IR), Surface Mount, 1206",FAST,AUTOMOTIVE ELECTRONIC,FAST,CERAMIC,1206,Low,SURFACE MOUNT,SURFACE MOUNT,55.0,-55.0,6.1,3.2,50.0,0.5,63.0,63.0,0.5,"Industrial Part: Indicator Chip Fast Movement 0.5A 63V SMD Solder Pad 1206 Ceramic T/R CSA/UL Electric Indicator, Fast Blow, 0.5A, 63VAC, 63VDC, 50A (IR), Surface Mount, 1206. Rated Current: 0.5A. Voltage: 63.0V. Material: CERAMIC. Physical Size: 6.1mm x 3.2mm."
A710,"Indicator Chip Fast Movement 0.75A 63V SMD Solder Pad 1206 Ceramic T/R CSA/UL Electric Indicator, Fast Blow, 0.75A, 63VAC, 63VDC, 50A (IR), Surface Mount, 1206",FAST,AUTOMOTIVE ELECTRONIC,FAST,CERAMIC,1206,Low,SURFACE MOUNT,SURFACE MOUNT,55.0,-55.0,6.1,3.2,50.0,0.75,63.0,63.0,0.75,"Industrial Part: Indicator Chip Fast Movement 0.75A 63V SMD Solder Pad 1206 Ceramic T/R CSA/UL Electric Indicator, Fast Blow, 0.75A, 63VAC, 63VDC, 50A (IR), Surface Mount, 1206. Rated Current: 0.75A. Voltage: 63.0V. Material: CERAMIC. Physical Size: 6.1mm x 3.2mm."
A711,"Indicator 1A 32V Fast Movement 2-Pin T/R Electric Indicator, Fast Blow, 1A, 32VDC, 50A (IR), Surface Mount, 0603",FAST,AUTOMOTIVE ELECTRONIC,FAST,CERAMIC,603,Low,SURFACE MOUNT,SURFACE MOUNT,55.0,-55.0,6.1,1.54,50.0,1.0,63.0,0.0,1.0,"Industrial Part: Indicator 1A 32V Fast Movement 2-Pin T/R Electric Indicator, Fast Blow, 1A, 32VDC, 50A (IR), Surface Mount, 0603. Rated Current: 1.0A. Voltage: 63.0V. Material: CERAMIC. Physical Size: 6.1mm x 1.54mm."
A712,,FAST,AUTOMOTIVE NAVIGATION SYSTEM,UNKNOWN,CERAMIC,1.58 X 0.85 X 0.5mm,UNKNOWN,SURFACE MOUNT,NOT SPECIFIED,55.0,-55.0,6.1,1.58,50.0,1.0,63.0,32.0,63.0,Industrial Part: nan. Rated Current: 1.0A. Voltage: 63.0V. Material: CERAMIC. Physical Size: 6.1mm x 1.58mm.
A713,"Indicator 2A 32V Fast Movement 2-Pin T/R Electric Indicator, Fast Blow, 2A, 12VAC, 32VDC, 50A (IR), Surface Mount, 0603",FAST,AUTOMOTIVE ELECTRONIC,FAST,CERAMIC,603,High,SURFACE MOUNT,SURFACE MOUNT,55.0,-55.0,6.1,1.54,50.0,2.0,12.0,12.0,2.0,"Industrial Part: Indicator 2A 32V Fast Movement 2-Pin T/R Electric Indicator, Fast Blow, 2A, 12VAC, 32VDC, 50A (IR), Surface Mount, 0603. Rated Current: 2.0A. Voltage: 12.0V. Material: CERAMIC. Physical Size: 6.1mm x 1.54mm."
A714,,FAST,AUTOMOTIVE NAVIGATION SYSTEM,UNKNOWN,CERAMIC,1.58 X 0.85 X 0.5mm,UNKNOWN,SURFACE MOUNT,NOT SPECIFIED,55.0,-55.0,6.1,1.58,50.0,2.0,32.0,12.0,32.0,Industrial Part: nan. Rated Current: 2.0A. Voltage: 32.0V. Material: CERAMIC. Physical Size: 6.1mm x 1.58mm.
A715,"Indicator Chip Fast Movement 2A 32V SMD Solder Pad 0603 1.58 X 0.83 X 0.5mm Ceramic T/R Electric Indicator, Fast Blow, 2A, 12VAC, 32VDC, 50A (IR), Surface Mount",FAST,AUTOMOTIVE ELECTRONIC,FAST,CERAMIC,1.58 X 0.83 X 0.5mm,Low,SURFACE MOUNT,SURFACE MOUNT,55.0,-55.0,0.83,0.5,50.0,2.0,12.0,12.0,2.0,"Industrial Part: Indicator Chip Fast Movement 2A 32V SMD Solder Pad 0603 1.58 X 0.83 X 0.5mm Ceramic T/R Electric Indicator, Fast Blow, 2A, 12VAC, 32VDC, 50A (IR), Surface Mount. Rated Current: 2.0A. Voltage: 12.0V. Material: CERAMIC. Physical Size: 0.83mm x 0.5mm."
A716,"Indicator 3A 32V Fast Movement 2-Pin T/R Electric Indicator, Fast Blow, 3A, 12VAC, 32VDC, 50A (IR), Surface Mount, 0603",FAST,AUTOMOTIVE ELECTRONIC,FAST,CERAMIC,603,High,SURFACE MOUNT,SURFACE MOUNT,55.0,-55.0,6.1,1.54,50.0,3.0,12.0,12.0,3.0,"Industrial Part: Indicator 3A 32V Fast Movement 2-Pin T/R Electric Indicator, Fast Blow, 3A, 12VAC, 32VDC, 50A (IR), Surface Mount, 0603. Rated Current: 3.0A. Voltage: 12.0V. Material: CERAMIC. Physical Size: 6.1mm x 1.54mm."
A717,,FAST,AUTOMOTIVE NAVIGATION SYSTEM,UNKNOWN,CERAMIC,1.58 X 0.85 X 0.5mm,UNKNOWN,SURFACE MOUNT,NOT SPECIFIED,55.0,-55.0,6.1,1.58,50.0,3.0,32.0,12.0,32.0,Industrial Part: nan. Rated Current: 3.0A. Voltage: 32.0V. Material: CERAMIC. Physical Size: 6.1mm x 1.58mm.
A718,,FAST,AUTOMOTIVE ELECTRONIC,UNKNOWN,CERAMIC,1.58 X 0.83 X 0.5mm,UNKNOWN,SURFACE MOUNT,NOT SPECIFIED,55.0,-55.0,6.1,1.58,50.0,3.0,32.0,32.0,32.0,Industrial Part: nan. Rated Current: 3.0A. Voltage: 32.0V. Material: CERAMIC. Physical Size: 6.1mm x 1.58mm.
A719,"Indicator 4A 32V Fast Movement 2-Pin T/R Electric Indicator, Fast Blow, 4A, 12VAC, 32VDC, 50A (IR), Surface Mount, 0603",FAST,AUTOMOTIVE ELECTRONIC,FAST,CERAMIC,603,High,SURFACE MOUNT,SURFACE MOUNT,55.0,-55.0,6.1,1.54,50.0,4.0,12.0,12.0,4.0,"Industrial Part: Indicator 4A 32V Fast Movement 2-Pin T/R Electric Indicator, Fast Blow, 4A, 12VAC, 32VDC, 50A (IR), Surface Mount, 0603. Rated Current: 4.0A. Voltage: 12.0V. Material: CERAMIC. Physical Size: 6.1mm x 1.54mm."
A720,,FAST,AUTOMOTIVE NAVIGATION SYSTEM,UNKNOWN,CERAMIC,1.58 X 0.85 X 0.5mm,UNKNOWN,SURFACE MOUNT,NOT SPECIFIED,55.0,-55.0,6.1,1.58,50.0,4.0,32.0,12.0,32.0,Industrial Part: nan. Rated Current: 4.0A. Voltage: 32.0V. Material: CERAMIC. Physical Size: 6.1mm x 1.58mm.
A721,,FAST,AUTOMOTIVE ELECTRONIC,UNKNOWN,CERAMIC,1.58 X 0.83 X 0.5mm,UNKNOWN,SURFACE MOUNT,NOT SPECIFIED,55.0,-55.0,6.1,1.58,50.0,4.0,32.0,32.0,32.0,Industrial Part: nan. Rated Current: 4.0A. Voltage: 32.0V. Material: CERAMIC. Physical Size: 6.1mm x 1.58mm.
A722,"Indicator 5A 32V Fast Movement 2-Pin T/R Electric Indicator, Fast Blow, 5A, 12VAC, 32VDC, 50A (IR), Surface Mount, 0603",FAST,AUTOMOTIVE ELECTRONIC,FAST,CERAMIC,603,High,SURFACE MOUNT,SURFACE MOUNT,55.0,-55.0,6.1,1.54,50.0,5.0,12.0,12.0,5.0,"Industrial Part: Indicator 5A 32V Fast Movement 2-Pin T/R Electric Indicator, Fast Blow, 5A, 12VAC, 32VDC, 50A (IR), Surface Mount, 0603. Rated Current: 5.0A. Voltage: 12.0V. Material: CERAMIC. Physical Size: 6.1mm x 1.54mm."
A723,,FAST,AUTOMOTIVE ELECTRONIC,UNKNOWN,CERAMIC,1.58 X 0.83 X 0.5mm,UNKNOWN,SURFACE MOUNT,NOT SPECIFIED,55.0,-55.0,6.1,1.58,50.0,5.0,32.0,32.0,32.0,Industrial Part: nan. Rated Current: 5.0A. Voltage: 32.0V. Material: CERAMIC. Physical Size: 6.1mm x 1.58mm.
A724,"Indicator Chip Fast Movement 6A 32V SMD Solder Pad 0603 Ceramic T/R CSA/UL Electric Indicator, Fast Blow, 6A, 12VAC, 24VDC, 50A (IR), Surface Mount, 0603",FAST,AUTOMOTIVE ELECTRONIC,FAST,CERAMIC,603,High,SURFACE MOUNT,SURFACE MOUNT,55.0,-55.0,6.1,1.54,50.0,6.0,12.0,12.0,6.0,"Industrial Part: Indicator Chip Fast Movement 6A 32V SMD Solder Pad 0603 Ceramic T/R CSA/UL Electric Indicator, Fast Blow, 6A, 12VAC, 24VDC, 50A (IR), Surface Mount, 0603. Rated Current: 6.0A. Voltage: 12.0V. Material: CERAMIC. Physical Size: 6.1mm x 1.54mm."
A725,,FAST,AUTOMOTIVE NAVIGATION SYSTEM,UNKNOWN,CERAMIC,1.58 X 0.85 X 0.5mm,UNKNOWN,SURFACE MOUNT,NOT SPECIFIED,55.0,-55.0,6.1,1.58,50.0,6.0,24.0,12.0,24.0,Industrial Part: nan. Rated Current: 6.0A. Voltage: 24.0V. Material: CERAMIC. Physical Size: 6.1mm x 1.58mm.
A726,,FAST,AUTOMOTIVE ELECTRONIC,UNKNOWN,CERAMIC,1.58 X 0.83 X 0.5mm,UNKNOWN,SURFACE MOUNT,NOT SPECIFIED,55.0,-55.0,6.1,1.58,50.0,6.0,24.0,24.0,24.0,Industrial Part: nan. Rated Current: 6.0A. Voltage: 24.0V. Material: CERAMIC. Physical Size: 6.1mm x 1.58mm.
A727,"Indicator Chip Fast Movement 1.5A 32V SMD Solder Pad 0603 Ceramic T/R CSA/UL Electric Indicator, Fast Blow, 1.5A, 32VDC, 50A (IR), Surface Mount, 0603",FAST,AUTOMOTIVE ELECTRONIC,FAST,CERAMIC,603,Low,SURFACE MOUNT,SURFACE MOUNT,55.0,-55.0,6.1,1.54,50.0,1.5,63.0,0.0,1.5,"Industrial Part: Indicator Chip Fast Movement 1.5A 32V SMD Solder Pad 0603 Ceramic T/R CSA/UL Electric Indicator, Fast Blow, 1.5A, 32VDC, 50A (IR), Surface Mount, 0603. Rated Current: 1.5A. Voltage: 63.0V. Material: CERAMIC. Physical Size: 6.1mm x 1.54mm."
A728,"Indicator Chip Fast Movement 2.5A 32V SMD Solder Pad 0603 Ceramic T/R CSA/UL Electric Indicator, Fast Blow, 2.5A, 12VAC, 32VDC, 50A (IR), Surface Mount, 0603",FAST,AUTOMOTIVE ELECTRONIC,FAST,CERAMIC,603,High,SURFACE MOUNT,SURFACE MOUNT,55.0,-55.0,6.1,1.54,50.0,2.5,12.0,12.0,2.5,"Industrial Part: Indicator Chip Fast Movement 2.5A 32V SMD Solder Pad 0603 Ceramic T/R CSA/UL Electric Indicator, Fast Blow, 2.5A, 12VAC, 32VDC, 50A (IR), Surface Mount, 0603. Rated Current: 2.5A. Voltage: 12.0V. Material: CERAMIC. Physical Size: 6.1mm x 1.54mm."
A729,,FAST,AUTOMOTIVE NAVIGATION SYSTEM,UNKNOWN,CERAMIC,1.58 X 0.85 X 0.5mm,UNKNOWN,SURFACE MOUNT,NOT SPECIFIED,55.0,-55.0,6.1,1.58,50.0,2.5,32.0,12.0,32.0,Industrial Part: nan. Rated Current: 2.5A. Voltage: 32.0V. Material: CERAMIC. Physical Size: 6.1mm x 1.58mm.
A730,,FAST,AUTOMOTIVE ELECTRONIC,UNKNOWN,CERAMIC,1.58 X 0.83 X 0.5mm,UNKNOWN,SURFACE MOUNT,NOT SPECIFIED,55.0,-55.0,6.1,1.58,50.0,2.5,32.0,32.0,32.0,Industrial Part: nan. Rated Current: 2.5A. Voltage: 32.0V. Material: CERAMIC. Physical Size: 6.1mm x 1.58mm.
A731,"Indicator Chip Fast Movement 3.5A 32V SMD Solder Pad 0603 Ceramic T/R CSA/UL Electric Indicator, Fast Blow, 3.5A, 12VAC, 32VDC, 50A (IR), Surface Mount, 0603",FAST,AUTOMOTIVE ELECTRONIC,FAST,CERAMIC,603,High,SURFACE MOUNT,SURFACE MOUNT,55.0,-55.0,6.1,1.54,50.0,3.5,12.0,12.0,3.5,"Industrial Part: Indicator Chip Fast Movement 3.5A 32V SMD Solder Pad 0603 Ceramic T/R CSA/UL Electric Indicator, Fast Blow, 3.5A, 12VAC, 32VDC, 50A (IR), Surface Mount, 0603. Rated Current: 3.5A. Voltage: 12.0V. Material: CERAMIC. Physical Size: 6.1mm x 1.54mm."
A732,,FAST,AUTOMOTIVE NAVIGATION SYSTEM,UNKNOWN,CERAMIC,1.58 X 0.85 X 0.5mm,UNKNOWN,SURFACE MOUNT,NOT SPECIFIED,55.0,-55.0,6.1,1.58,50.0,3.5,32.0,12.0,32.0,Industrial Part: nan. Rated Current: 3.5A. Voltage: 32.0V. Material: CERAMIC. Physical Size: 6.1mm x 1.58mm.
A733,,FAST,AUTOMOTIVE ELECTRONIC,UNKNOWN,CERAMIC,1.58 X 0.83 X 0.5mm,UNKNOWN,SURFACE MOUNT,NOT SPECIFIED,55.0,-55.0,6.1,1.58,50.0,3.5,32.0,32.0,32.0,Industrial Part: nan. Rated Current: 3.5A. Voltage: 32.0V. Material: CERAMIC. Physical Size: 6.1mm x 1.58mm.
A734,"Indicator Chip Fast Movement 1.25A 32V SMD Solder Pad 0603 Ceramic T/R CSA/UL Electric Indicator, Fast Blow, 1.25A, 32VDC, 50A (IR), Surface Mount, 0603",FAST,AUTOMOTIVE ELECTRONIC,FAST,CERAMIC,603,Low,SURFACE MOUNT,SURFACE MOUNT,55.0,-55.0,6.1,1.54,50.0,1.25,63.0,0.0,1.25,"Industrial Part: Indicator Chip Fast Movement 1.25A 32V SMD Solder Pad 0603 Ceramic T/R CSA/UL Electric Indicator, Fast Blow, 1.25A, 32VDC, 50A (IR), Surface Mount, 0603. Rated Current: 1.25A. Voltage: 63.0V. Material: CERAMIC. Physical Size: 6.1mm x 1.54mm."
A735,"Indicator Chip Fast Movement 1.25A 32V SMD Solder Pad 0603 1.58 X 0.85 X 0.5mm Ceramic T/R Electric Indicator, Fast Blow, 1.25A, 32VAC, 63VDC, 50A (IR), Surface Mount",FAST,AUTOMOTIVE NAVIGATION SYSTEM,FAST,CERAMIC,1.58 X 0.85 X 0.5mm,Low,SURFACE MOUNT,SURFACE MOUNT,85.0,-40.0,0.85,0.5,50.0,1.25,32.0,32.0,1.25,"Industrial Part: Indicator Chip Fast Movement 1.25A 32V SMD Solder Pad 0603 1.58 X 0.85 X 0.5mm Ceramic T/R Electric Indicator, Fast Blow, 1.25A, 32VAC, 63VDC, 50A (IR), Surface Mount. Rated Current: 1.25A. Voltage: 32.0V. Material: CERAMIC. Physical Size: 0.85mm x 0.5mm."
A736,"Indicator Chip Fast Movement 1.75A 32V SMD Solder Pad 0603 Ceramic T/R CSA/UL Electric Indicator, Fast Blow, 1.75A, 32VDC, 50A (IR), Surface Mount, 0603",FAST,AUTOMOTIVE ELECTRONIC,FAST,CERAMIC,603,Low,SURFACE MOUNT,SURFACE MOUNT,55.0,-55.0,6.1,1.54,50.0,1.75,63.0,0.0,1.75,"Industrial Part: Indicator Chip Fast Movement 1.75A 32V SMD Solder Pad 0603 Ceramic T/R CSA/UL Electric Indicator, Fast Blow, 1.75A, 32VDC, 50A (IR), Surface Mount, 0603. Rated Current: 1.75A. Voltage: 63.0V. Material: CERAMIC. Physical Size: 6.1mm x 1.54mm."
A737,,FAST,AUTOMOTIVE NAVIGATION SYSTEM,UNKNOWN,CERAMIC,1.58 X 0.85 X 0.5mm,UNKNOWN,SURFACE MOUNT,NOT SPECIFIED,55.0,-55.0,6.1,1.58,50.0,1.75,32.0,32.0,32.0,Industrial Part: nan. Rated Current: 1.75A. Voltage: 32.0V. Material: CERAMIC. Physical Size: 6.1mm x 1.58mm.
A738,"Indicator Chip Fast Movement 0.25A 32V SMD Solder Pad 0603 Ceramic T/R CSA/UL Electric Indicator, Fast Blow, 0.25A, 63VDC, 50A (IR), Surface Mount, 0603",FAST,AUTOMOTIVE ELECTRONIC,FAST,CERAMIC,603,Low,SURFACE MOUNT,SURFACE MOUNT,55.0,-55.0,6.1,1.54,50.0,0.25,63.0,0.0,0.25,"Industrial Part: Indicator Chip Fast Movement 0.25A 32V SMD Solder Pad 0603 Ceramic T/R CSA/UL Electric Indicator, Fast Blow, 0.25A, 63VDC, 50A (IR), Surface Mount, 0603. Rated Current: 0.25A. Voltage: 63.0V. Material: CERAMIC. Physical Size: 6.1mm x 1.54mm."
A739,,FAST,AUTOMOTIVE ELECTRONIC,UNKNOWN,CERAMIC,1.54 X 0.85 X 0.5mm,UNKNOWN,SURFACE MOUNT,NOT SPECIFIED,55.0,-55.0,6.1,1.54,50.0,0.25,32.0,0.0,32.0,Industrial Part: nan. Rated Current: 0.25A. Voltage: 32.0V. Material: CERAMIC. Physical Size: 6.1mm x 1.54mm.
A740,"Indicator Chip Fast Movement 0.375A 32V SMD Solder Pad 0603 Ceramic T/R CSA/UL Electric Indicator, Fast Blow, 0.375A, 32VDC, 50A (IR), Surface Mount, 0603",FAST,AUTOMOTIVE ELECTRONIC,FAST,CERAMIC,603,Low,SURFACE MOUNT,SURFACE MOUNT,55.0,-55.0,6.1,1.54,50.0,0.375,63.0,0.0,0.375,"Industrial Part: Indicator Chip Fast Movement 0.375A 32V SMD Solder Pad 0603 Ceramic T/R CSA/UL Electric Indicator, Fast Blow, 0.375A, 32VDC, 50A (IR), Surface Mount, 0603. Rated Current: 0.375A. Voltage: 63.0V. Material: CERAMIC. Physical Size: 6.1mm x 1.54mm."
A741,,FAST,AUTOMOTIVE ELECTRONIC,UNKNOWN,CERAMIC,1.54 X 0.85 X 0.5mm,UNKNOWN,SURFACE MOUNT,NOT SPECIFIED,55.0,-55.0,6.1,1.54,50.0,0.375,32.0,0.0,32.0,Industrial Part: nan. Rated Current: 0.375A. Voltage: 32.0V. Material: CERAMIC. Physical Size: 6.1mm x 1.54mm.
A742,"Indicator Chip Fast Movement 0.5A 32V SMD Solder Pad 0603 Ceramic T/R CSA/UL Electric Indicator, Fast Blow, 0.5A, 32VDC, 50A (IR), Surface Mount, 0603",FAST,AUTOMOTIVE ELECTRONIC,FAST,CERAMIC,603,Low,SURFACE MOUNT,SURFACE MOUNT,55.0,-55.0,6.1,1.54,50.0,0.5,63.0,0.0,0.5,"Industrial Part: Indicator Chip Fast Movement 0.5A 32V SMD Solder Pad 0603 Ceramic T/R CSA/UL Electric Indicator, Fast Blow, 0.5A, 32VDC, 50A (IR), Surface Mount, 0603. Rated Current: 0.5A. Voltage: 63.0V. Material: CERAMIC. Physical Size: 6.1mm x 1.54mm."
A743,"Indicator Chip Fast Movement 0.75A 32V SMD Solder Pad 0603 Ceramic T/R CSA/UL Electric Indicator, Fast Blow, 0.75A, 32VDC, 50A (IR), Surface Mount, 0603",FAST,AUTOMOTIVE ELECTRONIC,FAST,CERAMIC,603,Low,SURFACE MOUNT,SURFACE MOUNT,55.0,-55.0,6.1,1.54,50.0,0.75,63.0,0.0,0.75,"Industrial Part: Indicator Chip Fast Movement 0.75A 32V SMD Solder Pad 0603 Ceramic T/R CSA/UL Electric Indicator, Fast Blow, 0.75A, 32VDC, 50A (IR), Surface Mount, 0603. Rated Current: 0.75A. Voltage: 63.0V. Material: CERAMIC. Physical Size: 6.1mm x 1.54mm."
A744,"Indicator Chip Fast Movement 0.75A 32V SMD Solder Pad 0603 1.58 X 0.85 X 0.5mm Ceramic T/R Electric Indicator, Fast Blow, 0.75A, 32VAC, 63VDC, 50A (IR), Surface Mount",FAST,AUTOMOTIVE NAVIGATION SYSTEM,FAST,CERAMIC,1.58 X 0.85 X 0.5mm,Low,SURFACE MOUNT,SURFACE MOUNT,85.0,-40.0,0.85,0.5,50.0,0.75,32.0,32.0,0.75,"Industrial Part: Indicator Chip Fast Movement 0.75A 32V SMD Solder Pad 0603 1.58 X 0.85 X 0.5mm Ceramic T/R Electric Indicator, Fast Blow, 0.75A, 32VAC, 63VDC, 50A (IR), Surface Mount. Rated Current: 0.75A. Voltage: 32.0V. Material: CERAMIC. Physical Size: 0.85mm x 0.5mm."
A745,"Indicator Chip 1A 50V SMD Solder Pad 1206 Ceramic T/R CSA/UL Electric Indicator, 1A, 50VAC, 50VDC, 50A (IR), Surface Mount, 1206",UNKNOWN,AUTOMOTIVE ELECTRONICS,UNKNOWN,CERAMIC,3.2 X 1.63 X 0.82mm,Low,SURFACE MOUNT,SURFACE MOUNT,55.0,-55.0,6.1,3.2,50.0,1.0,50.0,50.0,1.0,"Industrial Part: Indicator Chip 1A 50V SMD Solder Pad 1206 Ceramic T/R CSA/UL Electric Indicator, 1A, 50VAC, 50VDC, 50A (IR), Surface Mount, 1206. Rated Current: 1.0A. Voltage: 50.0V. Material: CERAMIC. Physical Size: 6.1mm x 3.2mm."
A746,"Indicator Chip Fast Movement 2A 32V SMD Solder Pad 1206 Ceramic T/R CSA/UL Electric Indicator, 2A, 32VAC, 32VDC, 50A (IR), Surface Mount, 1206",FAST,AUTOMOTIVE ELECTRONICS,UNKNOWN,CERAMIC,1206,Low,SURFACE MOUNT,SURFACE MOUNT,55.0,-55.0,6.1,3.2,50.0,2.0,32.0,32.0,2.0,"Industrial Part: Indicator Chip Fast Movement 2A 32V SMD Solder Pad 1206 Ceramic T/R CSA/UL Electric Indicator, 2A, 32VAC, 32VDC, 50A (IR), Surface Mount, 1206. Rated Current: 2.0A. Voltage: 32.0V. Material: CERAMIC. Physical Size: 6.1mm x 3.2mm."
A747,"Indicator Chip Fast Movement 3A 32V SMD Solder Pad 1206 Ceramic T/R CSA/UL Electric Indicator, 3A, 32VAC, 32VDC, 50A (IR), Surface Mount, 1206",FAST,AUTOMOTIVE ELECTRONICS,UNKNOWN,CERAMIC,1206,Low,SURFACE MOUNT,SURFACE MOUNT,55.0,-55.0,6.1,3.2,50.0,3.0,32.0,32.0,3.0,"Industrial Part: Indicator Chip Fast Movement 3A 32V SMD Solder Pad 1206 Ceramic T/R CSA/UL Electric Indicator, 3A, 32VAC, 32VDC, 50A (IR), Surface Mount, 1206. Rated Current: 3.0A. Voltage: 32.0V. Material: CERAMIC. Physical Size: 6.1mm x 3.2mm."
A748,"Indicator Chip Fast Movement 4A 32V SMD Solder Pad 1206 Ceramic T/R CSA/UL Electric Indicator, 4A, 32VAC, 32VDC, 50A (IR), Surface Mount, 1206",FAST,AUTOMOTIVE ELECTRONICS,UNKNOWN,CERAMIC,1206,Low,SURFACE MOUNT,SURFACE MOUNT,55.0,-55.0,6.1,3.2,50.0,4.0,32.0,32.0,4.0,"Industrial Part: Indicator Chip Fast Movement 4A 32V SMD Solder Pad 1206 Ceramic T/R CSA/UL Electric Indicator, 4A, 32VAC, 32VDC, 50A (IR), Surface Mount, 1206. Rated Current: 4.0A. Voltage: 32.0V. Material: CERAMIC. Physical Size: 6.1mm x 3.2mm."
A749,"Indicator Chip Fast Movement 5A 32V SMD Solder Pad 1206 Ceramic T/R CSA/UL Electric Indicator, 5A, 32VAC, 32VDC, 50A (IR), Surface Mount, 1206",FAST,AUTOMOTIVE ELECTRONICS,UNKNOWN,CERAMIC,1206,Low,SURFACE MOUNT,SURFACE MOUNT,55.0,-55.0,6.1,3.2,50.0,5.0,32.0,32.0,5.0,"Industrial Part: Indicator Chip Fast Movement 5A 32V SMD Solder Pad 1206 Ceramic T/R CSA/UL Electric Indicator, 5A, 32VAC, 32VDC, 50A (IR), Surface Mount, 1206. Rated Current: 5.0A. Voltage: 32.0V. Material: CERAMIC. Physical Size: 6.1mm x 3.2mm."
A750,"Indicator Chip Fast Movement 7A 32V SMD Solder Pad 1206 Ceramic T/R CSA/UL Electric Indicator, 7A, 32VAC, 32VDC, 50A (IR), Surface Mount, 1206",FAST,AUTOMOTIVE ELECTRONICS,UNKNOWN,CERAMIC,1206,Low,SURFACE MOUNT,SURFACE MOUNT,55.0,-55.0,6.1,3.2,50.0,7.0,32.0,32.0,7.0,"Industrial Part: Indicator Chip Fast Movement 7A 32V SMD Solder Pad 1206 Ceramic T/R CSA/UL Electric Indicator, 7A, 32VAC, 32VDC, 50A (IR), Surface Mount, 1206. Rated Current: 7.0A. Voltage: 32.0V. Material: CERAMIC. Physical Size: 6.1mm x 3.2mm."
A751,"Indicator Chip Fast Movement 8A 32V SMD Solder Pad 1206 Ceramic T/R CSA/UL Electric Indicator, 8A, 32VAC, 32VDC, 50A (IR), Surface Mount, 1206",FAST,AUTOMOTIVE ELECTRONICS,UNKNOWN,CERAMIC,1206,Low,SURFACE MOUNT,SURFACE MOUNT,55.0,-55.0,6.1,3.2,50.0,8.0,32.0,32.0,8.0,"Industrial Part: Indicator Chip Fast Movement 8A 32V SMD Solder Pad 1206 Ceramic T/R CSA/UL Electric Indicator, 8A, 32VAC, 32VDC, 50A (IR), Surface Mount, 1206. Rated Current: 8.0A. Voltage: 32.0V. Material: CERAMIC. Physical Size: 6.1mm x 3.2mm."
A752,"Indicator Chip Fast Movement 2.5A 32V SMD Solder Pad 1206 Ceramic T/R CSA/UL Electric Indicator, 2.5A, 32VAC, 32VDC, 50A (IR), Surface Mount, 1206",FAST,AUTOMOTIVE ELECTRONICS,UNKNOWN,CERAMIC,1206,Low,SURFACE MOUNT,SURFACE MOUNT,55.0,-55.0,6.1,3.2,50.0,2.5,32.0,32.0,2.5,"Industrial Part: Indicator Chip Fast Movement 2.5A 32V SMD Solder Pad 1206 Ceramic T/R CSA/UL Electric Indicator, 2.5A, 32VAC, 32VDC, 50A (IR), Surface Mount, 1206. Rated Current: 2.5A. Voltage: 32.0V. Material: CERAMIC. Physical Size: 6.1mm x 3.2mm."
A753,"Indicator Chip Fast Movement 3.5A 32V SMD Solder Pad 1206 Ceramic T/R CSA/UL Electric Indicator, 3.5A, 32VAC, 32VDC, 50A (IR), Surface Mount, 1206",FAST,AUTOMOTIVE ELECTRONICS,UNKNOWN,CERAMIC,1206,Low,SURFACE MOUNT,SURFACE MOUNT,55.0,-55.0,6.1,3.2,50.0,3.5,32.0,32.0,3.5,"Industrial Part: Indicator Chip Fast Movement 3.5A 32V SMD Solder Pad 1206 Ceramic T/R CSA/UL Electric Indicator, 3.5A, 32VAC, 32VDC, 50A (IR), Surface Mount, 1206. Rated Current: 3.5A. Voltage: 32.0V. Material: CERAMIC. Physical Size: 6.1mm x 3.2mm."
A754,"Indicator Chip Fast Movement 1.25A 50V SMD Solder Pad 1206 Ceramic T/R CSA/UL Electric Indicator, 1.25A, 50VAC, 50VDC, 50A (IR), Surface Mount, 1206",FAST,AUTOMOTIVE ELECTRONICS,UNKNOWN,CERAMIC,3.2 X 1.63 X 0.82mm,Low,SURFACE MOUNT,SURFACE MOUNT,55.0,-55.0,6.1,3.2,50.0,1.25,50.0,50.0,1.25,"Industrial Part: Indicator Chip Fast Movement 1.25A 50V SMD Solder Pad 1206 Ceramic T/R CSA/UL Electric Indicator, 1.25A, 50VAC, 50VDC, 50A (IR), Surface Mount, 1206. Rated Current: 1.25A. Voltage: 50.0V. Material: CERAMIC. Physical Size: 6.1mm x 3.2mm."
A755,"Indicator Chip Fast Movement 1.75A 32V SMD Solder Pad 1206 Ceramic T/R CSA/UL Electric Indicator, Fast Blow, 1.75A, 32VAC, 32VDC, 50A (IR), Surface Mount, 1206",FAST,AUTOMOTIVE ELECTRONICS,FAST,CERAMIC,1206,Low,SURFACE MOUNT,SURFACE MOUNT,55.0,-55.0,6.1,3.2,50.0,1.75,32.0,32.0,1.75,"Industrial Part: Indicator Chip Fast Movement 1.75A 32V SMD Solder Pad 1206 Ceramic T/R CSA/UL Electric Indicator, Fast Blow, 1.75A, 32VAC, 32VDC, 50A (IR), Surface Mount, 1206. Rated Current: 1.75A. Voltage: 32.0V. Material: CERAMIC. Physical Size: 6.1mm x 3.2mm."
A756,"Indicator Chip Fast Movement 0.25A 125V SMD Solder Pad 1206 Ceramic T/R CSA/UL Electric Indicator, 0.25A, 125VAC, 125VDC, 50A (IR), Surface Mount, 1206",FAST,AUTOMOTIVE ELECTRONICS,UNKNOWN,CERAMIC,3.2 X 1.63 X 0.82mm,Low,SURFACE MOUNT,SURFACE MOUNT,125.0,-55.0,6.1,3.2,50.0,0.25,125.0,125.0,0.25,"Industrial Part: Indicator Chip Fast Movement 0.25A 125V SMD Solder Pad 1206 Ceramic T/R CSA/UL Electric Indicator, 0.25A, 125VAC, 125VDC, 50A (IR), Surface Mount, 1206. Rated Current: 0.25A. Voltage: 125.0V. Material: CERAMIC. Physical Size: 6.1mm x 3.2mm."
A757,"Indicator Chip Fast Movement 0.5A 63V SMD Solder Pad 1206 Ceramic T/R CSA/UL Electric Indicator, 0.5A, 63VAC, 63VDC, 50A (IR), Surface Mount, 1206",FAST,AUTOMOTIVE ELECTRONICS,UNKNOWN,CERAMIC,3.2 X 1.63 X 0.82mm,Low,SURFACE MOUNT,SURFACE MOUNT,55.0,-55.0,6.1,3.2,50.0,0.5,63.0,63.0,0.5,"Industrial Part: Indicator Chip Fast Movement 0.5A 63V SMD Solder Pad 1206 Ceramic T/R CSA/UL Electric Indicator, 0.5A, 63VAC, 63VDC, 50A (IR), Surface Mount, 1206. Rated Current: 0.5A. Voltage: 63.0V. Material: CERAMIC. Physical Size: 6.1mm x 3.2mm."
A758,"Indicator 63V High I2T 1206 .750A Electric Indicator, 0.75A, 63VAC, 63VDC, 50A (IR), Surface Mount, 1206",UNKNOWN,MOTOR CIRCUIT,UNKNOWN,UNKNOWN,1206,Low,UNKNOWN,SURFACE MOUNT,55.0,-55.0,6.1,8.4,63.0,0.75,63.0,63.0,63.0,"Industrial Part: Indicator 63V High I2T 1206 .750A Electric Indicator, 0.75A, 63VAC, 63VDC, 50A (IR), Surface Mount, 1206. Rated Current: 0.75A. Voltage: 63.0V. Material: UNKNOWN. Physical Size: 6.1mm x 8.4mm."
A759,"Indicator Chip Fast Movement 0.75A 63V SMD Solder Pad 1206 Ceramic Automotive Electric Indicator, 0.75A, 63VAC, 63VDC, 50A (IR), Surface Mount",FAST,AUTOMOTIVE NAVIGATION SYSTEM,UNKNOWN,CERAMIC,3.2 X 1.63 X 0.84mm,Low,SURFACE MOUNT,SURFACE MOUNT,55.0,-55.0,6.1,3.2,50.0,0.75,63.0,63.0,0.75,"Industrial Part: Indicator Chip Fast Movement 0.75A 63V SMD Solder Pad 1206 Ceramic Automotive Electric Indicator, 0.75A, 63VAC, 63VDC, 50A (IR), Surface Mount. Rated Current: 0.75A. Voltage: 63.0V. Material: CERAMIC. Physical Size: 6.1mm x 3.2mm."
A760,"Indicator Chip 2A 32V SMD Solder Pad 0603 Ceramic T/R CSA/UL Electric Indicator, 2A, 32VDC, 50A (IR), Surface Mount, 0603",UNKNOWN,AUTOMOTIVE ELECTRONIC,UNKNOWN,CERAMIC,1.54 X 0.85 X 0.5mm,Low,SURFACE MOUNT,SURFACE MOUNT,55.0,-55.0,6.1,1.54,50.0,2.0,32.0,32.0,2.0,"Industrial Part: Indicator Chip 2A 32V SMD Solder Pad 0603 Ceramic T/R CSA/UL Electric Indicator, 2A, 32VDC, 50A (IR), Surface Mount, 0603. Rated Current: 2.0A. Voltage: 32.0V. Material: CERAMIC. Physical Size: 6.1mm x 1.54mm."
A761,"Indicator Chip 2A 32V SMD Solder Pad 0603 1.61 X 0.88 X 0.55mm Ceramic T/R Electric Indicator, 2A, 32VDC, 50A (IR), Surface Mount",UNKNOWN,NOT SPECIFIED,UNKNOWN,CERAMIC,1.61 X 0.88 X 0.55mm,Low,SURFACE MOUNT,SURFACE MOUNT,55.0,-55.0,0.88,0.55,50.0,2.0,32.0,32.0,2.0,"Industrial Part: Indicator Chip 2A 32V SMD Solder Pad 0603 1.61 X 0.88 X 0.55mm Ceramic T/R Electric Indicator, 2A, 32VDC, 50A (IR), Surface Mount. Rated Current: 2.0A. Voltage: 32.0V. Material: CERAMIC. Physical Size: 0.88mm x 0.55mm."
A762,"Indicator Chip 3A 32V SMD Solder Pad 0603 Ceramic T/R CSA/UL Electric Indicator, 3A, 32VDC, 50A (IR), Surface Mount, 0603",UNKNOWN,AUTOMOTIVE ELECTRONIC,UNKNOWN,CERAMIC,1.54 X 0.85 X 0.5mm,Low,SURFACE MOUNT,SURFACE MOUNT,55.0,-55.0,6.1,1.54,50.0,3.0,32.0,32.0,3.0,"Industrial Part: Indicator Chip 3A 32V SMD Solder Pad 0603 Ceramic T/R CSA/UL Electric Indicator, 3A, 32VDC, 50A (IR), Surface Mount, 0603. Rated Current: 3.0A. Voltage: 32.0V. Material: CERAMIC. Physical Size: 6.1mm x 1.54mm."
A763,"Indicator Chip 3A 32V SMD Solder Pad 0603 1.61 X 0.88 X 0.55mm Ceramic T/R Electric Indicator, 3A, 32VDC, 50A (IR), Surface Mount",UNKNOWN,AUTOMOTIVE NAVIGATION SYSTEM,UNKNOWN,CERAMIC,1.61 X 0.88 X 0.55mm,Low,SURFACE MOUNT,SURFACE MOUNT,55.0,-55.0,0.88,0.55,50.0,3.0,32.0,32.0,3.0,"Industrial Part: Indicator Chip 3A 32V SMD Solder Pad 0603 1.61 X 0.88 X 0.55mm Ceramic T/R Electric Indicator, 3A, 32VDC, 50A (IR), Surface Mount. Rated Current: 3.0A. Voltage: 32.0V. Material: CERAMIC. Physical Size: 0.88mm x 0.55mm."
A764,"Indicator Chip 4A 32V SMD Solder Pad 0603 Ceramic T/R CSA/UL Electric Indicator, 4A, 32VDC, 50A (IR), Surface Mount, 0603",UNKNOWN,AUTOMOTIVE ELECTRONIC,UNKNOWN,CERAMIC,1.54 X 0.85 X 0.5mm,Low,SURFACE MOUNT,SURFACE MOUNT,55.0,-55.0,6.1,1.54,50.0,4.0,32.0,32.0,4.0,"Industrial Part: Indicator Chip 4A 32V SMD Solder Pad 0603 Ceramic T/R CSA/UL Electric Indicator, 4A, 32VDC, 50A (IR), Surface Mount, 0603. Rated Current: 4.0A. Voltage: 32.0V. Material: CERAMIC. Physical Size: 6.1mm x 1.54mm."
A765,"Indicator Chip 4A 32V SMD Solder Pad 0603 1.61 X 0.88 X 0.55mm Ceramic T/R Electric Indicator, 4A, 32VDC, 50A (IR), Surface Mount",UNKNOWN,AUTOMOTIVE NAVIGATION SYSTEM,UNKNOWN,CERAMIC,1.61 X 0.88 X 0.55mm,Low,SURFACE MOUNT,SURFACE MOUNT,55.0,-55.0,4.0,1.61,50.0,4.0,32.0,32.0,4.0,"Industrial Part: Indicator Chip 4A 32V SMD Solder Pad 0603 1.61 X 0.88 X 0.55mm Ceramic T/R Electric Indicator, 4A, 32VDC, 50A (IR), Surface Mount. Rated Current: 4.0A. Voltage: 32.0V. Material: CERAMIC. Physical Size: 4.0mm x 1.61mm."
A766,"Indicator Chip 5A 32V SMD Solder Pad 0603 Ceramic T/R CSA/UL Electric Indicator, 5A, 32VDC, 50A (IR), Surface Mount, 0603",UNKNOWN,AUTOMOTIVE ELECTRONIC,UNKNOWN,CERAMIC,1.54 X 0.85 X 0.5mm,Low,SURFACE MOUNT,SURFACE MOUNT,55.0,-55.0,6.1,1.54,50.0,5.0,32.0,32.0,5.0,"Industrial Part: Indicator Chip 5A 32V SMD Solder Pad 0603 Ceramic T/R CSA/UL Electric Indicator, 5A, 32VDC, 50A (IR), Surface Mount, 0603. Rated Current: 5.0A. Voltage: 32.0V. Material: CERAMIC. Physical Size: 6.1mm x 1.54mm."
A767,"Indicator Chip 5A 32V SMD Solder Pad 0603 1.61 X 0.88 X 0.55mm Ceramic T/R Electric Indicator, 5A, 32VDC, 50A (IR), Surface Mount",UNKNOWN,AUTOMOTIVE NAVIGATION SYSTEM,UNKNOWN,CERAMIC,1.61 X 0.88 X 0.55mm,Low,SURFACE MOUNT,SURFACE MOUNT,55.0,-55.0,5.0,1.61,50.0,5.0,32.0,32.0,5.0,"Industrial Part: Indicator Chip 5A 32V SMD Solder Pad 0603 1.61 X 0.88 X 0.55mm Ceramic T/R Electric Indicator, 5A, 32VDC, 50A (IR), Surface Mount. Rated Current: 5.0A. Voltage: 32.0V. Material: CERAMIC. Physical Size: 5.0mm x 1.61mm."
A768,"Indicator Chip 6A 32V SMD Solder Pad 0603 Ceramic T/R CSA/UL Electric Indicator, 6A, 32VDC, 50A (IR), Surface Mount, 0603",UNKNOWN,AUTOMOTIVE ELECTRONIC,UNKNOWN,CERAMIC,1.54 X 0.85 X 0.5mm,Low,SURFACE MOUNT,SURFACE MOUNT,55.0,-55.0,6.1,1.54,50.0,6.0,32.0,32.0,6.0,"Industrial Part: Indicator Chip 6A 32V SMD Solder Pad 0603 Ceramic T/R CSA/UL Electric Indicator, 6A, 32VDC, 50A (IR), Surface Mount, 0603. Rated Current: 6.0A. Voltage: 32.0V. Material: CERAMIC. Physical Size: 6.1mm x 1.54mm."
A769,"Indicator Chip 6A 32V SMD Solder Pad 0603 1.61 X 0.88 X 0.55mm Ceramic T/R Electric Indicator, 6A, 32VDC, 50A (IR), Surface Mount",UNKNOWN,NOT SPECIFIED,UNKNOWN,CERAMIC,1.61 X 0.88 X 0.55mm,Low,SURFACE MOUNT,SURFACE MOUNT,55.0,-55.0,6.0,1.61,50.0,6.0,32.0,32.0,6.0,"Industrial Part: Indicator Chip 6A 32V SMD Solder Pad 0603 1.61 X 0.88 X 0.55mm Ceramic T/R Electric Indicator, 6A, 32VDC, 50A (IR), Surface Mount. Rated Current: 6.0A. Voltage: 32.0V. Material: CERAMIC. Physical Size: 6.0mm x 1.61mm."
A770,"Indicator Chip 2.5A 32V SMD Solder Pad 0603 Ceramic T/R CSA/UL Electric Indicator, 2.5A, 32VDC, 50A (IR), Surface Mount, 0603",UNKNOWN,AUTOMOTIVE ELECTRONIC,UNKNOWN,CERAMIC,1.54 X 0.85 X 0.5mm,Low,SURFACE MOUNT,SURFACE MOUNT,55.0,-55.0,6.1,1.54,50.0,2.5,32.0,32.0,2.5,"Industrial Part: Indicator Chip 2.5A 32V SMD Solder Pad 0603 Ceramic T/R CSA/UL Electric Indicator, 2.5A, 32VDC, 50A (IR), Surface Mount, 0603. Rated Current: 2.5A. Voltage: 32.0V. Material: CERAMIC. Physical Size: 6.1mm x 1.54mm."
A771,"Indicator Chip 2.5A 32V SMD Solder Pad 0603 1.61 X 0.88 X 0.55mm Ceramic T/R Electric Indicator, 2.5A, 32VDC, 50A (IR), Surface Mount",UNKNOWN,NOT SPECIFIED,UNKNOWN,CERAMIC,1.61 X 0.88 X 0.55mm,Low,SURFACE MOUNT,SURFACE MOUNT,55.0,-55.0,0.88,0.55,50.0,2.5,32.0,32.0,2.5,"Industrial Part: Indicator Chip 2.5A 32V SMD Solder Pad 0603 1.61 X 0.88 X 0.55mm Ceramic T/R Electric Indicator, 2.5A, 32VDC, 50A (IR), Surface Mount. Rated Current: 2.5A. Voltage: 32.0V. Material: CERAMIC. Physical Size: 0.88mm x 0.55mm."
A772,"Indicator Chip 3.5A 32V SMD Solder Pad 0603 Ceramic T/R CSA/UL Electric Indicator, 3.5A, 32VDC, 50A (IR), Surface Mount, 0603",UNKNOWN,AUTOMOTIVE ELECTRONIC,UNKNOWN,CERAMIC,1.54 X 0.85 X 0.5mm,Low,SURFACE MOUNT,SURFACE MOUNT,55.0,-55.0,6.1,1.54,50.0,3.5,32.0,32.0,3.5,"Industrial Part: Indicator Chip 3.5A 32V SMD Solder Pad 0603 Ceramic T/R CSA/UL Electric Indicator, 3.5A, 32VDC, 50A (IR), Surface Mount, 0603. Rated Current: 3.5A. Voltage: 32.0V. Material: CERAMIC. Physical Size: 6.1mm x 1.54mm."
A773,"Indicator Chip 3.5A 32V SMD Solder Pad 0603 1.61 X 0.88 X 0.55mm Ceramic T/R Electric Indicator, 3.5A, 32VDC, 50A (IR), Surface Mount",UNKNOWN,AUTOMOTIVE NAVIGATION SYSTEM,UNKNOWN,CERAMIC,1.61 X 0.88 X 0.55mm,Low,SURFACE MOUNT,SURFACE MOUNT,55.0,-55.0,0.88,0.55,50.0,3.5,32.0,32.0,3.5,"Industrial Part: Indicator Chip 3.5A 32V SMD Solder Pad 0603 1.61 X 0.88 X 0.55mm Ceramic T/R Electric Indicator, 3.5A, 32VDC, 50A (IR), Surface Mount. Rated Current: 3.5A. Voltage: 32.0V. Material: CERAMIC. Physical Size: 0.88mm x 0.55mm."
A774,"Indicator Chip Slow Blow Movement 3A 250V SMD Solder Pad 10.1 X 3.12mm Ceramic T/R cULus Electric Indicator, Time Lag Blow, 3A, 250VAC, 50A (IR), Surface Mount, NANO",SLOW,AC/DC POWER SUPPLY,SLOW,CERAMIC,NANO,Low,SURFACE MOUNT,SURFACE MOUNT,55.0,-55.0,10.1,10.1,50.0,3.0,250.0,250.0,0.0,"Industrial Part: Indicator Chip Slow Blow Movement 3A 250V SMD Solder Pad 10.1 X 3.12mm Ceramic T/R cULus Electric Indicator, Time Lag Blow, 3A, 250VAC, 50A (IR), Surface Mount, NANO. Rated Current: 3.0A. Voltage: 250.0V. Material: CERAMIC. Physical Size: 10.1mm x 10.1mm."
A775,,UNKNOWN,NOT SPECIFIED,VERY FAST,UNKNOWN,NANO,Low,UNKNOWN,SURFACE MOUNT,55.0,-55.0,6.1,8.4,50.0,1.0,125.0,125.0,125.0,Industrial Part: nan. Rated Current: 1.0A. Voltage: 125.0V. Material: UNKNOWN. Physical Size: 6.1mm x 8.4mm.
A776,"Indicator Chip Very Fast Movement 1A 125V SMD Solder Pad 2410 Ceramic T/R CSA/PSE/UL Electric Indicator, Fast Blow, 1A, 125VAC, 125VDC, 50A (IR), Surface Mount, NANO",VERY FAST,AUTOMOTIVE,FAST,CERAMIC,NANO,Low,SURFACE MOUNT,SURFACE MOUNT,125.0,-55.0,6.1,6.1,50.0,1.0,125.0,125.0,125.0,"Industrial Part: Indicator Chip Very Fast Movement 1A 125V SMD Solder Pad 2410 Ceramic T/R CSA/PSE/UL Electric Indicator, Fast Blow, 1A, 125VAC, 125VDC, 50A (IR), Surface Mount, NANO. Rated Current: 1.0A. Voltage: 125.0V. Material: CERAMIC. Physical Size: 6.1mm x 6.1mm."
A777,,UNKNOWN,NOT SPECIFIED,VERY FAST,UNKNOWN,NOT SPECIFIED,Low,UNKNOWN,SURFACE MOUNT,55.0,-55.0,6.1,8.4,50.0,2.0,125.0,125.0,125.0,Industrial Part: nan. Rated Current: 2.0A. Voltage: 125.0V. Material: UNKNOWN. Physical Size: 6.1mm x 8.4mm.
A778,"Indicator Chip Very Fast Movement 2A 125V SMD Solder Pad 2410 Ceramic T/R CSA/PSE/UL Electric Indicator, Fast Blow, 2A, 125VAC, 125VDC, 50A (IR), Surface Mount, NANO",VERY FAST,AUTOMOTIVE,FAST,CERAMIC,NANO,Low,SURFACE MOUNT,SURFACE MOUNT,125.0,-55.0,6.1,6.1,50.0,2.0,125.0,125.0,125.0,"Industrial Part: Indicator Chip Very Fast Movement 2A 125V SMD Solder Pad 2410 Ceramic T/R CSA/PSE/UL Electric Indicator, Fast Blow, 2A, 125VAC, 125VDC, 50A (IR), Surface Mount, NANO. Rated Current: 2.0A. Voltage: 125.0V. Material: CERAMIC. Physical Size: 6.1mm x 6.1mm."
A779,,UNKNOWN,NOT SPECIFIED,VERY FAST,UNKNOWN,NOT SPECIFIED,Low,UNKNOWN,SURFACE MOUNT,55.0,-55.0,6.1,8.4,50.0,3.0,125.0,125.0,125.0,Industrial Part: nan. Rated Current: 3.0A. Voltage: 125.0V. Material: UNKNOWN. Physical Size: 6.1mm x 8.4mm.
A780,"Indicator Chip Very Fast Movement 3A 125V SMD Solder Pad 2410 Ceramic T/R CSA/PSE/UL Electric Indicator, Fast Blow, 3A, 125VAC, 125VDC, 50A (IR), Surface Mount, NANO",VERY FAST,AUTOMOTIVE,FAST,CERAMIC,NANO,Low,SURFACE MOUNT,SURFACE MOUNT,125.0,-55.0,6.1,6.1,50.0,3.0,125.0,125.0,125.0,"Industrial Part: Indicator Chip Very Fast Movement 3A 125V SMD Solder Pad 2410 Ceramic T/R CSA/PSE/UL Electric Indicator, Fast Blow, 3A, 125VAC, 125VDC, 50A (IR), Surface Mount, NANO. Rated Current: 3.0A. Voltage: 125.0V. Material: CERAMIC. Physical Size: 6.1mm x 6.1mm."
A781,,UNKNOWN,NOT SPECIFIED,VERY FAST,UNKNOWN,NOT SPECIFIED,Low,UNKNOWN,SURFACE MOUNT,55.0,-55.0,6.1,8.4,50.0,4.0,125.0,125.0,125.0,Industrial Part: nan. Rated Current: 4.0A. Voltage: 125.0V. Material: UNKNOWN. Physical Size: 6.1mm x 8.4mm.
A782,"Indicator Chip Very Fast Movement 4A 125V SMD Solder Pad 2410 Ceramic T/R CSA/PSE/UL Electric Indicator, Fast Blow, 4A, 125VAC, 125VDC, 50A (IR), Surface Mount, NANO",VERY FAST,AUTOMOTIVE,FAST,CERAMIC,NANO,Low,SURFACE MOUNT,SURFACE MOUNT,125.0,-55.0,6.1,6.1,50.0,4.0,125.0,125.0,125.0,"Industrial Part: Indicator Chip Very Fast Movement 4A 125V SMD Solder Pad 2410 Ceramic T/R CSA/PSE/UL Electric Indicator, Fast Blow, 4A, 125VAC, 125VDC, 50A (IR), Surface Mount, NANO. Rated Current: 4.0A. Voltage: 125.0V. Material: CERAMIC. Physical Size: 6.1mm x 6.1mm."
A783,,UNKNOWN,NOT SPECIFIED,VERY FAST,UNKNOWN,NOT SPECIFIED,Low,UNKNOWN,SURFACE MOUNT,55.0,-55.0,6.1,8.4,50.0,5.0,125.0,125.0,125.0,Industrial Part: nan. Rated Current: 5.0A. Voltage: 125.0V. Material: UNKNOWN. Physical Size: 6.1mm x 8.4mm.
A784,"Indicator Chip Very Fast Movement 5A 125V SMD Solder Pad 2410 Ceramic T/R CSA/PSE/UL Electric Indicator, Fast Blow, 5A, 125VAC, 125VDC, 50A (IR), Surface Mount, NANO",VERY FAST,AUTOMOTIVE,FAST,CERAMIC,NANO,Low,SURFACE MOUNT,SURFACE MOUNT,125.0,-55.0,6.1,6.1,50.0,5.0,125.0,125.0,125.0,"Industrial Part: Indicator Chip Very Fast Movement 5A 125V SMD Solder Pad 2410 Ceramic T/R CSA/PSE/UL Electric Indicator, Fast Blow, 5A, 125VAC, 125VDC, 50A (IR), Surface Mount, NANO. Rated Current: 5.0A. Voltage: 125.0V. Material: CERAMIC. Physical Size: 6.1mm x 6.1mm."
A785,,UNKNOWN,NOT SPECIFIED,VERY FAST,UNKNOWN,NOT SPECIFIED,Low,UNKNOWN,SURFACE MOUNT,55.0,-55.0,6.1,8.4,50.0,7.0,125.0,125.0,125.0,Industrial Part: nan. Rated Current: 7.0A. Voltage: 125.0V. Material: UNKNOWN. Physical Size: 6.1mm x 8.4mm.
A786,"Indicator Chip Very Fast Movement 7A 125V SMD Solder Pad 2410 Ceramic T/R CSA/PSE/UL Electric Indicator, Fast Blow, 7A, 125VAC, 125VDC, 50A (IR), Surface Mount, NANO",VERY FAST,AUTOMOTIVE,FAST,CERAMIC,NANO,Low,SURFACE MOUNT,SURFACE MOUNT,125.0,-55.0,6.1,6.1,50.0,7.0,125.0,125.0,125.0,"Industrial Part: Indicator Chip Very Fast Movement 7A 125V SMD Solder Pad 2410 Ceramic T/R CSA/PSE/UL Electric Indicator, Fast Blow, 7A, 125VAC, 125VDC, 50A (IR), Surface Mount, NANO. Rated Current: 7.0A. Voltage: 125.0V. Material: CERAMIC. Physical Size: 6.1mm x 6.1mm."
A787,,UNKNOWN,NOT SPECIFIED,VERY FAST,UNKNOWN,NOT SPECIFIED,Low,UNKNOWN,SURFACE MOUNT,55.0,-55.0,6.1,8.4,50.0,8.0,125.0,125.0,125.0,Industrial Part: nan. Rated Current: 8.0A. Voltage: 125.0V. Material: UNKNOWN. Physical Size: 6.1mm x 8.4mm.
A788,"Indicator Chip Very Fast Movement 8A 125V SMD Solder Pad 2410 Ceramic T/R CSA/PSE/UL Electric Indicator, Fast Blow, 8A, 125VAC, 125VDC, 50A (IR), Surface Mount, NANO",VERY FAST,AUTOMOTIVE,FAST,CERAMIC,NANO,Low,SURFACE MOUNT,SURFACE MOUNT,125.0,-55.0,6.1,6.1,50.0,8.0,125.0,125.0,125.0,"Industrial Part: Indicator Chip Very Fast Movement 8A 125V SMD Solder Pad 2410 Ceramic T/R CSA/PSE/UL Electric Indicator, Fast Blow, 8A, 125VAC, 125VDC, 50A (IR), Surface Mount, NANO. Rated Current: 8.0A. Voltage: 125.0V. Material: CERAMIC. Physical Size: 6.1mm x 6.1mm."
A789,,UNKNOWN,NOT SPECIFIED,VERY FAST,UNKNOWN,NOT SPECIFIED,Low,UNKNOWN,SURFACE MOUNT,55.0,-55.0,6.1,8.4,35.0,10.0,125.0,125.0,125.0,Industrial Part: nan. Rated Current: 10.0A. Voltage: 125.0V. Material: UNKNOWN. Physical Size: 6.1mm x 8.4mm.
A790,"Indicator Chip Very Fast Movement 10A 125V SMD Solder Pad 2410 Ceramic T/R CSA/PSE/UL Electric Indicator, Fast Blow, 10A, 125VAC, 125VDC, 35A (IR), Surface Mount, NANO",VERY FAST,AUTOMOTIVE,FAST,CERAMIC,NANO,Low,SURFACE MOUNT,SURFACE MOUNT,125.0,-55.0,6.1,6.1,35.0,10.0,125.0,125.0,125.0,"Industrial Part: Indicator Chip Very Fast Movement 10A 125V SMD Solder Pad 2410 Ceramic T/R CSA/PSE/UL Electric Indicator, Fast Blow, 10A, 125VAC, 125VDC, 35A (IR), Surface Mount, NANO. Rated Current: 10.0A. Voltage: 125.0V. Material: CERAMIC. Physical Size: 6.1mm x 6.1mm."
A791,,UNKNOWN,NOT SPECIFIED,VERY FAST,UNKNOWN,NOT SPECIFIED,Low,UNKNOWN,SURFACE MOUNT,55.0,-55.0,6.1,8.4,50.0,12.0,65.0,65.0,65.0,Industrial Part: nan. Rated Current: 12.0A. Voltage: 65.0V. Material: UNKNOWN. Physical Size: 6.1mm x 8.4mm.
A792,"Indicator Chip Very Fast Movement 12A 65V SMD Solder Pad 2410 Ceramic T/R CSA/UL Electric Indicator, Fast Blow, 12A, 65VAC, 65VDC, 50A (IR), Surface Mount, NANO",VERY FAST,AUTOMOTIVE,FAST,CERAMIC,NANO,Low,SURFACE MOUNT,SURFACE MOUNT,55.0,-55.0,6.1,6.1,50.0,12.0,65.0,65.0,65.0,"Industrial Part: Indicator Chip Very Fast Movement 12A 65V SMD Solder Pad 2410 Ceramic T/R CSA/UL Electric Indicator, Fast Blow, 12A, 65VAC, 65VDC, 50A (IR), Surface Mount, NANO. Rated Current: 12.0A. Voltage: 65.0V. Material: CERAMIC. Physical Size: 6.1mm x 6.1mm."
A793,,UNKNOWN,NOT SPECIFIED,VERY FAST,UNKNOWN,NANO,Low,UNKNOWN,SURFACE MOUNT,55.0,-55.0,6.1,8.4,50.0,15.0,65.0,65.0,65.0,Industrial Part: nan. Rated Current: 15.0A. Voltage: 65.0V. Material: UNKNOWN. Physical Size: 6.1mm x 8.4mm.
A794,"Indicator Chip Very Fast Movement 1.5A 125V SMD Solder Pad 2410 Ceramic T/R CSA/PSE/UL Electric Indicator, Fast Blow, 1.5A, 125VAC, 125VDC, 50A (IR), Surface Mount, NANO",VERY FAST,AUTOMOTIVE,FAST,CERAMIC,NANO,Low,SURFACE MOUNT,SURFACE MOUNT,125.0,-55.0,6.1,6.1,50.0,15.0,65.0,125.0,65.0,"Industrial Part: Indicator Chip Very Fast Movement 1.5A 125V SMD Solder Pad 2410 Ceramic T/R CSA/PSE/UL Electric Indicator, Fast Blow, 1.5A, 125VAC, 125VDC, 50A (IR), Surface Mount, NANO. Rated Current: 15.0A. Voltage: 65.0V. Material: CERAMIC. Physical Size: 6.1mm x 6.1mm."
A795,,UNKNOWN,NOT SPECIFIED,VERY FAST,UNKNOWN,NOT SPECIFIED,Low,UNKNOWN,SURFACE MOUNT,55.0,-55.0,6.1,8.4,50.0,1.6,125.0,125.0,125.0,Industrial Part: nan. Rated Current: 1.6A. Voltage: 125.0V. Material: UNKNOWN. Physical Size: 6.1mm x 8.4mm.
A796,"Indicator Chip Very Fast Movement 1.6A 125V SMD Solder Pad 2410 Ceramic T/R CSA/PSE/UL Electric Indicator, Fast Blow, 1.6A, 125VAC, 125VDC, 50A (IR), Surface Mount, NANO",VERY FAST,AUTOMOTIVE,FAST,CERAMIC,NANO,Low,SURFACE MOUNT,SURFACE MOUNT,125.0,-55.0,6.1,6.1,50.0,1.6,125.0,125.0,125.0,"Industrial Part: Indicator Chip Very Fast Movement 1.6A 125V SMD Solder Pad 2410 Ceramic T/R CSA/PSE/UL Electric Indicator, Fast Blow, 1.6A, 125VAC, 125VDC, 50A (IR), Surface Mount, NANO. Rated Current: 1.6A. Voltage: 125.0V. Material: CERAMIC. Physical Size: 6.1mm x 6.1mm."
A797,,UNKNOWN,NOT SPECIFIED,VERY FAST,UNKNOWN,NOT SPECIFIED,Low,UNKNOWN,SURFACE MOUNT,55.0,-55.0,6.1,8.4,50.0,2.5,125.0,125.0,125.0,Industrial Part: nan. Rated Current: 2.5A. Voltage: 125.0V. Material: UNKNOWN. Physical Size: 6.1mm x 8.4mm.
A798,"Indicator Chip Very Fast Movement 2.5A 125V SMD Solder Pad 2410 Ceramic T/R CSA/PSE/UL Electric Indicator, Fast Blow, 2.5A, 125VAC, 125VDC, 50A (IR), Surface Mount, NANO",VERY FAST,AUTOMOTIVE,FAST,CERAMIC,NANO,Low,SURFACE MOUNT,SURFACE MOUNT,125.0,-55.0,6.1,6.1,50.0,2.5,125.0,125.0,125.0,"Industrial Part: Indicator Chip Very Fast Movement 2.5A 125V SMD Solder Pad 2410 Ceramic T/R CSA/PSE/UL Electric Indicator, Fast Blow, 2.5A, 125VAC, 125VDC, 50A (IR), Surface Mount, NANO. Rated Current: 2.5A. Voltage: 125.0V. Material: CERAMIC. Physical Size: 6.1mm x 6.1mm."
A799,,UNKNOWN,NOT SPECIFIED,VERY FAST,UNKNOWN,NOT SPECIFIED,Low,UNKNOWN,SURFACE MOUNT,55.0,-55.0,6.1,8.4,50.0,3.5,125.0,125.0,125.0,Industrial Part: nan. Rated Current: 3.5A. Voltage: 125.0V. Material: UNKNOWN. Physical Size: 6.1mm x 8.4mm.
A800,"Indicator Chip Very Fast Movement 3.5A 125V SMD Solder Pad 2410 Ceramic T/R CSA/PSE/UL Electric Indicator, Fast Blow, 3.5A, 125VAC, 125VDC, 50A (IR), Surface Mount, NANO",VERY FAST,AUTOMOTIVE,FAST,CERAMIC,NANO,Low,SURFACE MOUNT,SURFACE MOUNT,125.0,-55.0,6.1,6.1,50.0,3.5,125.0,125.0,125.0,"Industrial Part: Indicator Chip Very Fast Movement 3.5A 125V SMD Solder Pad 2410 Ceramic T/R CSA/PSE/UL Electric Indicator, Fast Blow, 3.5A, 125VAC, 125VDC, 50A (IR), Surface Mount, NANO. Rated Current: 3.5A. Voltage: 125.0V. Material: CERAMIC. Physical Size: 6.1mm x 6.1mm."
A801,,UNKNOWN,NOT SPECIFIED,VERY FAST,UNKNOWN,NOT SPECIFIED,Low,UNKNOWN,SURFACE MOUNT,55.0,-55.0,6.1,8.4,50.0,0.062,125.0,125.0,125.0,Industrial Part: nan. Rated Current: 0.062A. Voltage: 125.0V. Material: UNKNOWN. Physical Size: 6.1mm x 8.4mm.
A802,"Indicator Chip Very Fast Movement 0.062A 125V SMD Solder Pad 2410 Ceramic T/R CSA/UL Electric Indicator, Fast Blow, 0.062A, 125VAC, 125VDC, 50A (IR), Surface Mount, NANO",VERY FAST,AUTOMOTIVE,FAST,CERAMIC,NANO,Low,SURFACE MOUNT,SURFACE MOUNT,125.0,-55.0,6.1,6.1,50.0,0.062,125.0,125.0,125.0,"Industrial Part: Indicator Chip Very Fast Movement 0.062A 125V SMD Solder Pad 2410 Ceramic T/R CSA/UL Electric Indicator, Fast Blow, 0.062A, 125VAC, 125VDC, 50A (IR), Surface Mount, NANO. Rated Current: 0.062A. Voltage: 125.0V. Material: CERAMIC. Physical Size: 6.1mm x 6.1mm."
A803,,UNKNOWN,NOT SPECIFIED,VERY FAST,UNKNOWN,NOT SPECIFIED,Low,UNKNOWN,SURFACE MOUNT,55.0,-55.0,6.1,8.4,50.0,6.3,125.0,125.0,125.0,Industrial Part: nan. Rated Current: 6.3A. Voltage: 125.0V. Material: UNKNOWN. Physical Size: 6.1mm x 8.4mm.
A804,"Indicator Chip Very Fast Movement 6.3A 125V SMD Solder Pad 2410 Ceramic T/R CSA/PSE/UL Electric Indicator, Fast Blow, 6.3A, 125VAC, 125VDC, 50A (IR), Surface Mount, NANO",VERY FAST,AUTOMOTIVE,FAST,CERAMIC,NANO,Low,SURFACE MOUNT,SURFACE MOUNT,125.0,-55.0,6.1,6.1,50.0,6.3,125.0,125.0,125.0,"Industrial Part: Indicator Chip Very Fast Movement 6.3A 125V SMD Solder Pad 2410 Ceramic T/R CSA/PSE/UL Electric Indicator, Fast Blow, 6.3A, 125VAC, 125VDC, 50A (IR), Surface Mount, NANO. Rated Current: 6.3A. Voltage: 125.0V. Material: CERAMIC. Physical Size: 6.1mm x 6.1mm."
A805,"Indicator Chip Very Fast Movement 0.08A 125V SMD Solder Pad 2410 Ceramic T/R CSA/UL Electric Indicator, Fast Blow, 0.08A, 125VAC, 125VDC, 50A (IR), Surface Mount, NANO",VERY FAST,AUTOMOTIVE,FAST,CERAMIC,NANO,Low,SURFACE MOUNT,SURFACE MOUNT,125.0,-55.0,6.1,6.1,50.0,0.08,125.0,125.0,125.0,"Industrial Part: Indicator Chip Very Fast Movement 0.08A 125V SMD Solder Pad 2410 Ceramic T/R CSA/UL Electric Indicator, Fast Blow, 0.08A, 125VAC, 125VDC, 50A (IR), Surface Mount, NANO. Rated Current: 0.08A. Voltage: 125.0V. Material: CERAMIC. Physical Size: 6.1mm x 6.1mm."
A806,"Indicator Chip Very Fast Movement 0.1A 125V SMD Solder Pad 2410 Ceramic T/R CSA/UL Electric Indicator, Fast Blow, 0.1A, 125VAC, 125VDC, 50A (IR), Surface Mount, NANO",VERY FAST,AUTOMOTIVE,FAST,CERAMIC,NANO,Low,SURFACE MOUNT,SURFACE MOUNT,125.0,-55.0,6.1,6.1,50.0,0.1,125.0,125.0,125.0,"Industrial Part: Indicator Chip Very Fast Movement 0.1A 125V SMD Solder Pad 2410 Ceramic T/R CSA/UL Electric Indicator, Fast Blow, 0.1A, 125VAC, 125VDC, 50A (IR), Surface Mount, NANO. Rated Current: 0.1A. Voltage: 125.0V. Material: CERAMIC. Physical Size: 6.1mm x 6.1mm."
A807,,UNKNOWN,NOT SPECIFIED,VERY FAST,UNKNOWN,NOT SPECIFIED,Low,UNKNOWN,SURFACE MOUNT,55.0,-55.0,6.1,8.4,50.0,1.25,125.0,125.0,125.0,Industrial Part: nan. Rated Current: 1.25A. Voltage: 125.0V. Material: UNKNOWN. Physical Size: 6.1mm x 8.4mm.
A808,"Indicator Chip Very Fast Movement 1.25A 125V SMD Solder Pad 2410 Ceramic T/R CSA/PSE/UL Electric Indicator, Fast Blow, 0.125A, 125VAC, 125VDC, 50A (IR), Surface Mount, NANO",VERY FAST,AUTOMOTIVE,FAST,CERAMIC,NANO,Low,SURFACE MOUNT,SURFACE MOUNT,125.0,-55.0,6.1,6.1,50.0,1.25,125.0,125.0,125.0,"Industrial Part: Indicator Chip Very Fast Movement 1.25A 125V SMD Solder Pad 2410 Ceramic T/R CSA/PSE/UL Electric Indicator, Fast Blow, 0.125A, 125VAC, 125VDC, 50A (IR), Surface Mount, NANO. Rated Current: 1.25A. Voltage: 125.0V. Material: CERAMIC. Physical Size: 6.1mm x 6.1mm."
A809,"Indicator Chip Very Fast Movement 0.16A 125V SMD Solder Pad 2410 Ceramic T/R CSA/UL Electric Indicator, Fast Blow, 0.16A, 125VAC, 125VDC, 50A (IR), Surface Mount, NANO",VERY FAST,AUTOMOTIVE,FAST,CERAMIC,NANO,Low,SURFACE MOUNT,SURFACE MOUNT,125.0,-55.0,6.1,6.1,50.0,0.16,125.0,125.0,125.0,"Industrial Part: Indicator Chip Very Fast Movement 0.16A 125V SMD Solder Pad 2410 Ceramic T/R CSA/UL Electric Indicator, Fast Blow, 0.16A, 125VAC, 125VDC, 50A (IR), Surface Mount, NANO. Rated Current: 0.16A. Voltage: 125.0V. Material: CERAMIC. Physical Size: 6.1mm x 6.1mm."
A810,"Indicator Chip Very Fast Movement 0.2A 125V SMD Solder Pad 2410 Ceramic T/R CSA/UL Electric Indicator, Fast Blow, 0.2A, 125VAC, 125VDC, 50A (IR), Surface Mount, NANO",VERY FAST,AUTOMOTIVE,FAST,CERAMIC,NANO,Low,SURFACE MOUNT,SURFACE MOUNT,125.0,-55.0,6.1,6.1,50.0,0.2,125.0,125.0,125.0,"Industrial Part: Indicator Chip Very Fast Movement 0.2A 125V SMD Solder Pad 2410 Ceramic T/R CSA/UL Electric Indicator, Fast Blow, 0.2A, 125VAC, 125VDC, 50A (IR), Surface Mount, NANO. Rated Current: 0.2A. Voltage: 125.0V. Material: CERAMIC. Physical Size: 6.1mm x 6.1mm."
A811,"Indicator Chip Very Fast Movement 0.25A 125V SMD Solder Pad 2410 Ceramic T/R CSA/UL Electric Indicator, Fast Blow, 0.25A, 125VAC, 125VDC, 50A (IR), Surface Mount, NANO",VERY FAST,AUTOMOTIVE,FAST,CERAMIC,NANO,Low,SURFACE MOUNT,SURFACE MOUNT,125.0,-55.0,6.1,6.1,50.0,0.25,125.0,125.0,125.0,"Industrial Part: Indicator Chip Very Fast Movement 0.25A 125V SMD Solder Pad 2410 Ceramic T/R CSA/UL Electric Indicator, Fast Blow, 0.25A, 125VAC, 125VDC, 50A (IR), Surface Mount, NANO. Rated Current: 0.25A. Voltage: 125.0V. Material: CERAMIC. Physical Size: 6.1mm x 6.1mm."
A812,,UNKNOWN,NOT SPECIFIED,VERY FAST,UNKNOWN,NOT SPECIFIED,Low,UNKNOWN,SURFACE MOUNT,55.0,-55.0,6.1,8.4,50.0,3.15,125.0,125.0,125.0,Industrial Part: nan. Rated Current: 3.15A. Voltage: 125.0V. Material: UNKNOWN. Physical Size: 6.1mm x 8.4mm.
A813,"Indicator Chip Very Fast Movement 3.15A 125V SMD Solder Pad 2410 Ceramic T/R CSA/PSE/UL Electric Indicator, Fast Blow, 0.315A, 125VAC, 125VDC, 50A (IR), Surface Mount, NANO",VERY FAST,AUTOMOTIVE,FAST,CERAMIC,NANO,Low,SURFACE MOUNT,SURFACE MOUNT,125.0,-55.0,6.1,6.1,50.0,3.15,125.0,125.0,125.0,"Industrial Part: Indicator Chip Very Fast Movement 3.15A 125V SMD Solder Pad 2410 Ceramic T/R CSA/PSE/UL Electric Indicator, Fast Blow, 0.315A, 125VAC, 125VDC, 50A (IR), Surface Mount, NANO. Rated Current: 3.15A. Voltage: 125.0V. Material: CERAMIC. Physical Size: 6.1mm x 6.1mm."
A814,,UNKNOWN,NOT SPECIFIED,VERY FAST,UNKNOWN,NOT SPECIFIED,Low,UNKNOWN,SURFACE MOUNT,55.0,-55.0,6.1,8.4,50.0,0.375,125.0,125.0,125.0,Industrial Part: nan. Rated Current: 0.375A. Voltage: 125.0V. Material: UNKNOWN. Physical Size: 6.1mm x 8.4mm.
A815,"Indicator Chip Very Fast Movement 0.375A 125V SMD Solder Pad 2410 Ceramic T/R CSA/UL Electric Indicator, Fast Blow, 0.375A, 125VAC, 125VDC, 50A (IR), Surface Mount, NANO",VERY FAST,AUTOMOTIVE,FAST,CERAMIC,NANO,Low,SURFACE MOUNT,SURFACE MOUNT,125.0,-55.0,6.1,6.1,50.0,0.375,125.0,125.0,125.0,"Industrial Part: Indicator Chip Very Fast Movement 0.375A 125V SMD Solder Pad 2410 Ceramic T/R CSA/UL Electric Indicator, Fast Blow, 0.375A, 125VAC, 125VDC, 50A (IR), Surface Mount, NANO. Rated Current: 0.375A. Voltage: 125.0V. Material: CERAMIC. Physical Size: 6.1mm x 6.1mm."
A816,"Indicator Chip Very Fast Movement 0.4A 125V SMD Solder Pad 2410 Ceramic T/R CSA/UL Electric Indicator, Fast Blow, 0.4A, 125VAC, 125VDC, 50A (IR), Surface Mount, NANO",VERY FAST,AUTOMOTIVE,FAST,CERAMIC,NANO,Low,SURFACE MOUNT,SURFACE MOUNT,125.0,-55.0,6.1,6.1,50.0,0.4,125.0,125.0,125.0,"Industrial Part: Indicator Chip Very Fast Movement 0.4A 125V SMD Solder Pad 2410 Ceramic T/R CSA/UL Electric Indicator, Fast Blow, 0.4A, 125VAC, 125VDC, 50A (IR), Surface Mount, NANO. Rated Current: 0.4A. Voltage: 125.0V. Material: CERAMIC. Physical Size: 6.1mm x 6.1mm."
A817,"Indicator Chip Very Fast Movement 0.5A 125V SMD Solder Pad 2410 Ceramic T/R CSA/UL Electric Indicator, Fast Blow, 0.5A, 125VAC, 125VDC, 50A (IR), Surface Mount, NANO",VERY FAST,AUTOMOTIVE,FAST,CERAMIC,NANO,Low,SURFACE MOUNT,SURFACE MOUNT,125.0,-55.0,6.1,6.1,50.0,0.5,125.0,125.0,125.0,"Industrial Part: Indicator Chip Very Fast Movement 0.5A 125V SMD Solder Pad 2410 Ceramic T/R CSA/UL Electric Indicator, Fast Blow, 0.5A, 125VAC, 125VDC, 50A (IR), Surface Mount, NANO. Rated Current: 0.5A. Voltage: 125.0V. Material: CERAMIC. Physical Size: 6.1mm x 6.1mm."
A818,"Indicator Chip Very Fast Movement 0.63A 125V SMD Solder Pad 2410 Ceramic T/R CSA/UL Electric Indicator, Fast Blow, 0.63A, 125VAC, 125VDC, 50A (IR), Surface Mount, NANO",VERY FAST,AUTOMOTIVE,FAST,CERAMIC,NANO,Low,SURFACE MOUNT,SURFACE MOUNT,125.0,-55.0,6.1,6.1,50.0,0.63,125.0,125.0,125.0,"Industrial Part: Indicator Chip Very Fast Movement 0.63A 125V SMD Solder Pad 2410 Ceramic T/R CSA/UL Electric Indicator, Fast Blow, 0.63A, 125VAC, 125VDC, 50A (IR), Surface Mount, NANO. Rated Current: 0.63A. Voltage: 125.0V. Material: CERAMIC. Physical Size: 6.1mm x 6.1mm."
A819,"Indicator Chip Very Fast Movement 0.75A 125V SMD Solder Pad 2410 Ceramic T/R CSA/UL Electric Indicator, Fast Blow, 0.75A, 125VAC, 125VDC, 50A (IR), Surface Mount, NANO",VERY FAST,AUTOMOTIVE,FAST,CERAMIC,NANO,Low,SURFACE MOUNT,SURFACE MOUNT,125.0,-55.0,6.1,6.1,50.0,0.75,125.0,125.0,125.0,"Industrial Part: Indicator Chip Very Fast Movement 0.75A 125V SMD Solder Pad 2410 Ceramic T/R CSA/UL Electric Indicator, Fast Blow, 0.75A, 125VAC, 125VDC, 50A (IR), Surface Mount, NANO. Rated Current: 0.75A. Voltage: 125.0V. Material: CERAMIC. Physical Size: 6.1mm x 6.1mm."
A820,"Indicator Chip Very Fast Movement 0.8A 125V SMD Solder Pad 2410 Ceramic T/R CSA/UL Electric Indicator, Fast Blow, 0.8A, 125VAC, 125VDC, 50A (IR), Surface Mount, NANO",VERY FAST,AUTOMOTIVE,FAST,CERAMIC,NANO,Low,SURFACE MOUNT,SURFACE MOUNT,125.0,-55.0,6.1,6.1,50.0,0.8,125.0,125.0,125.0,"Industrial Part: Indicator Chip Very Fast Movement 0.8A 125V SMD Solder Pad 2410 Ceramic T/R CSA/UL Electric Indicator, Fast Blow, 0.8A, 125VAC, 125VDC, 50A (IR), Surface Mount, NANO. Rated Current: 0.8A. Voltage: 125.0V. Material: CERAMIC. Physical Size: 6.1mm x 6.1mm."
A821,,UNKNOWN,NOT SPECIFIED,VERY FAST,UNKNOWN,NOT SPECIFIED,High,UNKNOWN,SURFACE MOUNT,55.0,-55.0,6.1,8.4,50.0,1.0,125.0,125.0,125.0,Industrial Part: nan. Rated Current: 1.0A. Voltage: 125.0V. Material: UNKNOWN. Physical Size: 6.1mm x 8.4mm.
A822,,VERY FAST,AUTOMOTIVE,UNKNOWN,CERAMIC,6.1 X 2.69mm,UNKNOWN,SURFACE MOUNT,NOT SPECIFIED,55.0,-55.0,6.1,6.1,50.0,1.0,125.0,125.0,125.0,Industrial Part: nan. Rated Current: 1.0A. Voltage: 125.0V. Material: CERAMIC. Physical Size: 6.1mm x 6.1mm.
A823,"Indicator Chip Very Fast Movement 1A 125V SMD Solder Pad 2410 Ceramic T/R CE/CSA/PSE/UL Electric Indicator, Very Fast Blow, 1A, 125VAC, 125VDC, 50A (IR), Surface Mount, NANO",VERY FAST,AUTOMOTIVE,VERY FAST,CERAMIC,6.1 X 2.69mm,High,SURFACE MOUNT,SURFACE MOUNT,125.0,-55.0,6.1,6.1,50.0,1.0,125.0,125.0,1.0,"Industrial Part: Indicator Chip Very Fast Movement 1A 125V SMD Solder Pad 2410 Ceramic T/R CE/CSA/PSE/UL Electric Indicator, Very Fast Blow, 1A, 125VAC, 125VDC, 50A (IR), Surface Mount, NANO. Rated Current: 1.0A. Voltage: 125.0V. Material: CERAMIC. Physical Size: 6.1mm x 6.1mm."
A824,"Indicator Chip Very Fast Movement 1A 125V SMD Solder Pad 2410 Ceramic T/R CE/CSA/PSE/UL Electric Indicator, Very Fast Blow, 1A, 125VAC, 125VDC, 50A (IR), Surface Mount, NANO",VERY FAST,AUTOMOTIVE,VERY FAST,CERAMIC,NANO,Low,SURFACE MOUNT,SURFACE MOUNT,125.0,-55.0,6.1,6.1,50.0,1.0,125.0,125.0,125.0,"Industrial Part: Indicator Chip Very Fast Movement 1A 125V SMD Solder Pad 2410 Ceramic T/R CE/CSA/PSE/UL Electric Indicator, Very Fast Blow, 1A, 125VAC, 125VDC, 50A (IR), Surface Mount, NANO. Rated Current: 1.0A. Voltage: 125.0V. Material: CERAMIC. Physical Size: 6.1mm x 6.1mm."
A825,"Indicator Chip Very Fast Movement 1A 125V SMD Solder Pad 2410 Ceramic T/R CE/CSA/PSE/UL Electric Indicator, Very Fast Blow, 1A, 125VAC, 125VDC, 50A (IR), Surface Mount, NANO",VERY FAST,AUTOMOTIVE,VERY FAST,CERAMIC,6.1 X 2.69mm,High,SURFACE MOUNT,SURFACE MOUNT,125.0,-55.0,6.1,6.1,50.0,1.0,125.0,125.0,1.0,"Industrial Part: Indicator Chip Very Fast Movement 1A 125V SMD Solder Pad 2410 Ceramic T/R CE/CSA/PSE/UL Electric Indicator, Very Fast Blow, 1A, 125VAC, 125VDC, 50A (IR), Surface Mount, NANO. Rated Current: 1.0A. Voltage: 125.0V. Material: CERAMIC. Physical Size: 6.1mm x 6.1mm."
A826,"Indicator Chip Very Fast Movement 1A 125V SMD Solder Pad 2410 Ceramic T/R CE/CSA/PSE/UL Electric Indicator, Very Fast Blow, 1A, 125VAC, 125VDC, 50A (IR), Surface Mount, NANO",VERY FAST,AUTOMOTIVE,VERY FAST,CERAMIC,NANO,Low,SURFACE MOUNT,SURFACE MOUNT,125.0,-55.0,6.1,6.1,50.0,1.0,125.0,125.0,125.0,"Industrial Part: Indicator Chip Very Fast Movement 1A 125V SMD Solder Pad 2410 Ceramic T/R CE/CSA/PSE/UL Electric Indicator, Very Fast Blow, 1A, 125VAC, 125VDC, 50A (IR), Surface Mount, NANO. Rated Current: 1.0A. Voltage: 125.0V. Material: CERAMIC. Physical Size: 6.1mm x 6.1mm."
A827,,VERY FAST,AUTOMOTIVE,UNKNOWN,CERAMIC,6.1 X 2.69mm,UNKNOWN,SURFACE MOUNT,NOT SPECIFIED,55.0,-55.0,6.1,6.1,50.0,1.0,125.0,125.0,125.0,Industrial Part: nan. Rated Current: 1.0A. Voltage: 125.0V. Material: CERAMIC. Physical Size: 6.1mm x 6.1mm.
A828,"Indicator Chip Very Fast Movement 2A 125V SMD Solder Pad 2410 Ceramic CE/CSA/PSE/UL Electric Indicator, Very Fast Blow, 2A, 125VAC, 125VDC, 50A (IR), Surface Mount",VERY FAST,AUTOMOTIVE,VERY FAST,CERAMIC,6.1 X 2.69mm,High,SURFACE MOUNT,SURFACE MOUNT,125.0,-55.0,6.1,6.1,50.0,2.0,125.0,125.0,2.0,"Industrial Part: Indicator Chip Very Fast Movement 2A 125V SMD Solder Pad 2410 Ceramic CE/CSA/PSE/UL Electric Indicator, Very Fast Blow, 2A, 125VAC, 125VDC, 50A (IR), Surface Mount. Rated Current: 2.0A. Voltage: 125.0V. Material: CERAMIC. Physical Size: 6.1mm x 6.1mm."
A829,,VERY FAST,AUTOMOTIVE,UNKNOWN,CERAMIC,6.1 X 2.69mm,UNKNOWN,SURFACE MOUNT,NOT SPECIFIED,55.0,-55.0,6.1,6.1,50.0,2.0,125.0,125.0,125.0,Industrial Part: nan. Rated Current: 2.0A. Voltage: 125.0V. Material: CERAMIC. Physical Size: 6.1mm x 6.1mm.
A830,"Indicator Chip Very Fast Movement 2A 125V SMD Solder Pad 2410 Ceramic T/R CE/CSA/PSE/UL Electric Indicator, Very Fast Blow, 2A, 125VAC, 125VDC, 50A (IR), Surface Mount, NANO",VERY FAST,AUTOMOTIVE,VERY FAST,CERAMIC,6.1 X 2.69mm,High,SURFACE MOUNT,SURFACE MOUNT,125.0,-55.0,6.1,6.1,50.0,2.0,125.0,125.0,2.0,"Industrial Part: Indicator Chip Very Fast Movement 2A 125V SMD Solder Pad 2410 Ceramic T/R CE/CSA/PSE/UL Electric Indicator, Very Fast Blow, 2A, 125VAC, 125VDC, 50A (IR), Surface Mount, NANO. Rated Current: 2.0A. Voltage: 125.0V. Material: CERAMIC. Physical Size: 6.1mm x 6.1mm."
A831,"Indicator Chip Very Fast Movement 2A 125V SMD Solder Pad 2410 Ceramic T/R Automotive CE/CSA/PSE/UL Electric Indicator, Very Fast Blow, 2A, 125VAC, 125VDC, 50A (IR), Surface Mount, NANO",VERY FAST,AUTOMOTIVE,VERY FAST,CERAMIC,NANO,Low,SURFACE MOUNT,SURFACE MOUNT,125.0,-55.0,6.1,6.1,50.0,2.0,125.0,125.0,125.0,"Industrial Part: Indicator Chip Very Fast Movement 2A 125V SMD Solder Pad 2410 Ceramic T/R Automotive CE/CSA/PSE/UL Electric Indicator, Very Fast Blow, 2A, 125VAC, 125VDC, 50A (IR), Surface Mount, NANO. Rated Current: 2.0A. Voltage: 125.0V. Material: CERAMIC. Physical Size: 6.1mm x 6.1mm."
A832,"Indicator Chip Very Fast Movement 2A 125V SMD Solder Pad 2410 Ceramic T/R CSA/PSE/UL Electric Indicator, Very Fast Blow, 2A, 50A (IR), NANO",VERY FAST,AUTOMOTIVE,VERY FAST,CERAMIC,6.1 X 2.69mm,Low,SURFACE MOUNT,NOT SPECIFIED,125.0,-55.0,6.1,6.1,50.0,2.0,125.0,125.0,125.0,"Industrial Part: Indicator Chip Very Fast Movement 2A 125V SMD Solder Pad 2410 Ceramic T/R CSA/PSE/UL Electric Indicator, Very Fast Blow, 2A, 50A (IR), NANO. Rated Current: 2.0A. Voltage: 125.0V. Material: CERAMIC. Physical Size: 6.1mm x 6.1mm."
A833,"Indicator Chip Very Fast Movement 2A 125V SMD Solder Pad 2410 Ceramic T/R CE/CSA/PSE/UL Electric Indicator, Very Fast Blow, 2A, 125VAC, 125VDC, 50A (IR), Surface Mount, NANO",VERY FAST,AUTOMOTIVE,VERY FAST,CERAMIC,6.1 X 2.69mm,High,SURFACE MOUNT,SURFACE MOUNT,125.0,-55.0,6.1,6.1,50.0,2.0,125.0,125.0,2.0,"Industrial Part: Indicator Chip Very Fast Movement 2A 125V SMD Solder Pad 2410 Ceramic T/R CE/CSA/PSE/UL Electric Indicator, Very Fast Blow, 2A, 125VAC, 125VDC, 50A (IR), Surface Mount, NANO. Rated Current: 2.0A. Voltage: 125.0V. Material: CERAMIC. Physical Size: 6.1mm x 6.1mm."
A834,"Indicator Chip Very Fast Movement 2A 125V SMD Solder Pad 2410 Ceramic T/R CE/CSA/PSE/UL Electric Indicator, Very Fast Blow, 2A, 125VAC, 125VDC, 50A (IR), Surface Mount, NANO",VERY FAST,AUTOMOTIVE,VERY FAST,CERAMIC,NANO,Low,SURFACE MOUNT,SURFACE MOUNT,125.0,-55.0,6.1,6.1,50.0,2.0,125.0,125.0,125.0,"Industrial Part: Indicator Chip Very Fast Movement 2A 125V SMD Solder Pad 2410 Ceramic T/R CE/CSA/PSE/UL Electric Indicator, Very Fast Blow, 2A, 125VAC, 125VDC, 50A (IR), Surface Mount, NANO. Rated Current: 2.0A. Voltage: 125.0V. Material: CERAMIC. Physical Size: 6.1mm x 6.1mm."
A835,Indicator Chip Very Fast Movement 3A 125V SMD Solder Pad 2410 Ceramic CE/CSA/PSE/UL,VERY FAST,AUTOMOTIVE,UNKNOWN,CERAMIC,6.1 X 2.69mm,High,SURFACE MOUNT,NOT SPECIFIED,55.0,-55.0,6.1,6.1,50.0,3.0,125.0,125.0,125.0,Industrial Part: Indicator Chip Very Fast Movement 3A 125V SMD Solder Pad 2410 Ceramic CE/CSA/PSE/UL. Rated Current: 3.0A. Voltage: 125.0V. Material: CERAMIC. Physical Size: 6.1mm x 6.1mm.
A836,"Indicator Chip Very Fast Movement 3A 125V SMD Solder Pad 2410 Ceramic T/R CE/CSA/PSE/UL Electric Indicator, Very Fast Blow, 3A, 125VAC, 125VDC, 50A (IR), Surface Mount, NANO",VERY FAST,AUTOMOTIVE,VERY FAST,CERAMIC,6.1 X 2.69mm,High,SURFACE MOUNT,SURFACE MOUNT,125.0,-55.0,6.1,6.1,50.0,3.0,125.0,125.0,3.0,"Industrial Part: Indicator Chip Very Fast Movement 3A 125V SMD Solder Pad 2410 Ceramic T/R CE/CSA/PSE/UL Electric Indicator, Very Fast Blow, 3A, 125VAC, 125VDC, 50A (IR), Surface Mount, NANO. Rated Current: 3.0A. Voltage: 125.0V. Material: CERAMIC. Physical Size: 6.1mm x 6.1mm."
A837,"Indicator Chip Very Fast Movement 3A 125V SMD Solder Pad 2410 Ceramic T/R CE/CSA/PSE/UL Electric Indicator, Very Fast Blow, 3A, 125VAC, 125VDC, 50A (IR), Surface Mount, NANO",VERY FAST,AUTOMOTIVE,VERY FAST,CERAMIC,NANO,Low,SURFACE MOUNT,SURFACE MOUNT,125.0,-55.0,6.1,6.1,50.0,3.0,125.0,125.0,125.0,"Industrial Part: Indicator Chip Very Fast Movement 3A 125V SMD Solder Pad 2410 Ceramic T/R CE/CSA/PSE/UL Electric Indicator, Very Fast Blow, 3A, 125VAC, 125VDC, 50A (IR), Surface Mount, NANO. Rated Current: 3.0A. Voltage: 125.0V. Material: CERAMIC. Physical Size: 6.1mm x 6.1mm."
A838,"Indicator Chip Very Fast Movement 3A 125V SMD Solder Pad 2410 Ceramic T/R CE/CSA/PSE/UL Electric Indicator, Very Fast Blow, 3A, 125VAC, 125VDC, 50A (IR), Surface Mount, NANO",VERY FAST,AUTOMOTIVE,VERY FAST,CERAMIC,6.1 X 2.69mm,High,SURFACE MOUNT,SURFACE MOUNT,125.0,-55.0,6.1,6.1,50.0,3.0,125.0,125.0,3.0,"Industrial Part: Indicator Chip Very Fast Movement 3A 125V SMD Solder Pad 2410 Ceramic T/R CE/CSA/PSE/UL Electric Indicator, Very Fast Blow, 3A, 125VAC, 125VDC, 50A (IR), Surface Mount, NANO. Rated Current: 3.0A. Voltage: 125.0V. Material: CERAMIC. Physical Size: 6.1mm x 6.1mm."
A839,"Indicator Chip Very Fast Movement 3A 125V SMD Solder Pad 2410 Ceramic T/R CE/CSA/PSE/UL Electric Indicator, Very Fast Blow, 3A, 125VAC, 125VDC, 50A (IR), Surface Mount, NANO",VERY FAST,AUTOMOTIVE,VERY FAST,CERAMIC,6.1 X 2.69mm,Low,SURFACE MOUNT,SURFACE MOUNT,125.0,-55.0,6.1,6.1,50.0,3.0,125.0,125.0,125.0,"Industrial Part: Indicator Chip Very Fast Movement 3A 125V SMD Solder Pad 2410 Ceramic T/R CE/CSA/PSE/UL Electric Indicator, Very Fast Blow, 3A, 125VAC, 125VDC, 50A (IR), Surface Mount, NANO. Rated Current: 3.0A. Voltage: 125.0V. Material: CERAMIC. Physical Size: 6.1mm x 6.1mm."
A840,,VERY FAST,AUTOMOTIVE,UNKNOWN,CERAMIC,6.1 X 2.69mm,UNKNOWN,SURFACE MOUNT,NOT SPECIFIED,55.0,-55.0,6.1,6.1,50.0,3.0,125.0,125.0,125.0,Industrial Part: nan. Rated Current: 3.0A. Voltage: 125.0V. Material: CERAMIC. Physical Size: 6.1mm x 6.1mm.
A841,Indicator Chip Very Fast Movement 4A 125V SMD Solder Pad 2410 Ceramic CE/CSA/PSE/UL Electric Indicator,VERY FAST,AUTOMOTIVE,UNKNOWN,CERAMIC,6.1 X 2.69mm,High,SURFACE MOUNT,NOT SPECIFIED,55.0,-55.0,6.1,6.1,50.0,4.0,125.0,125.0,125.0,Industrial Part: Indicator Chip Very Fast Movement 4A 125V SMD Solder Pad 2410 Ceramic CE/CSA/PSE/UL Electric Indicator. Rated Current: 4.0A. Voltage: 125.0V. Material: CERAMIC. Physical Size: 6.1mm x 6.1mm.
A842,,VERY FAST,AUTOMOTIVE,UNKNOWN,CERAMIC,6.1 X 2.69mm,UNKNOWN,SURFACE MOUNT,NOT SPECIFIED,55.0,-55.0,6.1,6.1,50.0,4.0,125.0,125.0,125.0,Industrial Part: nan. Rated Current: 4.0A. Voltage: 125.0V. Material: CERAMIC. Physical Size: 6.1mm x 6.1mm.
A843,"Indicator Chip Very Fast Movement 4A 125V SMD Solder Pad 2410 Ceramic T/R CE/CSA/PSE/UL Electric Indicator, Very Fast Blow, 4A, 50A (IR), NANO",VERY FAST,AUTOMOTIVE,VERY FAST,CERAMIC,6.1 X 2.69mm,High,SURFACE MOUNT,NOT SPECIFIED,125.0,-55.0,6.1,6.1,50.0,4.0,125.0,125.0,125.0,"Industrial Part: Indicator Chip Very Fast Movement 4A 125V SMD Solder Pad 2410 Ceramic T/R CE/CSA/PSE/UL Electric Indicator, Very Fast Blow, 4A, 50A (IR), NANO. Rated Current: 4.0A. Voltage: 125.0V. Material: CERAMIC. Physical Size: 6.1mm x 6.1mm."
A844,"Indicator Chip Very Fast Movement 4A 125V SMD Solder Pad 2410 Ceramic T/R Automotive CE/CSA/PSE/UL Electric Indicator, Very Fast Blow, 4A, 125VAC, 125VDC, 50A (IR), Surface Mount, NANO",VERY FAST,AUTOMOTIVE,VERY FAST,CERAMIC,NANO,Low,SURFACE MOUNT,SURFACE MOUNT,125.0,-55.0,6.1,6.1,50.0,4.0,125.0,125.0,4.0,"Industrial Part: Indicator Chip Very Fast Movement 4A 125V SMD Solder Pad 2410 Ceramic T/R Automotive CE/CSA/PSE/UL Electric Indicator, Very Fast Blow, 4A, 125VAC, 125VDC, 50A (IR), Surface Mount, NANO. Rated Current: 4.0A. Voltage: 125.0V. Material: CERAMIC. Physical Size: 6.1mm x 6.1mm."
A845,"Indicator Chip Very Fast Movement 4A 125V SMD Solder Pad 2410 Ceramic T/R CE/CSA/PSE/UL Electric Indicator, Very Fast Blow, 4A, 50A (IR), NANO",VERY FAST,AUTOMOTIVE,VERY FAST,CERAMIC,6.1 X 2.69mm,High,SURFACE MOUNT,NOT SPECIFIED,125.0,-55.0,6.1,6.1,50.0,4.0,125.0,125.0,125.0,"Industrial Part: Indicator Chip Very Fast Movement 4A 125V SMD Solder Pad 2410 Ceramic T/R CE/CSA/PSE/UL Electric Indicator, Very Fast Blow, 4A, 50A (IR), NANO. Rated Current: 4.0A. Voltage: 125.0V. Material: CERAMIC. Physical Size: 6.1mm x 6.1mm."
A846,"Indicator Chip Very Fast Movement 4A 125V SMD Solder Pad 2410 Ceramic T/R CE/CSA/PSE/UL Electric Indicator, Very Fast Blow, 4A, 125VAC, 125VDC, 50A (IR), Surface Mount, NANO",VERY FAST,AUTOMOTIVE,VERY FAST,CERAMIC,6.1 X 2.69mm,Low,SURFACE MOUNT,SURFACE MOUNT,125.0,-55.0,6.1,6.1,50.0,4.0,125.0,125.0,125.0,"Industrial Part: Indicator Chip Very Fast Movement 4A 125V SMD Solder Pad 2410 Ceramic T/R CE/CSA/PSE/UL Electric Indicator, Very Fast Blow, 4A, 125VAC, 125VDC, 50A (IR), Surface Mount, NANO. Rated Current: 4.0A. Voltage: 125.0V. Material: CERAMIC. Physical Size: 6.1mm x 6.1mm."
A847,,VERY FAST,AUTOMOTIVE,UNKNOWN,CERAMIC,6.1 X 2.69mm,UNKNOWN,SURFACE MOUNT,NOT SPECIFIED,55.0,-55.0,6.1,6.1,50.0,4.0,125.0,125.0,125.0,Industrial Part: nan. Rated Current: 4.0A. Voltage: 125.0V. Material: CERAMIC. Physical Size: 6.1mm x 6.1mm.
A848,"Indicator Chip Very Fast Movement 5A 125V SMD Solder Pad 2410 Ceramic CE/CSA/PSE/UL Electric Indicator, Very Fast Blow, 5A, 125VAC, 125VDC, 50A (IR), Surface Mount, NANO",VERY FAST,AUTOMOTIVE,VERY FAST,CERAMIC,NANO,High,SURFACE MOUNT,SURFACE MOUNT,125.0,-55.0,6.1,6.1,50.0,5.0,125.0,125.0,5.0,"Industrial Part: Indicator Chip Very Fast Movement 5A 125V SMD Solder Pad 2410 Ceramic CE/CSA/PSE/UL Electric Indicator, Very Fast Blow, 5A, 125VAC, 125VDC, 50A (IR), Surface Mount, NANO. Rated Current: 5.0A. Voltage: 125.0V. Material: CERAMIC. Physical Size: 6.1mm x 6.1mm."
A849,,VERY FAST,AUTOMOTIVE,UNKNOWN,CERAMIC,6.1 X 2.69mm,UNKNOWN,SURFACE MOUNT,NOT SPECIFIED,55.0,-55.0,6.1,6.1,50.0,5.0,125.0,125.0,125.0,Industrial Part: nan. Rated Current: 5.0A. Voltage: 125.0V. Material: CERAMIC. Physical Size: 6.1mm x 6.1mm.
A850,"Indicator Chip Very Fast Movement 5A 125V SMD Solder Pad 2410 Ceramic T/R CE/CSA/PSE/UL Electric Indicator, Very Fast Blow, 5A, 125VAC, 125VDC, 50A (IR), Surface Mount, NANO",VERY FAST,AUTOMOTIVE,VERY FAST,CERAMIC,6.1 X 2.69mm,High,SURFACE MOUNT,SURFACE MOUNT,125.0,-55.0,6.1,6.1,50.0,5.0,125.0,125.0,5.0,"Industrial Part: Indicator Chip Very Fast Movement 5A 125V SMD Solder Pad 2410 Ceramic T/R CE/CSA/PSE/UL Electric Indicator, Very Fast Blow, 5A, 125VAC, 125VDC, 50A (IR), Surface Mount, NANO. Rated Current: 5.0A. Voltage: 125.0V. Material: CERAMIC. Physical Size: 6.1mm x 6.1mm."
A851,"Indicator Chip Very Fast Movement 5A 125V SMD Solder Pad 2410 Ceramic T/R Automotive CE/CSA/PSE/UL Electric Indicator, Very Fast Blow, 5A, 125VAC, 125VDC, 50A (IR), Surface Mount, NANO",VERY FAST,AUTOMOTIVE,VERY FAST,CERAMIC,NANO,Low,SURFACE MOUNT,SURFACE MOUNT,125.0,-55.0,6.1,6.1,50.0,5.0,125.0,125.0,125.0,"Industrial Part: Indicator Chip Very Fast Movement 5A 125V SMD Solder Pad 2410 Ceramic T/R Automotive CE/CSA/PSE/UL Electric Indicator, Very Fast Blow, 5A, 125VAC, 125VDC, 50A (IR), Surface Mount, NANO. Rated Current: 5.0A. Voltage: 125.0V. Material: CERAMIC. Physical Size: 6.1mm x 6.1mm."
A852,"Indicator Chip Very Fast Movement 5A 125V SMD Solder Pad 2410 Ceramic T/R CE/CSA/PSE/UL Electric Indicator, Very Fast Blow, 5A, 125VAC, 125VDC, 50A (IR), Surface Mount, NANO",VERY FAST,AUTOMOTIVE,VERY FAST,CERAMIC,6.1 X 2.69mm,High,SURFACE MOUNT,SURFACE MOUNT,125.0,-55.0,6.1,6.1,50.0,5.0,125.0,125.0,5.0,"Industrial Part: Indicator Chip Very Fast Movement 5A 125V SMD Solder Pad 2410 Ceramic T/R CE/CSA/PSE/UL Electric Indicator, Very Fast Blow, 5A, 125VAC, 125VDC, 50A (IR), Surface Mount, NANO. Rated Current: 5.0A. Voltage: 125.0V. Material: CERAMIC. Physical Size: 6.1mm x 6.1mm."
A853,"Indicator Chip Very Fast Movement 5A 125V SMD Solder Pad 2410 Ceramic T/R CE/CSA/PSE/UL Electric Indicator, Very Fast Blow, 5A, 125VAC, 125VDC, 50A (IR), Surface Mount, NANO",VERY FAST,AUTOMOTIVE,VERY FAST,CERAMIC,NANO,Low,SURFACE MOUNT,SURFACE MOUNT,125.0,-55.0,6.1,6.1,50.0,5.0,125.0,125.0,125.0,"Industrial Part: Indicator Chip Very Fast Movement 5A 125V SMD Solder Pad 2410 Ceramic T/R CE/CSA/PSE/UL Electric Indicator, Very Fast Blow, 5A, 125VAC, 125VDC, 50A (IR), Surface Mount, NANO. Rated Current: 5.0A. Voltage: 125.0V. Material: CERAMIC. Physical Size: 6.1mm x 6.1mm."
A854,Indicator Chip Very Fast Movement 7A 125V SMD Solder Pad 2410 Ceramic CE/CSA/PSE/UL,VERY FAST,AUTOMOTIVE,UNKNOWN,CERAMIC,6.1 X 2.69mm,High,SURFACE MOUNT,NOT SPECIFIED,55.0,-55.0,6.1,6.1,50.0,7.0,125.0,125.0,125.0,Industrial Part: Indicator Chip Very Fast Movement 7A 125V SMD Solder Pad 2410 Ceramic CE/CSA/PSE/UL. Rated Current: 7.0A. Voltage: 125.0V. Material: CERAMIC. Physical Size: 6.1mm x 6.1mm.
A855,"Indicator Chip Very Fast Movement 7A 125V SMD Solder Pad 2410 Ceramic T/R CE/CSA/PSE/UL Electric Indicator, Very Fast Blow, 7A, 125VAC, 125VDC, 50A (IR), Surface Mount, NANO",VERY FAST,AUTOMOTIVE,VERY FAST,CERAMIC,6.1 X 2.69mm,High,SURFACE MOUNT,SURFACE MOUNT,125.0,-55.0,6.1,6.1,50.0,7.0,125.0,125.0,7.0,"Industrial Part: Indicator Chip Very Fast Movement 7A 125V SMD Solder Pad 2410 Ceramic T/R CE/CSA/PSE/UL Electric Indicator, Very Fast Blow, 7A, 125VAC, 125VDC, 50A (IR), Surface Mount, NANO. Rated Current: 7.0A. Voltage: 125.0V. Material: CERAMIC. Physical Size: 6.1mm x 6.1mm."
A856,"Indicator Chip Very Fast Movement 7A 125V SMD Solder Pad 2410 Ceramic T/R CE/CSA/PSE/UL Electric Indicator, Very Fast Blow, 7A, 125VAC, 125VDC, 50A (IR), Surface Mount, NANO",VERY FAST,AUTOMOTIVE,VERY FAST,CERAMIC,NANO,Low,SURFACE MOUNT,SURFACE MOUNT,125.0,-55.0,6.1,6.1,50.0,7.0,125.0,125.0,125.0,"Industrial Part: Indicator Chip Very Fast Movement 7A 125V SMD Solder Pad 2410 Ceramic T/R CE/CSA/PSE/UL Electric Indicator, Very Fast Blow, 7A, 125VAC, 125VDC, 50A (IR), Surface Mount, NANO. Rated Current: 7.0A. Voltage: 125.0V. Material: CERAMIC. Physical Size: 6.1mm x 6.1mm."
A857,"Indicator Chip Very Fast Movement 7A 125V SMD Solder Pad 2410 Ceramic T/R CSA/PSE/UL Electric Indicator, Very Fast Blow, 7A, 50A (IR), NANO",VERY FAST,AUTOMOTIVE,VERY FAST,CERAMIC,6.1 X 2.69mm,Low,SURFACE MOUNT,NOT SPECIFIED,125.0,-55.0,6.1,6.1,50.0,7.0,125.0,125.0,125.0,"Industrial Part: Indicator Chip Very Fast Movement 7A 125V SMD Solder Pad 2410 Ceramic T/R CSA/PSE/UL Electric Indicator, Very Fast Blow, 7A, 50A (IR), NANO. Rated Current: 7.0A. Voltage: 125.0V. Material: CERAMIC. Physical Size: 6.1mm x 6.1mm."
A858,"Indicator Chip Very Fast Movement 7A 125V SMD Solder Pad 2410 Ceramic T/R CE/CSA/PSE/UL Electric Indicator, Very Fast Blow, 7A, 125VAC, 125VDC, 50A (IR), Surface Mount, NANO",VERY FAST,AUTOMOTIVE,VERY FAST,CERAMIC,6.1 X 2.69mm,High,SURFACE MOUNT,SURFACE MOUNT,125.0,-55.0,6.1,6.1,50.0,7.0,125.0,125.0,7.0,"Industrial Part: Indicator Chip Very Fast Movement 7A 125V SMD Solder Pad 2410 Ceramic T/R CE/CSA/PSE/UL Electric Indicator, Very Fast Blow, 7A, 125VAC, 125VDC, 50A (IR), Surface Mount, NANO. Rated Current: 7.0A. Voltage: 125.0V. Material: CERAMIC. Physical Size: 6.1mm x 6.1mm."
A859,"Indicator Chip Very Fast Movement 7A 125V SMD Solder Pad 2410 Ceramic T/R CE/CSA/PSE/UL Electric Indicator, Very Fast Blow, 7A, 125VAC, 125VDC, 50A (IR), Surface Mount, NANO",VERY FAST,AUTOMOTIVE,VERY FAST,CERAMIC,NANO,Low,SURFACE MOUNT,SURFACE MOUNT,125.0,-55.0,6.1,6.1,50.0,7.0,125.0,125.0,125.0,"Industrial Part: Indicator Chip Very Fast Movement 7A 125V SMD Solder Pad 2410 Ceramic T/R CE/CSA/PSE/UL Electric Indicator, Very Fast Blow, 7A, 125VAC, 125VDC, 50A (IR), Surface Mount, NANO. Rated Current: 7.0A. Voltage: 125.0V. Material: CERAMIC. Physical Size: 6.1mm x 6.1mm."
A860,,VERY FAST,AUTOMOTIVE,UNKNOWN,CERAMIC,6.1 X 2.69mm,UNKNOWN,SURFACE MOUNT,NOT SPECIFIED,55.0,-55.0,6.1,6.1,50.0,7.0,125.0,125.0,125.0,Industrial Part: nan. Rated Current: 7.0A. Voltage: 125.0V. Material: CERAMIC. Physical Size: 6.1mm x 6.1mm.
A861,,UNKNOWN,NOT SPECIFIED,VERY FAST,UNKNOWN,NANO,High,UNKNOWN,NOT SPECIFIED,55.0,-55.0,6.1,8.4,50.0,8.0,125.0,0.0,0.0,Industrial Part: nan. Rated Current: 8.0A. Voltage: 125.0V. Material: UNKNOWN. Physical Size: 6.1mm x 8.4mm.
A862,"Indicator Chip Very Fast Movement 8A 125V SMD Solder Pad 2410 Ceramic T/R CE/CSA/PSE/UL Electric Indicator, Very Fast Blow, 8A, 125VAC, 125VDC, 50A (IR), Surface Mount, NANO",VERY FAST,AUTOMOTIVE,VERY FAST,CERAMIC,6.1 X 2.69mm,High,SURFACE MOUNT,SURFACE MOUNT,125.0,-55.0,6.1,6.1,50.0,8.0,125.0,125.0,8.0,"Industrial Part: Indicator Chip Very Fast Movement 8A 125V SMD Solder Pad 2410 Ceramic T/R CE/CSA/PSE/UL Electric Indicator, Very Fast Blow, 8A, 125VAC, 125VDC, 50A (IR), Surface Mount, NANO. Rated Current: 8.0A. Voltage: 125.0V. Material: CERAMIC. Physical Size: 6.1mm x 6.1mm."
A863,"Indicator Chip Very Fast Movement 8A 125V SMD Solder Pad 2410 Ceramic T/R CE/CSA/PSE/UL Electric Indicator, Very Fast Blow, 8A, 125VAC, 125VDC, 50A (IR), Surface Mount, NANO",VERY FAST,AUTOMOTIVE,VERY FAST,CERAMIC,NANO,Low,SURFACE MOUNT,SURFACE MOUNT,125.0,-55.0,6.1,6.1,50.0,8.0,125.0,125.0,125.0,"Industrial Part: Indicator Chip Very Fast Movement 8A 125V SMD Solder Pad 2410 Ceramic T/R CE/CSA/PSE/UL Electric Indicator, Very Fast Blow, 8A, 125VAC, 125VDC, 50A (IR), Surface Mount, NANO. Rated Current: 8.0A. Voltage: 125.0V. Material: CERAMIC. Physical Size: 6.1mm x 6.1mm."
A864,"Indicator Chip Very Fast Movement 8A 125V SMD Solder Pad 2410 Ceramic T/R CE/CSA/PSE/UL Electric Indicator, Very Fast Blow, 8A, 125VAC, 125VDC, 50A (IR), Surface Mount, NANO",VERY FAST,AUTOMOTIVE,VERY FAST,CERAMIC,NANO,Low,SURFACE MOUNT,SURFACE MOUNT,125.0,-55.0,6.1,6.1,50.0,8.0,125.0,125.0,125.0,"Industrial Part: Indicator Chip Very Fast Movement 8A 125V SMD Solder Pad 2410 Ceramic T/R CE/CSA/PSE/UL Electric Indicator, Very Fast Blow, 8A, 125VAC, 125VDC, 50A (IR), Surface Mount, NANO. Rated Current: 8.0A. Voltage: 125.0V. Material: CERAMIC. Physical Size: 6.1mm x 6.1mm."
A865,,VERY FAST,AUTOMOTIVE,UNKNOWN,CERAMIC,6.1 X 2.69mm,UNKNOWN,SURFACE MOUNT,NOT SPECIFIED,55.0,-55.0,6.1,6.1,50.0,8.0,125.0,125.0,125.0,Industrial Part: nan. Rated Current: 8.0A. Voltage: 125.0V. Material: CERAMIC. Physical Size: 6.1mm x 6.1mm.
A866,,VERY FAST,AUTOMOTIVE,UNKNOWN,CERAMIC,6.1 X 2.69mm,UNKNOWN,SURFACE MOUNT,NOT SPECIFIED,55.0,-55.0,6.1,6.1,50.0,10.0,125.0,125.0,125.0,Industrial Part: nan. Rated Current: 10.0A. Voltage: 125.0V. Material: CERAMIC. Physical Size: 6.1mm x 6.1mm.
A867,"Indicator Chip Very Fast Movement 10A 125V SMD Solder Pad 2410 Ceramic T/R CE/CSA/PSE/UL Electric Indicator, Very Fast Blow, 10A, 125VAC, 125VDC, 35A (IR), Surface Mount, NANO",VERY FAST,AUTOMOTIVE,VERY FAST,CERAMIC,6.1 X 2.69mm,High,SURFACE MOUNT,SURFACE MOUNT,125.0,-55.0,6.1,6.1,35.0,10.0,125.0,125.0,125.0,"Industrial Part: Indicator Chip Very Fast Movement 10A 125V SMD Solder Pad 2410 Ceramic T/R CE/CSA/PSE/UL Electric Indicator, Very Fast Blow, 10A, 125VAC, 125VDC, 35A (IR), Surface Mount, NANO. Rated Current: 10.0A. Voltage: 125.0V. Material: CERAMIC. Physical Size: 6.1mm x 6.1mm."
A868,"Indicator Chip Very Fast Movement 10A 125V SMD Solder Pad 2410 Ceramic T/R CSA/PSE/UL Electric Indicator, Very Fast Blow, 10A, 125VAC, 125VDC, 50A (IR), Surface Mount, NANO",VERY FAST,AUTOMOTIVE,VERY FAST,CERAMIC,NANO,Low,SURFACE MOUNT,SURFACE MOUNT,125.0,-55.0,6.1,6.1,50.0,10.0,125.0,125.0,125.0,"Industrial Part: Indicator Chip Very Fast Movement 10A 125V SMD Solder Pad 2410 Ceramic T/R CSA/PSE/UL Electric Indicator, Very Fast Blow, 10A, 125VAC, 125VDC, 50A (IR), Surface Mount, NANO. Rated Current: 10.0A. Voltage: 125.0V. Material: CERAMIC. Physical Size: 6.1mm x 6.1mm."
A869,"Indicator Chip Very Fast Movement 10A 125V SMD Solder Pad 2410 Ceramic T/R CE/CSA/PSE/UL Electric Indicator, Very Fast Blow, 10A, 125VAC, 125VDC, 35A (IR), Surface Mount, NANO",VERY FAST,AUTOMOTIVE,VERY FAST,CERAMIC,6.1 X 2.69mm,High,SURFACE MOUNT,SURFACE MOUNT,125.0,-55.0,6.1,6.1,35.0,10.0,125.0,125.0,125.0,"Industrial Part: Indicator Chip Very Fast Movement 10A 125V SMD Solder Pad 2410 Ceramic T/R CE/CSA/PSE/UL Electric Indicator, Very Fast Blow, 10A, 125VAC, 125VDC, 35A (IR), Surface Mount, NANO. Rated Current: 10.0A. Voltage: 125.0V. Material: CERAMIC. Physical Size: 6.1mm x 6.1mm."
A870,"Indicator Chip Very Fast Movement 10A 125V SMD Solder Pad 2410 Ceramic T/R CE/CSA/PSE/UL Electric Indicator, Very Fast Blow, 10A, 125VAC, 125VDC, 35A (IR), Surface Mount, NANO",VERY FAST,AUTOMOTIVE,VERY FAST,CERAMIC,NANO,Low,SURFACE MOUNT,SURFACE MOUNT,125.0,-55.0,6.1,6.1,35.0,10.0,125.0,125.0,125.0,"Industrial Part: Indicator Chip Very Fast Movement 10A 125V SMD Solder Pad 2410 Ceramic T/R CE/CSA/PSE/UL Electric Indicator, Very Fast Blow, 10A, 125VAC, 125VDC, 35A (IR), Surface Mount, NANO. Rated Current: 10.0A. Voltage: 125.0V. Material: CERAMIC. Physical Size: 6.1mm x 6.1mm."
A871,,VERY FAST,AUTOMOTIVE,UNKNOWN,CERAMIC,6.1 X 2.69mm,UNKNOWN,SURFACE MOUNT,NOT SPECIFIED,55.0,-55.0,6.1,6.1,50.0,10.0,125.0,125.0,125.0,Industrial Part: nan. Rated Current: 10.0A. Voltage: 125.0V. Material: CERAMIC. Physical Size: 6.1mm x 6.1mm.
A872,"Indicator Chip Very Fast Movement 12A 65V SMD Solder Pad 2410 Ceramic T/R CE/CSA/PSE/UL Electric Indicator, Very Fast Blow, 12A, 65VAC, 65VDC, 50A (IR), Surface Mount, NANO",VERY FAST,AUTOMOTIVE,VERY FAST,CERAMIC,6.1 X 2.69mm,High,SURFACE MOUNT,SURFACE MOUNT,55.0,-55.0,6.1,6.1,50.0,12.0,65.0,65.0,12.0,"Industrial Part: Indicator Chip Very Fast Movement 12A 65V SMD Solder Pad 2410 Ceramic T/R CE/CSA/PSE/UL Electric Indicator, Very Fast Blow, 12A, 65VAC, 65VDC, 50A (IR), Surface Mount, NANO. Rated Current: 12.0A. Voltage: 65.0V. Material: CERAMIC. Physical Size: 6.1mm x 6.1mm."
A873,"Indicator Chip Very Fast Movement 12A 65V SMD Solder Pad 2410 Ceramic T/R Automotive CE/CSA/PSE/UL Electric Indicator, Very Fast Blow, 12A, 65VAC, 65VDC, 50A (IR), Surface Mount, NANO",VERY FAST,AUTOMOTIVE,VERY FAST,CERAMIC,NANO,Low,SURFACE MOUNT,SURFACE MOUNT,55.0,-55.0,6.1,6.1,50.0,12.0,65.0,65.0,65.0,"Industrial Part: Indicator Chip Very Fast Movement 12A 65V SMD Solder Pad 2410 Ceramic T/R Automotive CE/CSA/PSE/UL Electric Indicator, Very Fast Blow, 12A, 65VAC, 65VDC, 50A (IR), Surface Mount, NANO. Rated Current: 12.0A. Voltage: 65.0V. Material: CERAMIC. Physical Size: 6.1mm x 6.1mm."
A874,"Indicator Chip Very Fast Movement 12A 65V SMD Solder Pad 2410 Ceramic T/R CE/CSA/PSE/UL Electric Indicator, Very Fast Blow, 12A, 65VAC, 65VDC, 50A (IR), Surface Mount, NANO",VERY FAST,AUTOMOTIVE,VERY FAST,CERAMIC,6.1 X 2.69mm,High,SURFACE MOUNT,SURFACE MOUNT,55.0,-55.0,6.1,6.1,50.0,12.0,65.0,65.0,12.0,"Industrial Part: Indicator Chip Very Fast Movement 12A 65V SMD Solder Pad 2410 Ceramic T/R CE/CSA/PSE/UL Electric Indicator, Very Fast Blow, 12A, 65VAC, 65VDC, 50A (IR), Surface Mount, NANO. Rated Current: 12.0A. Voltage: 65.0V. Material: CERAMIC. Physical Size: 6.1mm x 6.1mm."
A875,"Indicator Chip Very Fast Movement 12A 65V SMD Solder Pad 2410 Ceramic T/R CE/CSA/PSE/UL Electric Indicator, Very Fast Blow, 12A, 65VAC, 65VDC, 50A (IR), Surface Mount, NANO",VERY FAST,AUTOMOTIVE,VERY FAST,CERAMIC,NANO,Low,SURFACE MOUNT,SURFACE MOUNT,55.0,-55.0,6.1,6.1,50.0,12.0,65.0,65.0,65.0,"Industrial Part: Indicator Chip Very Fast Movement 12A 65V SMD Solder Pad 2410 Ceramic T/R CE/CSA/PSE/UL Electric Indicator, Very Fast Blow, 12A, 65VAC, 65VDC, 50A (IR), Surface Mount, NANO. Rated Current: 12.0A. Voltage: 65.0V. Material: CERAMIC. Physical Size: 6.1mm x 6.1mm."
A876,,VERY FAST,AUTOMOTIVE,UNKNOWN,CERAMIC,6.1 X 2.69mm,UNKNOWN,SURFACE MOUNT,NOT SPECIFIED,55.0,-55.0,6.1,6.1,50.0,12.0,65.0,65.0,65.0,Industrial Part: nan. Rated Current: 12.0A. Voltage: 65.0V. Material: CERAMIC. Physical Size: 6.1mm x 6.1mm.
A877,"Indicator Chip Very Fast Movement 1.5A 125V SMD Solder Pad 2410 Ceramic CE/CSA/PSE/UL Electric Indicator, Very Fast Blow, 15A, 65VAC, 65VDC, 100A (IR), Surface Mount",VERY FAST,AUTOMOTIVE,VERY FAST,CERAMIC,6.1 X 2.69mm,High,SURFACE MOUNT,SURFACE MOUNT,125.0,-55.0,6.1,6.1,100.0,15.0,65.0,65.0,1.5,"Industrial Part: Indicator Chip Very Fast Movement 1.5A 125V SMD Solder Pad 2410 Ceramic CE/CSA/PSE/UL Electric Indicator, Very Fast Blow, 15A, 65VAC, 65VDC, 100A (IR), Surface Mount. Rated Current: 15.0A. Voltage: 65.0V. Material: CERAMIC. Physical Size: 6.1mm x 6.1mm."
A878,,VERY FAST,AUTOMOTIVE,UNKNOWN,CERAMIC,6.1 X 2.69mm,UNKNOWN,SURFACE MOUNT,NOT SPECIFIED,55.0,-55.0,6.1,6.1,50.0,15.0,65.0,65.0,65.0,Industrial Part: nan. Rated Current: 15.0A. Voltage: 65.0V. Material: CERAMIC. Physical Size: 6.1mm x 6.1mm.
A879,"Indicator Chip Very Fast Movement 15A 65V SMD Solder Pad 2410 Ceramic T/R CE/CSA/PSE/UL Electric Indicator, Very Fast Blow, 1.5A, 125VAC, 125VDC, 50A (IR), Surface Mount, NANO",VERY FAST,AUTOMOTIVE,VERY FAST,CERAMIC,6.1 X 2.69mm,High,SURFACE MOUNT,SURFACE MOUNT,125.0,-55.0,6.1,6.1,50.0,15.0,65.0,125.0,15.0,"Industrial Part: Indicator Chip Very Fast Movement 15A 65V SMD Solder Pad 2410 Ceramic T/R CE/CSA/PSE/UL Electric Indicator, Very Fast Blow, 1.5A, 125VAC, 125VDC, 50A (IR), Surface Mount, NANO. Rated Current: 15.0A. Voltage: 65.0V. Material: CERAMIC. Physical Size: 6.1mm x 6.1mm."
A880,"Indicator Chip Very Fast Movement 15A 65V SMD Solder Pad 2410 Ceramic T/R CSA/PSE/UL Electric Indicator, Very Fast Blow, 1.5A, 125VAC, 125VDC, 50A (IR), Surface Mount, NANO",VERY FAST,AUTOMOTIVE,VERY FAST,CERAMIC,NANO,Low,SURFACE MOUNT,SURFACE MOUNT,125.0,-55.0,6.1,6.1,50.0,15.0,65.0,125.0,65.0,"Industrial Part: Indicator Chip Very Fast Movement 15A 65V SMD Solder Pad 2410 Ceramic T/R CSA/PSE/UL Electric Indicator, Very Fast Blow, 1.5A, 125VAC, 125VDC, 50A (IR), Surface Mount, NANO. Rated Current: 15.0A. Voltage: 65.0V. Material: CERAMIC. Physical Size: 6.1mm x 6.1mm."
A881,"Indicator Chip Very Fast Movement 1.5A 125V SMD Solder Pad 2410 Ceramic T/R CE/CSA/PSE/UL Electric Indicator, Very Fast Blow, 15A, 65VAC, 65VDC, 50A (IR), Surface Mount, NANO",VERY FAST,AUTOMOTIVE,VERY FAST,CERAMIC,6.1 X 2.69mm,High,SURFACE MOUNT,SURFACE MOUNT,125.0,-55.0,6.1,6.1,50.0,1.5,125.0,65.0,125.0,"Industrial Part: Indicator Chip Very Fast Movement 1.5A 125V SMD Solder Pad 2410 Ceramic T/R CE/CSA/PSE/UL Electric Indicator, Very Fast Blow, 15A, 65VAC, 65VDC, 50A (IR), Surface Mount, NANO. Rated Current: 1.5A. Voltage: 125.0V. Material: CERAMIC. Physical Size: 6.1mm x 6.1mm."
A882,"Indicator Chip Very Fast Movement 1.5A 125V SMD Solder Pad 2410 Ceramic T/R CE/CSA/PSE/UL Electric Indicator, Very Fast Blow, 1.5A, 125VAC, 125VDC, 50A (IR), Surface Mount, NANO",VERY FAST,AUTOMOTIVE,VERY FAST,CERAMIC,NANO,Low,SURFACE MOUNT,SURFACE MOUNT,125.0,-55.0,6.1,6.1,50.0,15.0,65.0,125.0,65.0,"Industrial Part: Indicator Chip Very Fast Movement 1.5A 125V SMD Solder Pad 2410 Ceramic T/R CE/CSA/PSE/UL Electric Indicator, Very Fast Blow, 1.5A, 125VAC, 125VDC, 50A (IR), Surface Mount, NANO. Rated Current: 15.0A. Voltage: 65.0V. Material: CERAMIC. Physical Size: 6.1mm x 6.1mm."
A883,,VERY FAST,AUTOMOTIVE,UNKNOWN,CERAMIC,6.1 X 2.69mm,UNKNOWN,SURFACE MOUNT,NOT SPECIFIED,55.0,-55.0,6.1,6.1,50.0,15.0,65.0,65.0,65.0,Industrial Part: nan. Rated Current: 15.0A. Voltage: 65.0V. Material: CERAMIC. Physical Size: 6.1mm x 6.1mm.
A884,"Indicator Chip Very Fast Movement 1.6A 125V SMD Solder Pad 2410 Ceramic CE/CSA/PSE/UL Electric Indicator, Very Fast Blow, 1.6A",VERY FAST,AUTOMOTIVE,VERY FAST,CERAMIC,6.1 X 2.69mm,High,SURFACE MOUNT,NOT SPECIFIED,125.0,-55.0,6.1,6.1,50.0,1.6,125.0,125.0,125.0,"Industrial Part: Indicator Chip Very Fast Movement 1.6A 125V SMD Solder Pad 2410 Ceramic CE/CSA/PSE/UL Electric Indicator, Very Fast Blow, 1.6A. Rated Current: 1.6A. Voltage: 125.0V. Material: CERAMIC. Physical Size: 6.1mm x 6.1mm."
A885,"Indicator Chip Very Fast Movement 1.6A 125V SMD Solder Pad 2410 Ceramic T/R CE/CSA/PSE/UL Electric Indicator, Very Fast Blow, 1.6A, 125VAC, 125VDC, 50A (IR), Surface Mount, NANO",VERY FAST,AUTOMOTIVE,VERY FAST,CERAMIC,6.1 X 2.69mm,High,SURFACE MOUNT,SURFACE MOUNT,125.0,-55.0,6.1,6.1,50.0,1.6,125.0,125.0,1.6,"Industrial Part: Indicator Chip Very Fast Movement 1.6A 125V SMD Solder Pad 2410 Ceramic T/R CE/CSA/PSE/UL Electric Indicator, Very Fast Blow, 1.6A, 125VAC, 125VDC, 50A (IR), Surface Mount, NANO. Rated Current: 1.6A. Voltage: 125.0V. Material: CERAMIC. Physical Size: 6.1mm x 6.1mm."
A886,"Indicator Chip Very Fast Movement 1.6A 125V SMD Solder Pad 2410 Ceramic T/R CE/CSA/PSE/UL Electric Indicator, Very Fast Blow, 1.6A, 125VAC, 125VDC, 50A (IR), Surface Mount, NANO",VERY FAST,AUTOMOTIVE,VERY FAST,CERAMIC,NANO,Low,SURFACE MOUNT,SURFACE MOUNT,125.0,-55.0,6.1,6.1,50.0,1.6,125.0,125.0,125.0,"Industrial Part: Indicator Chip Very Fast Movement 1.6A 125V SMD Solder Pad 2410 Ceramic T/R CE/CSA/PSE/UL Electric Indicator, Very Fast Blow, 1.6A, 125VAC, 125VDC, 50A (IR), Surface Mount, NANO. Rated Current: 1.6A. Voltage: 125.0V. Material: CERAMIC. Physical Size: 6.1mm x 6.1mm."
A887,"Indicator Chip Very Fast Movement 1.6A 125V SMD Solder Pad 2410 Ceramic T/R CE/CSA/PSE/UL Electric Indicator, Very Fast Blow, 1.6A, 125VAC, 125VDC, 50A (IR), Surface Mount, NANO",VERY FAST,AUTOMOTIVE,VERY FAST,CERAMIC,NANO,Low,SURFACE MOUNT,SURFACE MOUNT,125.0,-55.0,6.1,6.1,50.0,1.6,125.0,125.0,125.0,"Industrial Part: Indicator Chip Very Fast Movement 1.6A 125V SMD Solder Pad 2410 Ceramic T/R CE/CSA/PSE/UL Electric Indicator, Very Fast Blow, 1.6A, 125VAC, 125VDC, 50A (IR), Surface Mount, NANO. Rated Current: 1.6A. Voltage: 125.0V. Material: CERAMIC. Physical Size: 6.1mm x 6.1mm."
A888,,VERY FAST,AUTOMOTIVE,UNKNOWN,CERAMIC,6.1 X 2.69mm,UNKNOWN,SURFACE MOUNT,NOT SPECIFIED,55.0,-55.0,6.1,6.1,50.0,1.6,125.0,125.0,125.0,Industrial Part: nan. Rated Current: 1.6A. Voltage: 125.0V. Material: CERAMIC. Physical Size: 6.1mm x 6.1mm.
A889,Indicator Chip Very Fast Movement 20A 125V SMD Solder Pad 2410 Ceramic T/R Electric Indicator,VERY FAST,AUTOMOTIVE,UNKNOWN,CERAMIC,6.1 X 2.69mm,Low,SURFACE MOUNT,NOT SPECIFIED,55.0,-55.0,6.1,6.1,50.0,20.0,125.0,125.0,125.0,Industrial Part: Indicator Chip Very Fast Movement 20A 125V SMD Solder Pad 2410 Ceramic T/R Electric Indicator. Rated Current: 20.0A. Voltage: 125.0V. Material: CERAMIC. Physical Size: 6.1mm x 6.1mm.
A890,"Indicator Chip Very Fast Movement 2.5A 125V SMD Solder Pad 2410 Ceramic T/R CE/CSA/PSE/UL Electric Indicator, Very Fast Blow, 2.5A, 125VAC, 125VDC, 50A (IR), Surface Mount, NANO",VERY FAST,AUTOMOTIVE,VERY FAST,CERAMIC,6.1 X 2.69mm,High,SURFACE MOUNT,SURFACE MOUNT,125.0,-55.0,6.1,6.1,50.0,2.5,125.0,125.0,2.5,"Industrial Part: Indicator Chip Very Fast Movement 2.5A 125V SMD Solder Pad 2410 Ceramic T/R CE/CSA/PSE/UL Electric Indicator, Very Fast Blow, 2.5A, 125VAC, 125VDC, 50A (IR), Surface Mount, NANO. Rated Current: 2.5A. Voltage: 125.0V. Material: CERAMIC. Physical Size: 6.1mm x 6.1mm."
A891,"Indicator Chip Very Fast Movement 2.5A 125V SMD Solder Pad 2410 Ceramic T/R CSA/PSE/UL Electric Indicator, Very Fast Blow, 2.5A, 125VAC, 125VDC, 50A (IR), Surface Mount, NANO",VERY FAST,AUTOMOTIVE,VERY FAST,CERAMIC,NANO,Low,SURFACE MOUNT,SURFACE MOUNT,125.0,-55.0,6.1,6.1,50.0,2.5,125.0,125.0,125.0,"Industrial Part: Indicator Chip Very Fast Movement 2.5A 125V SMD Solder Pad 2410 Ceramic T/R CSA/PSE/UL Electric Indicator, Very Fast Blow, 2.5A, 125VAC, 125VDC, 50A (IR), Surface Mount, NANO. Rated Current: 2.5A. Voltage: 125.0V. Material: CERAMIC. Physical Size: 6.1mm x 6.1mm."
A892,"Indicator Chip Very Fast Movement 2.5A 125V SMD Solder Pad 2410 Ceramic T/R CE/CSA/PSE/UL Electric Indicator, Very Fast Blow, 2.5A, 125VAC, 125VDC, 50A (IR), Surface Mount, NANO",VERY FAST,AUTOMOTIVE,VERY FAST,CERAMIC,6.1 X 2.69mm,High,SURFACE MOUNT,SURFACE MOUNT,125.0,-55.0,6.1,6.1,50.0,2.5,125.0,125.0,2.5,"Industrial Part: Indicator Chip Very Fast Movement 2.5A 125V SMD Solder Pad 2410 Ceramic T/R CE/CSA/PSE/UL Electric Indicator, Very Fast Blow, 2.5A, 125VAC, 125VDC, 50A (IR), Surface Mount, NANO. Rated Current: 2.5A. Voltage: 125.0V. Material: CERAMIC. Physical Size: 6.1mm x 6.1mm."
A893,"Indicator Chip Very Fast Movement 2.5A 125V SMD Solder Pad 2410 Ceramic T/R CE/CSA/PSE/UL Electric Indicator, Very Fast Blow, 2.5A, 125VAC, 125VDC, 50A (IR), Surface Mount, NANO",VERY FAST,AUTOMOTIVE,VERY FAST,CERAMIC,NANO,Low,SURFACE MOUNT,SURFACE MOUNT,125.0,-55.0,6.1,6.1,50.0,2.5,125.0,125.0,125.0,"Industrial Part: Indicator Chip Very Fast Movement 2.5A 125V SMD Solder Pad 2410 Ceramic T/R CE/CSA/PSE/UL Electric Indicator, Very Fast Blow, 2.5A, 125VAC, 125VDC, 50A (IR), Surface Mount, NANO. Rated Current: 2.5A. Voltage: 125.0V. Material: CERAMIC. Physical Size: 6.1mm x 6.1mm."
A894,,VERY FAST,AUTOMOTIVE,UNKNOWN,CERAMIC,6.1 X 2.69mm,UNKNOWN,SURFACE MOUNT,NOT SPECIFIED,55.0,-55.0,6.1,6.1,50.0,3.5,125.0,125.0,125.0,Industrial Part: nan. Rated Current: 3.5A. Voltage: 125.0V. Material: CERAMIC. Physical Size: 6.1mm x 6.1mm.
A895,"Indicator Chip Very Fast Movement 3.5A 125V SMD Solder Pad 2410 Ceramic T/R CE/CSA/PSE/UL Electric Indicator, Very Fast Blow, 3.5A, 125VAC, 125VDC, 50A (IR), Surface Mount, NANO",VERY FAST,AUTOMOTIVE,VERY FAST,CERAMIC,6.1 X 2.69mm,High,SURFACE MOUNT,SURFACE MOUNT,125.0,-55.0,6.1,6.1,50.0,3.5,125.0,125.0,3.5,"Industrial Part: Indicator Chip Very Fast Movement 3.5A 125V SMD Solder Pad 2410 Ceramic T/R CE/CSA/PSE/UL Electric Indicator, Very Fast Blow, 3.5A, 125VAC, 125VDC, 50A (IR), Surface Mount, NANO. Rated Current: 3.5A. Voltage: 125.0V. Material: CERAMIC. Physical Size: 6.1mm x 6.1mm."
A896,"Indicator Chip Very Fast Movement 3.5A 125V SMD Solder Pad 2410 Ceramic T/R CE/CSA/PSE/UL Electric Indicator, Very Fast Blow, 3.5A, 125VAC, 125VDC, 50A (IR), Surface Mount, NANO",VERY FAST,AUTOMOTIVE,VERY FAST,CERAMIC,NANO,Low,SURFACE MOUNT,SURFACE MOUNT,125.0,-55.0,6.1,6.1,50.0,3.5,125.0,125.0,125.0,"Industrial Part: Indicator Chip Very Fast Movement 3.5A 125V SMD Solder Pad 2410 Ceramic T/R CE/CSA/PSE/UL Electric Indicator, Very Fast Blow, 3.5A, 125VAC, 125VDC, 50A (IR), Surface Mount, NANO. Rated Current: 3.5A. Voltage: 125.0V. Material: CERAMIC. Physical Size: 6.1mm x 6.1mm."
A897,"Indicator Chip Very Fast Movement 3.5A 125V SMD Solder Pad 2410 Ceramic T/R CE/CSA/PSE/UL Electric Indicator, Very Fast Blow, 3.5A, 125VAC, 125VDC, 50A (IR), Surface Mount, NANO",VERY FAST,AUTOMOTIVE,VERY FAST,CERAMIC,6.1 X 2.69mm,High,SURFACE MOUNT,SURFACE MOUNT,125.0,-55.0,6.1,6.1,50.0,3.5,125.0,125.0,3.5,"Industrial Part: Indicator Chip Very Fast Movement 3.5A 125V SMD Solder Pad 2410 Ceramic T/R CE/CSA/PSE/UL Electric Indicator, Very Fast Blow, 3.5A, 125VAC, 125VDC, 50A (IR), Surface Mount, NANO. Rated Current: 3.5A. Voltage: 125.0V. Material: CERAMIC. Physical Size: 6.1mm x 6.1mm."
A898,"Indicator Chip Very Fast Movement 3.5A 125V SMD Solder Pad 2410 Ceramic T/R CE/CSA/PSE/UL Electric Indicator, Very Fast Blow, 3.5A, 125VAC, 125VDC, 50A (IR), Surface Mount, NANO",VERY FAST,AUTOMOTIVE,VERY FAST,CERAMIC,NANO,Low,SURFACE MOUNT,SURFACE MOUNT,125.0,-55.0,6.1,6.1,50.0,3.5,125.0,125.0,125.0,"Industrial Part: Indicator Chip Very Fast Movement 3.5A 125V SMD Solder Pad 2410 Ceramic T/R CE/CSA/PSE/UL Electric Indicator, Very Fast Blow, 3.5A, 125VAC, 125VDC, 50A (IR), Surface Mount, NANO. Rated Current: 3.5A. Voltage: 125.0V. Material: CERAMIC. Physical Size: 6.1mm x 6.1mm."
A899,,VERY FAST,AUTOMOTIVE,UNKNOWN,CERAMIC,6.1 X 2.69mm,UNKNOWN,SURFACE MOUNT,NOT SPECIFIED,55.0,-55.0,6.1,6.1,50.0,3.5,125.0,125.0,125.0,Industrial Part: nan. Rated Current: 3.5A. Voltage: 125.0V. Material: CERAMIC. Physical Size: 6.1mm x 6.1mm.
A900,"Indicator Chip Very Fast Movement 0.062A 125V SMD Solder Pad 2410 Ceramic T/R CE/CSA/PSE/UL Electric Indicator, Very Fast Blow, 0.062A, 125VAC, 125VDC, 50A (IR), Surface Mount, NANO",VERY FAST,AUTOMOTIVE,VERY FAST,CERAMIC,6.1 X 2.69mm,High,SURFACE MOUNT,SURFACE MOUNT,125.0,-55.0,6.1,6.1,50.0,0.062,125.0,125.0,0.062,"Industrial Part: Indicator Chip Very Fast Movement 0.062A 125V SMD Solder Pad 2410 Ceramic T/R CE/CSA/PSE/UL Electric Indicator, Very Fast Blow, 0.062A, 125VAC, 125VDC, 50A (IR), Surface Mount, NANO. Rated Current: 0.062A. Voltage: 125.0V. Material: CERAMIC. Physical Size: 6.1mm x 6.1mm."
A901,"Indicator Chip Very Fast Movement 0.062A 125V SMD Solder Pad 2410 Ceramic T/R CE/CSA/PSE/UL Electric Indicator, Very Fast Blow, 0.062A, 125VAC, 125VDC, 50A (IR), Surface Mount, NANO",VERY FAST,AUTOMOTIVE,VERY FAST,CERAMIC,NANO,Low,SURFACE MOUNT,SURFACE MOUNT,125.0,-55.0,6.1,6.1,50.0,0.062,125.0,125.0,125.0,"Industrial Part: Indicator Chip Very Fast Movement 0.062A 125V SMD Solder Pad 2410 Ceramic T/R CE/CSA/PSE/UL Electric Indicator, Very Fast Blow, 0.062A, 125VAC, 125VDC, 50A (IR), Surface Mount, NANO. Rated Current: 0.062A. Voltage: 125.0V. Material: CERAMIC. Physical Size: 6.1mm x 6.1mm."
A902,"Indicator Chip Very Fast Movement 0.062A 125V SMD Solder Pad 2410 Ceramic T/R CE/CSA/PSE/UL Electric Indicator, Very Fast Blow, 0.062A, 125VAC, 125VDC, 50A (IR), Surface Mount, NANO",VERY FAST,AUTOMOTIVE,VERY FAST,CERAMIC,6.1 X 2.69mm,High,SURFACE MOUNT,SURFACE MOUNT,125.0,-55.0,6.1,6.1,50.0,0.062,125.0,125.0,0.062,"Industrial Part: Indicator Chip Very Fast Movement 0.062A 125V SMD Solder Pad 2410 Ceramic T/R CE/CSA/PSE/UL Electric Indicator, Very Fast Blow, 0.062A, 125VAC, 125VDC, 50A (IR), Surface Mount, NANO. Rated Current: 0.062A. Voltage: 125.0V. Material: CERAMIC. Physical Size: 6.1mm x 6.1mm."
A903,"Indicator Chip Very Fast Movement 0.062A 125V SMD Solder Pad 2410 Ceramic T/R CE/CSA/PSE/UL Electric Indicator, Very Fast Blow, 0.062A, 125VAC, 125VDC, 50A (IR), Surface Mount, NANO",VERY FAST,AUTOMOTIVE,VERY FAST,CERAMIC,NANO,Low,SURFACE MOUNT,SURFACE MOUNT,125.0,-55.0,6.1,6.1,50.0,0.062,125.0,125.0,125.0,"Industrial Part: Indicator Chip Very Fast Movement 0.062A 125V SMD Solder Pad 2410 Ceramic T/R CE/CSA/PSE/UL Electric Indicator, Very Fast Blow, 0.062A, 125VAC, 125VDC, 50A (IR), Surface Mount, NANO. Rated Current: 0.062A. Voltage: 125.0V. Material: CERAMIC. Physical Size: 6.1mm x 6.1mm."
A904,,VERY FAST,AUTOMOTIVE,UNKNOWN,CERAMIC,6.1 X 2.69mm,UNKNOWN,SURFACE MOUNT,NOT SPECIFIED,55.0,-55.0,6.1,6.1,50.0,6.3,125.0,125.0,125.0,Industrial Part: nan. Rated Current: 6.3A. Voltage: 125.0V. Material: CERAMIC. Physical Size: 6.1mm x 6.1mm.
A905,"Indicator Chip Very Fast Movement 6.3A 125V SMD Solder Pad 2410 Ceramic T/R CE/CSA/PSE/UL Electric Indicator, Very Fast Blow, 6.3A, 125VAC, 125VDC, 50A (IR), Surface Mount, NANO",VERY FAST,AUTOMOTIVE,VERY FAST,CERAMIC,6.1 X 2.69mm,High,SURFACE MOUNT,SURFACE MOUNT,125.0,-55.0,6.1,6.1,50.0,6.3,125.0,125.0,6.3,"Industrial Part: Indicator Chip Very Fast Movement 6.3A 125V SMD Solder Pad 2410 Ceramic T/R CE/CSA/PSE/UL Electric Indicator, Very Fast Blow, 6.3A, 125VAC, 125VDC, 50A (IR), Surface Mount, NANO. Rated Current: 6.3A. Voltage: 125.0V. Material: CERAMIC. Physical Size: 6.1mm x 6.1mm."
A906,"Indicator Chip Very Fast Movement 6.3A 125V SMD Solder Pad 2410 Ceramic T/R CE/CSA/PSE/UL Electric Indicator, Very Fast Blow, 6.3A, 125VAC, 125VDC, 50A (IR), Surface Mount, NANO",VERY FAST,AUTOMOTIVE,VERY FAST,CERAMIC,NANO,Low,SURFACE MOUNT,SURFACE MOUNT,125.0,-55.0,6.1,6.1,50.0,6.3,125.0,125.0,125.0,"Industrial Part: Indicator Chip Very Fast Movement 6.3A 125V SMD Solder Pad 2410 Ceramic T/R CE/CSA/PSE/UL Electric Indicator, Very Fast Blow, 6.3A, 125VAC, 125VDC, 50A (IR), Surface Mount, NANO. Rated Current: 6.3A. Voltage: 125.0V. Material: CERAMIC. Physical Size: 6.1mm x 6.1mm."
A907,"Indicator Chip Very Fast Movement 6.3A 125V SMD Solder Pad 2410 Ceramic T/R CSA/PSE/UL Electric Indicator, Very Fast Blow, 6.3A, 50A (IR), NANO",VERY FAST,AUTOMOTIVE,VERY FAST,CERAMIC,6.1 X 2.69mm,Low,SURFACE MOUNT,NOT SPECIFIED,125.0,-55.0,6.1,6.1,50.0,6.3,125.0,125.0,125.0,"Industrial Part: Indicator Chip Very Fast Movement 6.3A 125V SMD Solder Pad 2410 Ceramic T/R CSA/PSE/UL Electric Indicator, Very Fast Blow, 6.3A, 50A (IR), NANO. Rated Current: 6.3A. Voltage: 125.0V. Material: CERAMIC. Physical Size: 6.1mm x 6.1mm."
A908,"Indicator Chip Very Fast Movement 6.3A 125V SMD Solder Pad 2410 Ceramic T/R CE/CSA/PSE/UL Electric Indicator, Very Fast Blow, 6.3A, 125VAC, 125VDC, 50A (IR), Surface Mount, NANO",VERY FAST,AUTOMOTIVE,VERY FAST,CERAMIC,NANO,Low,SURFACE MOUNT,SURFACE MOUNT,125.0,-55.0,6.1,6.1,50.0,6.3,125.0,125.0,125.0,"Industrial Part: Indicator Chip Very Fast Movement 6.3A 125V SMD Solder Pad 2410 Ceramic T/R CE/CSA/PSE/UL Electric Indicator, Very Fast Blow, 6.3A, 125VAC, 125VDC, 50A (IR), Surface Mount, NANO. Rated Current: 6.3A. Voltage: 125.0V. Material: CERAMIC. Physical Size: 6.1mm x 6.1mm."
A909,,VERY FAST,AUTOMOTIVE,UNKNOWN,CERAMIC,6.1 X 2.69mm,UNKNOWN,SURFACE MOUNT,NOT SPECIFIED,55.0,-55.0,6.1,6.1,50.0,6.3,125.0,125.0,125.0,Industrial Part: nan. Rated Current: 6.3A. Voltage: 125.0V. Material: CERAMIC. Physical Size: 6.1mm x 6.1mm.
A910,"Indicator Chip Very Fast Movement 0.08A 125V SMD Solder Pad 2410 Ceramic T/R CE/CSA/PSE/UL Electric Indicator, Very Fast Blow, 0.08A, 125VAC, 125VDC, 50A (IR), Surface Mount, NANO",VERY FAST,AUTOMOTIVE,VERY FAST,CERAMIC,6.1 X 2.69mm,High,SURFACE MOUNT,SURFACE MOUNT,125.0,-55.0,6.1,6.1,50.0,0.08,125.0,125.0,0.08,"Industrial Part: Indicator Chip Very Fast Movement 0.08A 125V SMD Solder Pad 2410 Ceramic T/R CE/CSA/PSE/UL Electric Indicator, Very Fast Blow, 0.08A, 125VAC, 125VDC, 50A (IR), Surface Mount, NANO. Rated Current: 0.08A. Voltage: 125.0V. Material: CERAMIC. Physical Size: 6.1mm x 6.1mm."
A911,"Indicator Chip Very Fast Movement 0.08A 125V SMD Solder Pad 2410 Ceramic T/R CE/CSA/PSE/UL Electric Indicator, Very Fast Blow, 0.08A, 125VAC, 125VDC, 50A (IR), Surface Mount, NANO",VERY FAST,AUTOMOTIVE,VERY FAST,CERAMIC,NANO,Low,SURFACE MOUNT,SURFACE MOUNT,125.0,-55.0,6.1,6.1,50.0,0.08,125.0,125.0,125.0,"Industrial Part: Indicator Chip Very Fast Movement 0.08A 125V SMD Solder Pad 2410 Ceramic T/R CE/CSA/PSE/UL Electric Indicator, Very Fast Blow, 0.08A, 125VAC, 125VDC, 50A (IR), Surface Mount, NANO. Rated Current: 0.08A. Voltage: 125.0V. Material: CERAMIC. Physical Size: 6.1mm x 6.1mm."
A912,"Indicator Chip Very Fast Movement 0.08A 125V SMD Solder Pad 2410 Ceramic T/R CE/CSA/PSE/UL Electric Indicator, Very Fast Blow, 0.08A, 125VAC, 125VDC, 50A (IR), Surface Mount, NANO",VERY FAST,AUTOMOTIVE,VERY FAST,CERAMIC,NANO,Low,SURFACE MOUNT,SURFACE MOUNT,125.0,-55.0,6.1,6.1,50.0,0.08,125.0,125.0,125.0,"Industrial Part: Indicator Chip Very Fast Movement 0.08A 125V SMD Solder Pad 2410 Ceramic T/R CE/CSA/PSE/UL Electric Indicator, Very Fast Blow, 0.08A, 125VAC, 125VDC, 50A (IR), Surface Mount, NANO. Rated Current: 0.08A. Voltage: 125.0V. Material: CERAMIC. Physical Size: 6.1mm x 6.1mm."
A913,,VERY FAST,AUTOMOTIVE,UNKNOWN,CERAMIC,6.1 X 2.69mm,UNKNOWN,SURFACE MOUNT,NOT SPECIFIED,55.0,-55.0,6.1,6.1,50.0,0.1,125.0,125.0,125.0,Industrial Part: nan. Rated Current: 0.1A. Voltage: 125.0V. Material: CERAMIC. Physical Size: 6.1mm x 6.1mm.
A914,"Indicator Chip Very Fast Movement 0.1A 125V SMD Solder Pad 2410 Ceramic T/R CE/CSA/PSE/UL Electric Indicator, Very Fast Blow, 0.1A, 125VAC, 125VDC, 50A (IR), Surface Mount, NANO",VERY FAST,AUTOMOTIVE,VERY FAST,CERAMIC,6.1 X 2.69mm,High,SURFACE MOUNT,SURFACE MOUNT,125.0,-55.0,6.1,6.1,50.0,0.1,125.0,125.0,0.1,"Industrial Part: Indicator Chip Very Fast Movement 0.1A 125V SMD Solder Pad 2410 Ceramic T/R CE/CSA/PSE/UL Electric Indicator, Very Fast Blow, 0.1A, 125VAC, 125VDC, 50A (IR), Surface Mount, NANO. Rated Current: 0.1A. Voltage: 125.0V. Material: CERAMIC. Physical Size: 6.1mm x 6.1mm."
A915,"Indicator Chip Very Fast Movement 0.1A 125V SMD Solder Pad 2410 Ceramic T/R CE/CSA/PSE/UL Electric Indicator, Very Fast Blow, 0.1A, 125VAC, 125VDC, 50A (IR), Surface Mount, NANO",VERY FAST,AUTOMOTIVE,VERY FAST,CERAMIC,NANO,Low,SURFACE MOUNT,SURFACE MOUNT,125.0,-55.0,6.1,6.1,50.0,0.1,125.0,125.0,125.0,"Industrial Part: Indicator Chip Very Fast Movement 0.1A 125V SMD Solder Pad 2410 Ceramic T/R CE/CSA/PSE/UL Electric Indicator, Very Fast Blow, 0.1A, 125VAC, 125VDC, 50A (IR), Surface Mount, NANO. Rated Current: 0.1A. Voltage: 125.0V. Material: CERAMIC. Physical Size: 6.1mm x 6.1mm."
A916,"Indicator Chip Very Fast Movement 0.1A 125V SMD Solder Pad 2410 Ceramic T/R CE/CSA/PSE/UL Electric Indicator, Very Fast Blow, 0.1A, 125VAC, 125VDC, 50A (IR), Surface Mount, NANO",VERY FAST,AUTOMOTIVE,VERY FAST,CERAMIC,NANO,Low,SURFACE MOUNT,SURFACE MOUNT,125.0,-55.0,6.1,6.1,50.0,0.1,125.0,125.0,125.0,"Industrial Part: Indicator Chip Very Fast Movement 0.1A 125V SMD Solder Pad 2410 Ceramic T/R CE/CSA/PSE/UL Electric Indicator, Very Fast Blow, 0.1A, 125VAC, 125VDC, 50A (IR), Surface Mount, NANO. Rated Current: 0.1A. Voltage: 125.0V. Material: CERAMIC. Physical Size: 6.1mm x 6.1mm."
A917,"Indicator Chip Very Fast Movement 0.125A 125V SMD Solder Pad 2410 Ceramic T/R CE/CSA/PSE/UL Electric Indicator, Very Fast Blow, 0.125A, 125VAC, 125VDC, 50A (IR), Surface Mount, NANO",VERY FAST,AUTOMOTIVE,VERY FAST,CERAMIC,6.1 X 2.69mm,High,SURFACE MOUNT,SURFACE MOUNT,125.0,-55.0,6.1,6.1,50.0,1.25,125.0,125.0,0.125,"Industrial Part: Indicator Chip Very Fast Movement 0.125A 125V SMD Solder Pad 2410 Ceramic T/R CE/CSA/PSE/UL Electric Indicator, Very Fast Blow, 0.125A, 125VAC, 125VDC, 50A (IR), Surface Mount, NANO. Rated Current: 1.25A. Voltage: 125.0V. Material: CERAMIC. Physical Size: 6.1mm x 6.1mm."
A918,"Indicator Chip Very Fast Movement 1.25A 125V SMD Solder Pad 2410 Ceramic T/R CE/CSA/PSE/UL Electric Indicator, Very Fast Blow, 0.125A, 125VAC, 125VDC, 50A (IR), Surface Mount, NANO",VERY FAST,AUTOMOTIVE,VERY FAST,CERAMIC,NANO,Low,SURFACE MOUNT,SURFACE MOUNT,125.0,-55.0,6.1,6.1,50.0,1.25,125.0,125.0,125.0,"Industrial Part: Indicator Chip Very Fast Movement 1.25A 125V SMD Solder Pad 2410 Ceramic T/R CE/CSA/PSE/UL Electric Indicator, Very Fast Blow, 0.125A, 125VAC, 125VDC, 50A (IR), Surface Mount, NANO. Rated Current: 1.25A. Voltage: 125.0V. Material: CERAMIC. Physical Size: 6.1mm x 6.1mm."
A919,"Indicator Chip Very Fast Movement 0.125A 125V SMD Solder Pad 2410 Ceramic T/R CE/CSA/PSE/UL Electric Indicator, Very Fast Blow, 0.125A, 125VAC, 125VDC, 50A (IR), Surface Mount, NANO",VERY FAST,AUTOMOTIVE,VERY FAST,CERAMIC,6.1 X 2.69mm,High,SURFACE MOUNT,SURFACE MOUNT,125.0,-55.0,6.1,6.1,50.0,0.125,125.0,125.0,0.125,"Industrial Part: Indicator Chip Very Fast Movement 0.125A 125V SMD Solder Pad 2410 Ceramic T/R CE/CSA/PSE/UL Electric Indicator, Very Fast Blow, 0.125A, 125VAC, 125VDC, 50A (IR), Surface Mount, NANO. Rated Current: 0.125A. Voltage: 125.0V. Material: CERAMIC. Physical Size: 6.1mm x 6.1mm."
A920,"Indicator Chip Very Fast Movement 0.125A 125V SMD Solder Pad 2410 Ceramic T/R CE/CSA/PSE/UL Electric Indicator, Very Fast Blow, 0.125A, 125VAC, 125VDC, 50A (IR), Surface Mount, NANO",VERY FAST,AUTOMOTIVE,VERY FAST,CERAMIC,NANO,Low,SURFACE MOUNT,SURFACE MOUNT,125.0,-55.0,6.1,6.1,50.0,1.25,125.0,125.0,125.0,"Industrial Part: Indicator Chip Very Fast Movement 0.125A 125V SMD Solder Pad 2410 Ceramic T/R CE/CSA/PSE/UL Electric Indicator, Very Fast Blow, 0.125A, 125VAC, 125VDC, 50A (IR), Surface Mount, NANO. Rated Current: 1.25A. Voltage: 125.0V. Material: CERAMIC. Physical Size: 6.1mm x 6.1mm."
A921,,VERY FAST,AUTOMOTIVE,UNKNOWN,CERAMIC,6.1 X 2.69mm,UNKNOWN,SURFACE MOUNT,NOT SPECIFIED,55.0,-55.0,6.1,6.1,50.0,1.25,125.0,125.0,125.0,Industrial Part: nan. Rated Current: 1.25A. Voltage: 125.0V. Material: CERAMIC. Physical Size: 6.1mm x 6.1mm.
A922,,UNKNOWN,NOT SPECIFIED,VERY FAST,UNKNOWN,NOT SPECIFIED,High,UNKNOWN,NOT SPECIFIED,55.0,-55.0,6.1,8.4,50.0,0.16,125.0,0.0,0.0,Industrial Part: nan. Rated Current: 0.16A. Voltage: 125.0V. Material: UNKNOWN. Physical Size: 6.1mm x 8.4mm.
A923,,VERY FAST,AUTOMOTIVE,UNKNOWN,CERAMIC,6.1 X 2.69mm,UNKNOWN,SURFACE MOUNT,NOT SPECIFIED,55.0,-55.0,6.1,6.1,50.0,0.16,125.0,125.0,125.0,Industrial Part: nan. Rated Current: 0.16A. Voltage: 125.0V. Material: CERAMIC. Physical Size: 6.1mm x 6.1mm.
A924,"Indicator Chip Very Fast Movement 0.16A 125V SMD Solder Pad 2410 Ceramic T/R CE/CSA/PSE/UL Electric Indicator, Very Fast Blow, 0.16A, 125VAC, 125VDC, 50A (IR), Surface Mount, NANO",VERY FAST,AUTOMOTIVE,VERY FAST,CERAMIC,6.1 X 2.69mm,High,SURFACE MOUNT,SURFACE MOUNT,125.0,-55.0,6.1,6.1,50.0,0.16,125.0,125.0,0.16,"Industrial Part: Indicator Chip Very Fast Movement 0.16A 125V SMD Solder Pad 2410 Ceramic T/R CE/CSA/PSE/UL Electric Indicator, Very Fast Blow, 0.16A, 125VAC, 125VDC, 50A (IR), Surface Mount, NANO. Rated Current: 0.16A. Voltage: 125.0V. Material: CERAMIC. Physical Size: 6.1mm x 6.1mm."
A925,"Indicator Chip Very Fast Movement 0.16A 125V SMD Solder Pad 2410 Ceramic T/R CSA/PSE/UL Electric Indicator, Very Fast Blow, 0.16A, 125VAC, 125VDC, 50A (IR), Surface Mount, NANO",VERY FAST,AUTOMOTIVE,VERY FAST,CERAMIC,NANO,Low,SURFACE MOUNT,SURFACE MOUNT,125.0,-55.0,6.1,6.1,50.0,0.16,125.0,125.0,125.0,"Industrial Part: Indicator Chip Very Fast Movement 0.16A 125V SMD Solder Pad 2410 Ceramic T/R CSA/PSE/UL Electric Indicator, Very Fast Blow, 0.16A, 125VAC, 125VDC, 50A (IR), Surface Mount, NANO. Rated Current: 0.16A. Voltage: 125.0V. Material: CERAMIC. Physical Size: 6.1mm x 6.1mm."
A926,"Indicator Chip Very Fast Movement 0.16A 125V SMD Solder Pad 2410 Ceramic T/R CE/CSA/PSE/UL Electric Indicator, Very Fast Blow, 0.16A, 125VAC, 125VDC, 50A (IR), Surface Mount, NANO",VERY FAST,AUTOMOTIVE,VERY FAST,CERAMIC,6.1 X 2.69mm,High,SURFACE MOUNT,SURFACE MOUNT,125.0,-55.0,6.1,6.1,50.0,0.16,125.0,125.0,0.16,"Industrial Part: Indicator Chip Very Fast Movement 0.16A 125V SMD Solder Pad 2410 Ceramic T/R CE/CSA/PSE/UL Electric Indicator, Very Fast Blow, 0.16A, 125VAC, 125VDC, 50A (IR), Surface Mount, NANO. Rated Current: 0.16A. Voltage: 125.0V. Material: CERAMIC. Physical Size: 6.1mm x 6.1mm."
A927,"Indicator Chip Very Fast Movement 0.16A 125V SMD Solder Pad 2410 Ceramic T/R CE/CSA/PSE/UL Electric Indicator, Very Fast Blow, 0.16A, 125VAC, 125VDC, 50A (IR), Surface Mount, NANO",VERY FAST,AUTOMOTIVE,VERY FAST,CERAMIC,NANO,Low,SURFACE MOUNT,SURFACE MOUNT,125.0,-55.0,6.1,6.1,50.0,0.16,125.0,125.0,125.0,"Industrial Part: Indicator Chip Very Fast Movement 0.16A 125V SMD Solder Pad 2410 Ceramic T/R CE/CSA/PSE/UL Electric Indicator, Very Fast Blow, 0.16A, 125VAC, 125VDC, 50A (IR), Surface Mount, NANO. Rated Current: 0.16A. Voltage: 125.0V. Material: CERAMIC. Physical Size: 6.1mm x 6.1mm."
A928,"Indicator Chip Very Fast Movement 0.2A 125V SMD Solder Pad 2410 Ceramic T/R CE/CSA/PSE/UL Electric Indicator, Very Fast Blow, 0.2A, 125VAC, 125VDC, 50A (IR), Surface Mount, NANO",VERY FAST,AUTOMOTIVE,VERY FAST,CERAMIC,6.1 X 2.69mm,High,SURFACE MOUNT,SURFACE MOUNT,125.0,-55.0,6.1,6.1,50.0,0.2,125.0,125.0,0.2,"Industrial Part: Indicator Chip Very Fast Movement 0.2A 125V SMD Solder Pad 2410 Ceramic T/R CE/CSA/PSE/UL Electric Indicator, Very Fast Blow, 0.2A, 125VAC, 125VDC, 50A (IR), Surface Mount, NANO. Rated Current: 0.2A. Voltage: 125.0V. Material: CERAMIC. Physical Size: 6.1mm x 6.1mm."
A929,"Indicator Chip Very Fast Movement 0.2A 125V SMD Solder Pad 2410 Ceramic T/R CE/CSA/PSE/UL Electric Indicator, Very Fast Blow, 0.2A, 125VAC, 125VDC, 50A (IR), Surface Mount, NANO",VERY FAST,AUTOMOTIVE,VERY FAST,CERAMIC,NANO,Low,SURFACE MOUNT,SURFACE MOUNT,125.0,-55.0,6.1,6.1,50.0,0.2,125.0,125.0,125.0,"Industrial Part: Indicator Chip Very Fast Movement 0.2A 125V SMD Solder Pad 2410 Ceramic T/R CE/CSA/PSE/UL Electric Indicator, Very Fast Blow, 0.2A, 125VAC, 125VDC, 50A (IR), Surface Mount, NANO. Rated Current: 0.2A. Voltage: 125.0V. Material: CERAMIC. Physical Size: 6.1mm x 6.1mm."
A930,"Indicator Chip Very Fast Movement 0.2A 125V SMD Solder Pad 2410 Ceramic T/R CE/CSA/PSE/UL Electric Indicator, Very Fast Blow, 0.2A, 125VAC, 125VDC, 50A (IR), Surface Mount, NANO",VERY FAST,AUTOMOTIVE,VERY FAST,CERAMIC,NANO,Low,SURFACE MOUNT,SURFACE MOUNT,125.0,-55.0,6.1,6.1,50.0,0.2,125.0,125.0,125.0,"Industrial Part: Indicator Chip Very Fast Movement 0.2A 125V SMD Solder Pad 2410 Ceramic T/R CE/CSA/PSE/UL Electric Indicator, Very Fast Blow, 0.2A, 125VAC, 125VDC, 50A (IR), Surface Mount, NANO. Rated Current: 0.2A. Voltage: 125.0V. Material: CERAMIC. Physical Size: 6.1mm x 6.1mm."
A931,"Indicator Chip Very Fast Movement 0.25A 125V SMD Solder Pad 2410 Ceramic T/R CE/CSA/PSE/UL Electric Indicator, Very Fast Blow, 0.25A, 125VAC, 125VDC, 50A (IR), Surface Mount, NANO",VERY FAST,AUTOMOTIVE,VERY FAST,CERAMIC,6.1 X 2.69mm,High,SURFACE MOUNT,SURFACE MOUNT,125.0,-55.0,6.1,6.1,50.0,0.25,125.0,125.0,0.25,"Industrial Part: Indicator Chip Very Fast Movement 0.25A 125V SMD Solder Pad 2410 Ceramic T/R CE/CSA/PSE/UL Electric Indicator, Very Fast Blow, 0.25A, 125VAC, 125VDC, 50A (IR), Surface Mount, NANO. Rated Current: 0.25A. Voltage: 125.0V. Material: CERAMIC. Physical Size: 6.1mm x 6.1mm."
A932,"Indicator Chip Very Fast Movement 0.25A 125V SMD Solder Pad 2410 Ceramic T/R CE/CSA/PSE/UL Electric Indicator, Very Fast Blow, 0.25A, 125VAC, 125VDC, 50A (IR), Surface Mount, NANO",VERY FAST,AUTOMOTIVE,VERY FAST,CERAMIC,NANO,Low,SURFACE MOUNT,SURFACE MOUNT,125.0,-55.0,6.1,6.1,50.0,0.25,125.0,125.0,125.0,"Industrial Part: Indicator Chip Very Fast Movement 0.25A 125V SMD Solder Pad 2410 Ceramic T/R CE/CSA/PSE/UL Electric Indicator, Very Fast Blow, 0.25A, 125VAC, 125VDC, 50A (IR), Surface Mount, NANO. Rated Current: 0.25A. Voltage: 125.0V. Material: CERAMIC. Physical Size: 6.1mm x 6.1mm."
A933,"Indicator Chip Very Fast Movement 0.25A 125V SMD Solder Pad 2410 Ceramic T/R CE/CSA/PSE/UL Electric Indicator, Very Fast Blow, 0.25A, 125VAC, 125VDC, 50A (IR), Surface Mount, NANO",VERY FAST,AUTOMOTIVE,VERY FAST,CERAMIC,6.1 X 2.69mm,High,SURFACE MOUNT,SURFACE MOUNT,125.0,-55.0,6.1,6.1,50.0,0.25,125.0,125.0,0.25,"Industrial Part: Indicator Chip Very Fast Movement 0.25A 125V SMD Solder Pad 2410 Ceramic T/R CE/CSA/PSE/UL Electric Indicator, Very Fast Blow, 0.25A, 125VAC, 125VDC, 50A (IR), Surface Mount, NANO. Rated Current: 0.25A. Voltage: 125.0V. Material: CERAMIC. Physical Size: 6.1mm x 6.1mm."
A934,"Indicator Chip Very Fast Movement 0.25A 125V SMD Solder Pad 2410 Ceramic T/R CE/CSA/PSE/UL Electric Indicator, Very Fast Blow, 0.25A, 125VAC, 125VDC, 50A (IR), Surface Mount, NANO",VERY FAST,AUTOMOTIVE,VERY FAST,CERAMIC,NANO,Low,SURFACE MOUNT,SURFACE MOUNT,125.0,-55.0,6.1,6.1,50.0,0.25,125.0,125.0,125.0,"Industrial Part: Indicator Chip Very Fast Movement 0.25A 125V SMD Solder Pad 2410 Ceramic T/R CE/CSA/PSE/UL Electric Indicator, Very Fast Blow, 0.25A, 125VAC, 125VDC, 50A (IR), Surface Mount, NANO. Rated Current: 0.25A. Voltage: 125.0V. Material: CERAMIC. Physical Size: 6.1mm x 6.1mm."
A935,,VERY FAST,AUTOMOTIVE,UNKNOWN,CERAMIC,6.1 X 2.69mm,UNKNOWN,SURFACE MOUNT,NOT SPECIFIED,55.0,-55.0,6.1,6.1,50.0,0.25,125.0,125.0,125.0,Industrial Part: nan. Rated Current: 0.25A. Voltage: 125.0V. Material: CERAMIC. Physical Size: 6.1mm x 6.1mm.
A936,,VERY FAST,AUTOMOTIVE,UNKNOWN,CERAMIC,6.1 X 2.69mm,UNKNOWN,SURFACE MOUNT,NOT SPECIFIED,55.0,-55.0,6.1,6.1,50.0,0.315,125.0,125.0,125.0,Industrial Part: nan. Rated Current: 0.315A. Voltage: 125.0V. Material: CERAMIC. Physical Size: 6.1mm x 6.1mm.
A937,"Indicator Chip Very Fast Movement 0.315A 125V SMD Solder Pad 2410 Ceramic T/R CE/CSA/PSE/UL Electric Indicator, Very Fast Blow, 0.315A, 125VAC, 125VDC, 50A (IR), Surface Mount, NANO",VERY FAST,AUTOMOTIVE,VERY FAST,CERAMIC,6.1 X 2.69mm,High,SURFACE MOUNT,SURFACE MOUNT,125.0,-55.0,6.1,6.1,50.0,3.15,125.0,125.0,0.315,"Industrial Part: Indicator Chip Very Fast Movement 0.315A 125V SMD Solder Pad 2410 Ceramic T/R CE/CSA/PSE/UL Electric Indicator, Very Fast Blow, 0.315A, 125VAC, 125VDC, 50A (IR), Surface Mount, NANO. Rated Current: 3.15A. Voltage: 125.0V. Material: CERAMIC. Physical Size: 6.1mm x 6.1mm."
A938,"Indicator Chip Very Fast Movement 3.15A 125V SMD Solder Pad 2410 Ceramic T/R CE/CSA/PSE/UL Electric Indicator, Very Fast Blow, 0.315A, 125VAC, 125VDC, 50A (IR), Surface Mount, NANO",VERY FAST,AUTOMOTIVE,VERY FAST,CERAMIC,NANO,Low,SURFACE MOUNT,SURFACE MOUNT,125.0,-55.0,6.1,6.1,50.0,3.15,125.0,125.0,125.0,"Industrial Part: Indicator Chip Very Fast Movement 3.15A 125V SMD Solder Pad 2410 Ceramic T/R CE/CSA/PSE/UL Electric Indicator, Very Fast Blow, 0.315A, 125VAC, 125VDC, 50A (IR), Surface Mount, NANO. Rated Current: 3.15A. Voltage: 125.0V. Material: CERAMIC. Physical Size: 6.1mm x 6.1mm."
A939,"Indicator Chip Very Fast Movement 0.315A 125V SMD Solder Pad 2410 Ceramic T/R CE/CSA/PSE/UL Electric Indicator, Very Fast Blow, 0.315A, 125VAC, 125VDC, 50A (IR), Surface Mount, NANO",VERY FAST,AUTOMOTIVE,VERY FAST,CERAMIC,NANO,Low,SURFACE MOUNT,SURFACE MOUNT,125.0,-55.0,6.1,6.1,50.0,3.15,125.0,125.0,125.0,"Industrial Part: Indicator Chip Very Fast Movement 0.315A 125V SMD Solder Pad 2410 Ceramic T/R CE/CSA/PSE/UL Electric Indicator, Very Fast Blow, 0.315A, 125VAC, 125VDC, 50A (IR), Surface Mount, NANO. Rated Current: 3.15A. Voltage: 125.0V. Material: CERAMIC. Physical Size: 6.1mm x 6.1mm."
A940,,VERY FAST,AUTOMOTIVE,UNKNOWN,CERAMIC,6.1 X 2.69mm,UNKNOWN,SURFACE MOUNT,NOT SPECIFIED,55.0,-55.0,6.1,6.1,50.0,3.15,125.0,125.0,125.0,Industrial Part: nan. Rated Current: 3.15A. Voltage: 125.0V. Material: CERAMIC. Physical Size: 6.1mm x 6.1mm.
A941,,VERY FAST,AUTOMOTIVE,UNKNOWN,CERAMIC,6.1 X 2.69mm,UNKNOWN,SURFACE MOUNT,NOT SPECIFIED,55.0,-55.0,6.1,6.1,50.0,0.375,125.0,125.0,125.0,Industrial Part: nan. Rated Current: 0.375A. Voltage: 125.0V. Material: CERAMIC. Physical Size: 6.1mm x 6.1mm.
A942,"Indicator Chip Very Fast Movement 0.375A 125V SMD Solder Pad 2410 Ceramic T/R CE/CSA/PSE/UL Electric Indicator, Very Fast Blow, 0.375A, 125VAC, 125VDC, 50A (IR), Surface Mount, NANO",VERY FAST,AUTOMOTIVE,VERY FAST,CERAMIC,6.1 X 2.69mm,High,SURFACE MOUNT,SURFACE MOUNT,125.0,-55.0,6.1,6.1,50.0,0.375,125.0,125.0,0.375,"Industrial Part: Indicator Chip Very Fast Movement 0.375A 125V SMD Solder Pad 2410 Ceramic T/R CE/CSA/PSE/UL Electric Indicator, Very Fast Blow, 0.375A, 125VAC, 125VDC, 50A (IR), Surface Mount, NANO. Rated Current: 0.375A. Voltage: 125.0V. Material: CERAMIC. Physical Size: 6.1mm x 6.1mm."
A943,"Indicator Chip Very Fast Movement 0.375A 125V SMD Solder Pad 2410 Ceramic T/R CE/CSA/PSE/UL Electric Indicator, Very Fast Blow, 0.375A, 125VAC, 125VDC, 50A (IR), Surface Mount, NANO",VERY FAST,AUTOMOTIVE,VERY FAST,CERAMIC,NANO,Low,SURFACE MOUNT,SURFACE MOUNT,125.0,-55.0,6.1,6.1,50.0,0.375,125.0,125.0,125.0,"Industrial Part: Indicator Chip Very Fast Movement 0.375A 125V SMD Solder Pad 2410 Ceramic T/R CE/CSA/PSE/UL Electric Indicator, Very Fast Blow, 0.375A, 125VAC, 125VDC, 50A (IR), Surface Mount, NANO. Rated Current: 0.375A. Voltage: 125.0V. Material: CERAMIC. Physical Size: 6.1mm x 6.1mm."
A944,"Indicator Chip Very Fast Movement 0.375A 125V SMD Solder Pad 2410 Ceramic T/R CE/CSA/PSE/UL Electric Indicator, Very Fast Blow, 0.375A, 125VAC, 125VDC, 50A (IR), Surface Mount, NANO",VERY FAST,AUTOMOTIVE,VERY FAST,CERAMIC,6.1 X 2.69mm,High,SURFACE MOUNT,SURFACE MOUNT,125.0,-55.0,6.1,6.1,50.0,0.375,125.0,125.0,0.375,"Industrial Part: Indicator Chip Very Fast Movement 0.375A 125V SMD Solder Pad 2410 Ceramic T/R CE/CSA/PSE/UL Electric Indicator, Very Fast Blow, 0.375A, 125VAC, 125VDC, 50A (IR), Surface Mount, NANO. Rated Current: 0.375A. Voltage: 125.0V. Material: CERAMIC. Physical Size: 6.1mm x 6.1mm."
A945,"Indicator Chip Very Fast Movement 0.375A 125V SMD Solder Pad 2410 Ceramic T/R CE/CSA/PSE/UL Electric Indicator, Very Fast Blow, 0.375A, 125VAC, 125VDC, 50A (IR), Surface Mount, NANO",VERY FAST,AUTOMOTIVE,VERY FAST,CERAMIC,NANO,Low,SURFACE MOUNT,SURFACE MOUNT,125.0,-55.0,6.1,6.1,50.0,0.375,125.0,125.0,125.0,"Industrial Part: Indicator Chip Very Fast Movement 0.375A 125V SMD Solder Pad 2410 Ceramic T/R CE/CSA/PSE/UL Electric Indicator, Very Fast Blow, 0.375A, 125VAC, 125VDC, 50A (IR), Surface Mount, NANO. Rated Current: 0.375A. Voltage: 125.0V. Material: CERAMIC. Physical Size: 6.1mm x 6.1mm."
A946,"Indicator Chip Very Fast Movement 0.4A 125V SMD Solder Pad 2410 Ceramic T/R CE/CSA/PSE/UL Electric Indicator, Very Fast Blow, 0.4A, 125VAC, 125VDC, 50A (IR), Surface Mount, NANO",VERY FAST,AUTOMOTIVE,VERY FAST,CERAMIC,6.1 X 2.69mm,High,SURFACE MOUNT,SURFACE MOUNT,125.0,-55.0,6.1,6.1,50.0,0.4,125.0,125.0,0.4,"Industrial Part: Indicator Chip Very Fast Movement 0.4A 125V SMD Solder Pad 2410 Ceramic T/R CE/CSA/PSE/UL Electric Indicator, Very Fast Blow, 0.4A, 125VAC, 125VDC, 50A (IR), Surface Mount, NANO. Rated Current: 0.4A. Voltage: 125.0V. Material: CERAMIC. Physical Size: 6.1mm x 6.1mm."
A947,"Indicator Chip Very Fast Movement 0.4A 125V SMD Solder Pad 2410 Ceramic T/R CE/CSA/PSE/UL Electric Indicator, Very Fast Blow, 0.4A, 125VAC, 125VDC, 50A (IR), Surface Mount, NANO",VERY FAST,AUTOMOTIVE,VERY FAST,CERAMIC,NANO,Low,SURFACE MOUNT,SURFACE MOUNT,125.0,-55.0,6.1,6.1,50.0,0.4,125.0,125.0,125.0,"Industrial Part: Indicator Chip Very Fast Movement 0.4A 125V SMD Solder Pad 2410 Ceramic T/R CE/CSA/PSE/UL Electric Indicator, Very Fast Blow, 0.4A, 125VAC, 125VDC, 50A (IR), Surface Mount, NANO. Rated Current: 0.4A. Voltage: 125.0V. Material: CERAMIC. Physical Size: 6.1mm x 6.1mm."
A948,"Indicator Chip Very Fast Movement 0.4A 125V SMD Solder Pad 2410 Ceramic T/R CE/CSA/PSE/UL Electric Indicator, Very Fast Blow, 0.4A, 125VAC, 125VDC, 50A (IR), Surface Mount, NANO",VERY FAST,AUTOMOTIVE,VERY FAST,CERAMIC,NANO,Low,SURFACE MOUNT,SURFACE MOUNT,125.0,-55.0,6.1,6.1,50.0,0.4,125.0,125.0,125.0,"Industrial Part: Indicator Chip Very Fast Movement 0.4A 125V SMD Solder Pad 2410 Ceramic T/R CE/CSA/PSE/UL Electric Indicator, Very Fast Blow, 0.4A, 125VAC, 125VDC, 50A (IR), Surface Mount, NANO. Rated Current: 0.4A. Voltage: 125.0V. Material: CERAMIC. Physical Size: 6.1mm x 6.1mm."
A949,"Indicator Chip Very Fast Movement 0.5A 125V SMD Solder Pad 2410 Ceramic T/R CE/CSA/PSE/UL Electric Indicator, Very Fast Blow, 0.5A, 125VAC, 125VDC, 50A (IR), Surface Mount, NANO",VERY FAST,AUTOMOTIVE,VERY FAST,CERAMIC,6.1 X 2.69mm,High,SURFACE MOUNT,SURFACE MOUNT,125.0,-55.0,6.1,6.1,50.0,0.5,125.0,125.0,0.5,"Industrial Part: Indicator Chip Very Fast Movement 0.5A 125V SMD Solder Pad 2410 Ceramic T/R CE/CSA/PSE/UL Electric Indicator, Very Fast Blow, 0.5A, 125VAC, 125VDC, 50A (IR), Surface Mount, NANO. Rated Current: 0.5A. Voltage: 125.0V. Material: CERAMIC. Physical Size: 6.1mm x 6.1mm."
A950,"Indicator Chip Very Fast Movement 0.5A 125V SMD Solder Pad 2410 Ceramic T/R CE/CSA/PSE/UL Electric Indicator, Very Fast Blow, 0.5A, 125VAC, 125VDC, 50A (IR), Surface Mount, NANO",VERY FAST,AUTOMOTIVE,VERY FAST,CERAMIC,NANO,Low,SURFACE MOUNT,SURFACE MOUNT,125.0,-55.0,6.1,6.1,50.0,0.5,125.0,125.0,125.0,"Industrial Part: Indicator Chip Very Fast Movement 0.5A 125V SMD Solder Pad 2410 Ceramic T/R CE/CSA/PSE/UL Electric Indicator, Very Fast Blow, 0.5A, 125VAC, 125VDC, 50A (IR), Surface Mount, NANO. Rated Current: 0.5A. Voltage: 125.0V. Material: CERAMIC. Physical Size: 6.1mm x 6.1mm."
A951,"Indicator Chip Very Fast Movement 0.5A 125V SMD Solder Pad 2410 Ceramic T/R CE/CSA/PSE/UL Electric Indicator, Very Fast Blow, 0.5A, 125VAC, 125VDC, 50A (IR), Surface Mount, NANO",VERY FAST,AUTOMOTIVE,VERY FAST,CERAMIC,6.1 X 2.69mm,High,SURFACE MOUNT,SURFACE MOUNT,125.0,-55.0,6.1,6.1,50.0,0.5,125.0,125.0,0.5,"Industrial Part: Indicator Chip Very Fast Movement 0.5A 125V SMD Solder Pad 2410 Ceramic T/R CE/CSA/PSE/UL Electric Indicator, Very Fast Blow, 0.5A, 125VAC, 125VDC, 50A (IR), Surface Mount, NANO. Rated Current: 0.5A. Voltage: 125.0V. Material: CERAMIC. Physical Size: 6.1mm x 6.1mm."
A952,"Indicator Chip Very Fast Movement 0.5A 125V SMD Solder Pad 2410 Ceramic T/R CE/CSA/PSE/UL Electric Indicator, Very Fast Blow, 0.5A, 125VAC, 125VDC, 50A (IR), Surface Mount, NANO",VERY FAST,AUTOMOTIVE,VERY FAST,CERAMIC,NANO,Low,SURFACE MOUNT,SURFACE MOUNT,125.0,-55.0,6.1,6.1,50.0,0.5,125.0,125.0,125.0,"Industrial Part: Indicator Chip Very Fast Movement 0.5A 125V SMD Solder Pad 2410 Ceramic T/R CE/CSA/PSE/UL Electric Indicator, Very Fast Blow, 0.5A, 125VAC, 125VDC, 50A (IR), Surface Mount, NANO. Rated Current: 0.5A. Voltage: 125.0V. Material: CERAMIC. Physical Size: 6.1mm x 6.1mm."
A953,,VERY FAST,AUTOMOTIVE,UNKNOWN,CERAMIC,6.1 X 2.69mm,UNKNOWN,SURFACE MOUNT,NOT SPECIFIED,55.0,-55.0,6.1,6.1,50.0,0.5,125.0,125.0,125.0,Industrial Part: nan. Rated Current: 0.5A. Voltage: 125.0V. Material: CERAMIC. Physical Size: 6.1mm x 6.1mm.
A954,"Indicator Chip Very Fast Movement 0.63A 125V SMD Solder Pad 2410 Ceramic T/R CE/CSA/PSE/UL Electric Indicator, Very Fast Blow, 0.63A, 125VAC, 125VDC, 50A (IR), Surface Mount, NANO",VERY FAST,AUTOMOTIVE,VERY FAST,CERAMIC,6.1 X 2.69mm,High,SURFACE MOUNT,SURFACE MOUNT,125.0,-55.0,6.1,6.1,50.0,0.63,125.0,125.0,0.63,"Industrial Part: Indicator Chip Very Fast Movement 0.63A 125V SMD Solder Pad 2410 Ceramic T/R CE/CSA/PSE/UL Electric Indicator, Very Fast Blow, 0.63A, 125VAC, 125VDC, 50A (IR), Surface Mount, NANO. Rated Current: 0.63A. Voltage: 125.0V. Material: CERAMIC. Physical Size: 6.1mm x 6.1mm."
A955,"Indicator Chip Very Fast Movement 0.63A 125V SMD Solder Pad 2410 Ceramic T/R CE/CSA/PSE/UL Electric Indicator, Very Fast Blow, 0.63A, 125VAC, 125VDC, 50A (IR), Surface Mount, NANO",VERY FAST,AUTOMOTIVE,VERY FAST,CERAMIC,NANO,Low,SURFACE MOUNT,SURFACE MOUNT,125.0,-55.0,6.1,6.1,50.0,0.63,125.0,125.0,125.0,"Industrial Part: Indicator Chip Very Fast Movement 0.63A 125V SMD Solder Pad 2410 Ceramic T/R CE/CSA/PSE/UL Electric Indicator, Very Fast Blow, 0.63A, 125VAC, 125VDC, 50A (IR), Surface Mount, NANO. Rated Current: 0.63A. Voltage: 125.0V. Material: CERAMIC. Physical Size: 6.1mm x 6.1mm."
A956,"Indicator Chip Very Fast Movement 0.63A 125V SMD Solder Pad 2410 Ceramic T/R CE/CSA/PSE/UL Electric Indicator, Very Fast Blow, 0.63A, 125VAC, 125VDC, 50A (IR), Surface Mount, NANO",VERY FAST,AUTOMOTIVE,VERY FAST,CERAMIC,NANO,Low,SURFACE MOUNT,SURFACE MOUNT,125.0,-55.0,6.1,6.1,50.0,0.63,125.0,125.0,125.0,"Industrial Part: Indicator Chip Very Fast Movement 0.63A 125V SMD Solder Pad 2410 Ceramic T/R CE/CSA/PSE/UL Electric Indicator, Very Fast Blow, 0.63A, 125VAC, 125VDC, 50A (IR), Surface Mount, NANO. Rated Current: 0.63A. Voltage: 125.0V. Material: CERAMIC. Physical Size: 6.1mm x 6.1mm."
A957,,VERY FAST,AUTOMOTIVE,UNKNOWN,CERAMIC,6.1 X 2.69mm,UNKNOWN,SURFACE MOUNT,NOT SPECIFIED,55.0,-55.0,6.1,6.1,50.0,0.75,125.0,125.0,125.0,Industrial Part: nan. Rated Current: 0.75A. Voltage: 125.0V. Material: CERAMIC. Physical Size: 6.1mm x 6.1mm.
A958,"Indicator Chip Very Fast Movement 0.75A 125V SMD Solder Pad 2410 Ceramic T/R CE/CSA/PSE/UL Electric Indicator, Very Fast Blow, 0.75A, 125VAC, 125VDC, 50A (IR), Surface Mount, NANO",VERY FAST,AUTOMOTIVE,VERY FAST,CERAMIC,6.1 X 2.69mm,High,SURFACE MOUNT,SURFACE MOUNT,125.0,-55.0,6.1,6.1,50.0,0.75,125.0,125.0,0.75,"Industrial Part: Indicator Chip Very Fast Movement 0.75A 125V SMD Solder Pad 2410 Ceramic T/R CE/CSA/PSE/UL Electric Indicator, Very Fast Blow, 0.75A, 125VAC, 125VDC, 50A (IR), Surface Mount, NANO. Rated Current: 0.75A. Voltage: 125.0V. Material: CERAMIC. Physical Size: 6.1mm x 6.1mm."
A959,"Indicator Chip Very Fast Movement 0.75A 125V SMD Solder Pad 2410 Ceramic T/R CE/CSA/PSE/UL Electric Indicator, Very Fast Blow, 0.75A, 125VAC, 125VDC, 50A (IR), Surface Mount, NANO",VERY FAST,AUTOMOTIVE,VERY FAST,CERAMIC,NANO,Low,SURFACE MOUNT,SURFACE MOUNT,125.0,-55.0,6.1,6.1,50.0,0.75,125.0,125.0,125.0,"Industrial Part: Indicator Chip Very Fast Movement 0.75A 125V SMD Solder Pad 2410 Ceramic T/R CE/CSA/PSE/UL Electric Indicator, Very Fast Blow, 0.75A, 125VAC, 125VDC, 50A (IR), Surface Mount, NANO. Rated Current: 0.75A. Voltage: 125.0V. Material: CERAMIC. Physical Size: 6.1mm x 6.1mm."
A960,"Indicator Chip Very Fast Movement 0.75A 125V SMD Solder Pad 2410 Ceramic T/R CE/CSA/PSE/UL Electric Indicator, Very Fast Blow, 0.75A, 125VAC, 125VDC, 50A (IR), Surface Mount, NANO",VERY FAST,AUTOMOTIVE,VERY FAST,CERAMIC,6.1 X 2.69mm,High,SURFACE MOUNT,SURFACE MOUNT,125.0,-55.0,6.1,6.1,50.0,0.75,125.0,125.0,0.75,"Industrial Part: Indicator Chip Very Fast Movement 0.75A 125V SMD Solder Pad 2410 Ceramic T/R CE/CSA/PSE/UL Electric Indicator, Very Fast Blow, 0.75A, 125VAC, 125VDC, 50A (IR), Surface Mount, NANO. Rated Current: 0.75A. Voltage: 125.0V. Material: CERAMIC. Physical Size: 6.1mm x 6.1mm."
A961,"Indicator Chip Very Fast Movement 0.75A 125V SMD Solder Pad 2410 Ceramic T/R CE/CSA/PSE/UL Electric Indicator, Very Fast Blow, 0.75A, 125VAC, 125VDC, 50A (IR), Surface Mount, NANO",VERY FAST,AUTOMOTIVE,VERY FAST,CERAMIC,NANO,Low,SURFACE MOUNT,SURFACE MOUNT,125.0,-55.0,6.1,6.1,50.0,0.75,125.0,125.0,125.0,"Industrial Part: Indicator Chip Very Fast Movement 0.75A 125V SMD Solder Pad 2410 Ceramic T/R CE/CSA/PSE/UL Electric Indicator, Very Fast Blow, 0.75A, 125VAC, 125VDC, 50A (IR), Surface Mount, NANO. Rated Current: 0.75A. Voltage: 125.0V. Material: CERAMIC. Physical Size: 6.1mm x 6.1mm."
A962,"Indicator Chip Very Fast Movement 0.8A 125V SMD Solder Pad 2410 Ceramic T/R CE/CSA/PSE/UL Electric Indicator, Very Fast Blow, 0.8A, 125VAC, 125VDC, 50A (IR), Surface Mount, NANO",VERY FAST,AUTOMOTIVE,VERY FAST,CERAMIC,6.1 X 2.69mm,High,SURFACE MOUNT,SURFACE MOUNT,125.0,-55.0,6.1,6.1,50.0,0.8,125.0,125.0,0.8,"Industrial Part: Indicator Chip Very Fast Movement 0.8A 125V SMD Solder Pad 2410 Ceramic T/R CE/CSA/PSE/UL Electric Indicator, Very Fast Blow, 0.8A, 125VAC, 125VDC, 50A (IR), Surface Mount, NANO. Rated Current: 0.8A. Voltage: 125.0V. Material: CERAMIC. Physical Size: 6.1mm x 6.1mm."
A963,"Indicator Chip Very Fast Movement 0.8A 125V SMD Solder Pad 2410 Ceramic T/R CE/CSA/PSE/UL Electric Indicator, Very Fast Blow, 0.8A, 125VAC, 125VDC, 50A (IR), Surface Mount, NANO",VERY FAST,AUTOMOTIVE,VERY FAST,CERAMIC,NANO,Low,SURFACE MOUNT,SURFACE MOUNT,125.0,-55.0,6.1,6.1,50.0,0.8,125.0,125.0,125.0,"Industrial Part: Indicator Chip Very Fast Movement 0.8A 125V SMD Solder Pad 2410 Ceramic T/R CE/CSA/PSE/UL Electric Indicator, Very Fast Blow, 0.8A, 125VAC, 125VDC, 50A (IR), Surface Mount, NANO. Rated Current: 0.8A. Voltage: 125.0V. Material: CERAMIC. Physical Size: 6.1mm x 6.1mm."
A964,"Indicator Chip Very Fast Movement 0.8A 125V SMD Solder Pad 2410 Ceramic T/R CE/CSA/PSE/UL Electric Indicator, Very Fast Blow, 0.8A, 125VAC, 125VDC, 50A (IR), Surface Mount, NANO",VERY FAST,AUTOMOTIVE,VERY FAST,CERAMIC,NANO,Low,SURFACE MOUNT,SURFACE MOUNT,125.0,-55.0,6.1,6.1,50.0,0.8,125.0,125.0,125.0,"Industrial Part: Indicator Chip Very Fast Movement 0.8A 125V SMD Solder Pad 2410 Ceramic T/R CE/CSA/PSE/UL Electric Indicator, Very Fast Blow, 0.8A, 125VAC, 125VDC, 50A (IR), Surface Mount, NANO. Rated Current: 0.8A. Voltage: 125.0V. Material: CERAMIC. Physical Size: 6.1mm x 6.1mm."
A965,"Indicator Chip Slow Blow Movement 1A 125V SMD Solder Pad 2410 Ceramic CSA/PSE/UL Electric Indicator, Fast Blow, 1A, 125VAC, 125VDC, 50A (IR), Surface Mount",SLOW,AUTOMOTIVE,FAST,CERAMIC,6.1 X 2.69mm,Low,SURFACE MOUNT,SURFACE MOUNT,125.0,-55.0,6.1,6.1,50.0,1.0,125.0,125.0,125.0,"Industrial Part: Indicator Chip Slow Blow Movement 1A 125V SMD Solder Pad 2410 Ceramic CSA/PSE/UL Electric Indicator, Fast Blow, 1A, 125VAC, 125VDC, 50A (IR), Surface Mount. Rated Current: 1.0A. Voltage: 125.0V. Material: CERAMIC. Physical Size: 6.1mm x 6.1mm."
A966,,SLOW,AUTOMOTIVE,UNKNOWN,CERAMIC,6.1 X 2.69mm,UNKNOWN,SURFACE MOUNT,NOT SPECIFIED,55.0,-55.0,6.1,6.1,50.0,1.0,125.0,125.0,125.0,Industrial Part: nan. Rated Current: 1.0A. Voltage: 125.0V. Material: CERAMIC. Physical Size: 6.1mm x 6.1mm.
A967,"Indicator Chip Slow Blow Movement 1A 125V SMD Solder Pad 2410 Ceramic T/R CSA/PSE/UL Electric Indicator, Time Lag Blow, 1A, 125VAC, 125VDC, 50A (IR), Surface Mount, NANO",SLOW,AUTOMOTIVE,SLOW,CERAMIC,6.1 X 2.69mm,High,SURFACE MOUNT,SURFACE MOUNT,125.0,-55.0,6.1,6.1,50.0,1.0,125.0,125.0,125.0,"Industrial Part: Indicator Chip Slow Blow Movement 1A 125V SMD Solder Pad 2410 Ceramic T/R CSA/PSE/UL Electric Indicator, Time Lag Blow, 1A, 125VAC, 125VDC, 50A (IR), Surface Mount, NANO. Rated Current: 1.0A. Voltage: 125.0V. Material: CERAMIC. Physical Size: 6.1mm x 6.1mm."
A968,"Indicator Chip Slow Blow Movement 1A 125V SMD Solder Pad 2410 Ceramic T/R CSA/PSE/UL Electric Indicator, Slow Blow, 1A, 125VAC, 125VDC, 50A (IR), Surface Mount, NANO",SLOW,AUTOMOTIVE,SLOW,CERAMIC,6.1 X 2.69mm,Low,SURFACE MOUNT,SURFACE MOUNT,125.0,-55.0,6.1,6.1,50.0,1.0,125.0,125.0,125.0,"Industrial Part: Indicator Chip Slow Blow Movement 1A 125V SMD Solder Pad 2410 Ceramic T/R CSA/PSE/UL Electric Indicator, Slow Blow, 1A, 125VAC, 125VDC, 50A (IR), Surface Mount, NANO. Rated Current: 1.0A. Voltage: 125.0V. Material: CERAMIC. Physical Size: 6.1mm x 6.1mm."
A969,Indicator Chip Slow Blow Movement 0.1A 125V SMD Solder Pad 2410 Ceramic T/R CSA Electric Indicator,SLOW,AUTOMOTIVE,UNKNOWN,CERAMIC,6.1 X 2.69mm,Low,SURFACE MOUNT,NOT SPECIFIED,55.0,-55.0,6.1,6.1,50.0,0.1,125.0,125.0,125.0,Industrial Part: Indicator Chip Slow Blow Movement 0.1A 125V SMD Solder Pad 2410 Ceramic T/R CSA Electric Indicator. Rated Current: 0.1A. Voltage: 125.0V. Material: CERAMIC. Physical Size: 6.1mm x 6.1mm.
A970,"Indicator Chip Slow Blow Movement 1A 125V SMD Solder Pad 2410 Ceramic T/R CSA/PSE/UL Electric Indicator, Slow Blow, 1A, 125VAC, 125VDC, 50A (IR), Surface Mount, NANO",SLOW,AUTOMOTIVE,SLOW,CERAMIC,6.1 X 2.69mm,Low,SURFACE MOUNT,SURFACE MOUNT,125.0,-55.0,6.1,6.1,50.0,1.0,125.0,125.0,125.0,"Industrial Part: Indicator Chip Slow Blow Movement 1A 125V SMD Solder Pad 2410 Ceramic T/R CSA/PSE/UL Electric Indicator, Slow Blow, 1A, 125VAC, 125VDC, 50A (IR), Surface Mount, NANO. Rated Current: 1.0A. Voltage: 125.0V. Material: CERAMIC. Physical Size: 6.1mm x 6.1mm."
A971,"Indicator Chip Slow Blow Movement 2A 125V SMD Solder Pad 2410 Ceramic T/R CSA/PSE/UL Electric Indicator, Time Lag Blow, 2A, 125VAC, 125VDC, 50A (IR), Surface Mount, NANO",SLOW,AUTOMOTIVE,SLOW,CERAMIC,6.1 X 2.69mm,High,SURFACE MOUNT,SURFACE MOUNT,125.0,-55.0,6.1,6.1,50.0,2.0,125.0,125.0,125.0,"Industrial Part: Indicator Chip Slow Blow Movement 2A 125V SMD Solder Pad 2410 Ceramic T/R CSA/PSE/UL Electric Indicator, Time Lag Blow, 2A, 125VAC, 125VDC, 50A (IR), Surface Mount, NANO. Rated Current: 2.0A. Voltage: 125.0V. Material: CERAMIC. Physical Size: 6.1mm x 6.1mm."
A972,"Indicator Chip Slow Blow Movement 2A 125V SMD Solder Pad 2410 Ceramic T/R CSA/PSE/UL Electric Indicator, Slow Blow, 2A, 125VAC, 125VDC, 50A (IR), Surface Mount, NANO",SLOW,AUTOMOTIVE,SLOW,CERAMIC,6.1 X 2.69mm,Low,SURFACE MOUNT,SURFACE MOUNT,125.0,-55.0,6.1,6.1,50.0,2.0,125.0,125.0,125.0,"Industrial Part: Indicator Chip Slow Blow Movement 2A 125V SMD Solder Pad 2410 Ceramic T/R CSA/PSE/UL Electric Indicator, Slow Blow, 2A, 125VAC, 125VDC, 50A (IR), Surface Mount, NANO. Rated Current: 2.0A. Voltage: 125.0V. Material: CERAMIC. Physical Size: 6.1mm x 6.1mm."
A973,Indicator Chip Slow Blow Movement 2A 125V SMD Solder Pad 2410 Ceramic T/R CSA/PSE/UL Electric Indicator,SLOW,AUTOMOTIVE,UNKNOWN,CERAMIC,6.1 X 2.69mm,Low,SURFACE MOUNT,NOT SPECIFIED,55.0,-55.0,6.1,6.1,50.0,2.0,125.0,125.0,125.0,Industrial Part: Indicator Chip Slow Blow Movement 2A 125V SMD Solder Pad 2410 Ceramic T/R CSA/PSE/UL Electric Indicator. Rated Current: 2.0A. Voltage: 125.0V. Material: CERAMIC. Physical Size: 6.1mm x 6.1mm.
A974,"Indicator Chip Slow Blow Movement 2A 125V SMD Solder Pad 2410 Ceramic T/R CSA/PSE/UL Electric Indicator, Slow Blow, 2A, 125VAC, 125VDC, 50A (IR), Surface Mount, NANO",SLOW,AUTOMOTIVE,SLOW,CERAMIC,6.1 X 2.69mm,Low,SURFACE MOUNT,SURFACE MOUNT,125.0,-55.0,6.1,6.1,50.0,2.0,125.0,125.0,125.0,"Industrial Part: Indicator Chip Slow Blow Movement 2A 125V SMD Solder Pad 2410 Ceramic T/R CSA/PSE/UL Electric Indicator, Slow Blow, 2A, 125VAC, 125VDC, 50A (IR), Surface Mount, NANO. Rated Current: 2.0A. Voltage: 125.0V. Material: CERAMIC. Physical Size: 6.1mm x 6.1mm."
A975,"Indicator Chip Slow Blow Movement 3A 125V SMD Solder Pad 6.1 X 2.69mm Ceramic CSA/PSE/UL Electric Indicator, Fast Blow, 3A, 125VAC, 125VDC, 50A (IR), Surface Mount",SLOW,AUTOMOTIVE,FAST,CERAMIC,6.1 X 2.69mm,Low,SURFACE MOUNT,SURFACE MOUNT,125.0,-55.0,6.1,6.1,50.0,3.0,125.0,125.0,125.0,"Industrial Part: Indicator Chip Slow Blow Movement 3A 125V SMD Solder Pad 6.1 X 2.69mm Ceramic CSA/PSE/UL Electric Indicator, Fast Blow, 3A, 125VAC, 125VDC, 50A (IR), Surface Mount. Rated Current: 3.0A. Voltage: 125.0V. Material: CERAMIC. Physical Size: 6.1mm x 6.1mm."
A976,"Indicator Chip Slow Blow Movement 3A 125V SMD Solder Pad 2410 Ceramic T/R CSA/PSE/UL Electric Indicator, Time Lag Blow, 3A, 125VAC, 125VDC, 50A (IR), Surface Mount, NANO",SLOW,AUTOMOTIVE,SLOW,CERAMIC,6.1 X 2.69mm,High,SURFACE MOUNT,SURFACE MOUNT,125.0,-55.0,6.1,6.1,50.0,3.0,125.0,125.0,125.0,"Industrial Part: Indicator Chip Slow Blow Movement 3A 125V SMD Solder Pad 2410 Ceramic T/R CSA/PSE/UL Electric Indicator, Time Lag Blow, 3A, 125VAC, 125VDC, 50A (IR), Surface Mount, NANO. Rated Current: 3.0A. Voltage: 125.0V. Material: CERAMIC. Physical Size: 6.1mm x 6.1mm."
A977,"Indicator Chip Slow Blow Movement 3A 125V SMD Solder Pad 2410 Ceramic T/R CSA/PSE/UL Electric Indicator, Slow Blow, 3A, 125VAC, 125VDC, 50A (IR), Surface Mount, NANO",SLOW,AUTOMOTIVE,SLOW,CERAMIC,6.1 X 2.69mm,Low,SURFACE MOUNT,SURFACE MOUNT,125.0,-55.0,6.1,6.1,50.0,3.0,125.0,125.0,125.0,"Industrial Part: Indicator Chip Slow Blow Movement 3A 125V SMD Solder Pad 2410 Ceramic T/R CSA/PSE/UL Electric Indicator, Slow Blow, 3A, 125VAC, 125VDC, 50A (IR), Surface Mount, NANO. Rated Current: 3.0A. Voltage: 125.0V. Material: CERAMIC. Physical Size: 6.1mm x 6.1mm."
A978,"Indicator Chip Slow Blow Movement 3A 125V SMD Solder Pad 2410 Ceramic T/R CSA/PSE/UL Electric Indicator, Slow Blow, 3A, 125VAC, 125VDC, 50A (IR), Surface Mount, NANO",SLOW,AUTOMOTIVE,SLOW,CERAMIC,6.1 X 2.69mm,Low,SURFACE MOUNT,SURFACE MOUNT,125.0,-55.0,6.1,6.1,50.0,3.0,125.0,125.0,125.0,"Industrial Part: Indicator Chip Slow Blow Movement 3A 125V SMD Solder Pad 2410 Ceramic T/R CSA/PSE/UL Electric Indicator, Slow Blow, 3A, 125VAC, 125VDC, 50A (IR), Surface Mount, NANO. Rated Current: 3.0A. Voltage: 125.0V. Material: CERAMIC. Physical Size: 6.1mm x 6.1mm."
A979,"Indicator Chip Slow Blow Movement 4A 125V SMD Solder Pad 2410 Ceramic CSA/PSE/UL Electric Indicator, Fast Blow, 4A, 125VAC, 125VDC, 50A (IR), Surface Mount",SLOW,AUTOMOTIVE,FAST,CERAMIC,6.1 X 2.69mm,Low,SURFACE MOUNT,SURFACE MOUNT,125.0,-55.0,6.1,6.1,50.0,4.0,125.0,125.0,125.0,"Industrial Part: Indicator Chip Slow Blow Movement 4A 125V SMD Solder Pad 2410 Ceramic CSA/PSE/UL Electric Indicator, Fast Blow, 4A, 125VAC, 125VDC, 50A (IR), Surface Mount. Rated Current: 4.0A. Voltage: 125.0V. Material: CERAMIC. Physical Size: 6.1mm x 6.1mm."
A980,"Indicator Chip Slow Blow Movement 4A 125V SMD Solder Pad 2410 Ceramic T/R CSA/PSE/UL Electric Indicator, Time Lag Blow, 4A, 125VAC, 125VDC, 50A (IR), Surface Mount",SLOW,AUTOMOTIVE,SLOW,CERAMIC,6.1 X 2.69mm,High,SURFACE MOUNT,SURFACE MOUNT,125.0,-55.0,6.1,6.1,50.0,4.0,125.0,125.0,125.0,"Industrial Part: Indicator Chip Slow Blow Movement 4A 125V SMD Solder Pad 2410 Ceramic T/R CSA/PSE/UL Electric Indicator, Time Lag Blow, 4A, 125VAC, 125VDC, 50A (IR), Surface Mount. Rated Current: 4.0A. Voltage: 125.0V. Material: CERAMIC. Physical Size: 6.1mm x 6.1mm."
A981,"Indicator Chip Slow Blow Movement 4A 125V SMD Solder Pad 2410 Ceramic T/R CSA/PSE/UL Electric Indicator, Slow Blow, 4A, 125VAC, 125VDC, 50A (IR), Surface Mount, NANO",SLOW,AUTOMOTIVE,SLOW,CERAMIC,6.1 X 2.69mm,Low,SURFACE MOUNT,SURFACE MOUNT,125.0,-55.0,6.1,6.1,50.0,4.0,125.0,125.0,125.0,"Industrial Part: Indicator Chip Slow Blow Movement 4A 125V SMD Solder Pad 2410 Ceramic T/R CSA/PSE/UL Electric Indicator, Slow Blow, 4A, 125VAC, 125VDC, 50A (IR), Surface Mount, NANO. Rated Current: 4.0A. Voltage: 125.0V. Material: CERAMIC. Physical Size: 6.1mm x 6.1mm."
A982,"Indicator Chip Slow Blow Movement 4A 125V SMD Solder Pad 2410 Ceramic T/R CSA/PSE/UL Electric Indicator, Slow Blow, 4A, 125VAC, 125VDC, 50A (IR), Surface Mount",SLOW,AUTOMOTIVE,SLOW,CERAMIC,6.1 X 2.69mm,Low,SURFACE MOUNT,SURFACE MOUNT,125.0,-55.0,6.1,6.1,50.0,4.0,125.0,125.0,125.0,"Industrial Part: Indicator Chip Slow Blow Movement 4A 125V SMD Solder Pad 2410 Ceramic T/R CSA/PSE/UL Electric Indicator, Slow Blow, 4A, 125VAC, 125VDC, 50A (IR), Surface Mount. Rated Current: 4.0A. Voltage: 125.0V. Material: CERAMIC. Physical Size: 6.1mm x 6.1mm."
A983,"Indicator Chip Slow Blow Movement 5A 125V SMD Solder Pad 2410 Ceramic CSA/PSE/UL Electric Indicator, Fast Blow, 5A, 125VAC, 125VDC, 50A (IR), Surface Mount",SLOW,AUTOMOTIVE,FAST,CERAMIC,6.1 X 2.69mm,Low,SURFACE MOUNT,SURFACE MOUNT,125.0,-55.0,6.1,6.1,50.0,5.0,125.0,125.0,125.0,"Industrial Part: Indicator Chip Slow Blow Movement 5A 125V SMD Solder Pad 2410 Ceramic CSA/PSE/UL Electric Indicator, Fast Blow, 5A, 125VAC, 125VDC, 50A (IR), Surface Mount. Rated Current: 5.0A. Voltage: 125.0V. Material: CERAMIC. Physical Size: 6.1mm x 6.1mm."
A984,"Indicator Chip Slow Blow Movement 5A 125V SMD Solder Pad 2410 Ceramic T/R CSA/PSE/UL Electric Indicator, Time Lag Blow, 5A, 125VAC, 125VDC, 50A (IR), Surface Mount, NANO",SLOW,AUTOMOTIVE,SLOW,CERAMIC,6.1 X 2.69mm,Low,SURFACE MOUNT,SURFACE MOUNT,125.0,-55.0,6.1,6.1,50.0,5.0,125.0,125.0,125.0,"Industrial Part: Indicator Chip Slow Blow Movement 5A 125V SMD Solder Pad 2410 Ceramic T/R CSA/PSE/UL Electric Indicator, Time Lag Blow, 5A, 125VAC, 125VDC, 50A (IR), Surface Mount, NANO. Rated Current: 5.0A. Voltage: 125.0V. Material: CERAMIC. Physical Size: 6.1mm x 6.1mm."
A985,"Indicator Chip Slow Blow Movement 5A 125V SMD Solder Pad 2410 Ceramic T/R CSA/PSE/UL Electric Indicator, Slow Blow, 5A, 125VAC, 125VDC, 50A (IR), Surface Mount, NANO",SLOW,AUTOMOTIVE,SLOW,CERAMIC,6.1 X 2.69mm,Low,SURFACE MOUNT,SURFACE MOUNT,125.0,-55.0,6.1,6.1,50.0,5.0,125.0,125.0,125.0,"Industrial Part: Indicator Chip Slow Blow Movement 5A 125V SMD Solder Pad 2410 Ceramic T/R CSA/PSE/UL Electric Indicator, Slow Blow, 5A, 125VAC, 125VDC, 50A (IR), Surface Mount, NANO. Rated Current: 5.0A. Voltage: 125.0V. Material: CERAMIC. Physical Size: 6.1mm x 6.1mm."
A986,Indicator Chip Slow Blow Movement 5A 125V SMD Solder Pad 2410 Ceramic T/R CSA Electric Indicator,SLOW,AUTOMOTIVE,UNKNOWN,CERAMIC,6.1 X 2.69mm,Low,SURFACE MOUNT,NOT SPECIFIED,55.0,-55.0,6.1,6.1,50.0,5.0,125.0,125.0,125.0,Industrial Part: Indicator Chip Slow Blow Movement 5A 125V SMD Solder Pad 2410 Ceramic T/R CSA Electric Indicator. Rated Current: 5.0A. Voltage: 125.0V. Material: CERAMIC. Physical Size: 6.1mm x 6.1mm.
A987,"Indicator Chip Slow Blow Movement 5A 125V SMD Solder Pad 2410 Ceramic T/R CSA/PSE/UL Electric Indicator, Time Lag Blow, 5A, 125VAC, 125VDC, 50A (IR), Surface Mount, NANO",SLOW,AUTOMOTIVE,SLOW,CERAMIC,6.1 X 2.69mm,Low,SURFACE MOUNT,SURFACE MOUNT,125.0,-55.0,6.1,6.1,50.0,5.0,125.0,125.0,125.0,"Industrial Part: Indicator Chip Slow Blow Movement 5A 125V SMD Solder Pad 2410 Ceramic T/R CSA/PSE/UL Electric Indicator, Time Lag Blow, 5A, 125VAC, 125VDC, 50A (IR), Surface Mount, NANO. Rated Current: 5.0A. Voltage: 125.0V. Material: CERAMIC. Physical Size: 6.1mm x 6.1mm."
A988,"Indicator Chip Slow Blow Movement 5A 125V SMD Solder Pad 2410 Ceramic T/R CSA/PSE/UL Electric Indicator, Slow Blow, 5A, 125VAC, 125VDC, 50A (IR), Surface Mount, NANO",SLOW,AUTOMOTIVE,SLOW,CERAMIC,6.1 X 2.69mm,Low,SURFACE MOUNT,SURFACE MOUNT,125.0,-55.0,6.1,6.1,50.0,5.0,125.0,125.0,125.0,"Industrial Part: Indicator Chip Slow Blow Movement 5A 125V SMD Solder Pad 2410 Ceramic T/R CSA/PSE/UL Electric Indicator, Slow Blow, 5A, 125VAC, 125VDC, 50A (IR), Surface Mount, NANO. Rated Current: 5.0A. Voltage: 125.0V. Material: CERAMIC. Physical Size: 6.1mm x 6.1mm."
A989,"Indicator Chip Slow Blow Movement 7A 72V SMD Solder Pad 2410 Ceramic T/R CSA/UL Electric Indicator, Slow Blow, 7A, 72VAC, 60VDC, 50A (IR), Surface Mount",SLOW,AUTOMOTIVE,SLOW,CERAMIC,6.1 X 2.69mm,Low,SURFACE MOUNT,SURFACE MOUNT,55.0,-55.0,6.1,6.1,50.0,7.0,72.0,72.0,60.0,"Industrial Part: Indicator Chip Slow Blow Movement 7A 72V SMD Solder Pad 2410 Ceramic T/R CSA/UL Electric Indicator, Slow Blow, 7A, 72VAC, 60VDC, 50A (IR), Surface Mount. Rated Current: 7.0A. Voltage: 72.0V. Material: CERAMIC. Physical Size: 6.1mm x 6.1mm."
A990,"Indicator Chip Slow Blow Movement 7A 72V SMD Solder Pad 2410 Ceramic T/R CSA/UL Electric Indicator, Slow Blow, 7A, 72VAC, 60VDC, 50A (IR), Surface Mount",SLOW,AUTOMOTIVE,SLOW,CERAMIC,6.1 X 2.69mm,Low,SURFACE MOUNT,SURFACE MOUNT,55.0,-55.0,6.1,6.1,50.0,7.0,72.0,72.0,60.0,"Industrial Part: Indicator Chip Slow Blow Movement 7A 72V SMD Solder Pad 2410 Ceramic T/R CSA/UL Electric Indicator, Slow Blow, 7A, 72VAC, 60VDC, 50A (IR), Surface Mount. Rated Current: 7.0A. Voltage: 72.0V. Material: CERAMIC. Physical Size: 6.1mm x 6.1mm."
A991,,UNKNOWN,NOT SPECIFIED,FAST,UNKNOWN,NOT SPECIFIED,Low,UNKNOWN,SURFACE MOUNT,55.0,-55.0,6.1,8.4,50.0,1.5,125.0,125.0,125.0,Industrial Part: nan. Rated Current: 1.5A. Voltage: 125.0V. Material: UNKNOWN. Physical Size: 6.1mm x 8.4mm.
A992,"Indicator Chip Slow Blow Movement 1.5A 125V SMD Solder Pad 2410 Ceramic T/R CSA/PSE/UL Electric Indicator, Time Lag Blow, 1.5A, 125VAC, 125VDC, 50A (IR), Surface Mount, NANO",SLOW,AUTOMOTIVE,SLOW,CERAMIC,6.1 X 2.69mm,High,SURFACE MOUNT,SURFACE MOUNT,125.0,-55.0,6.1,6.1,50.0,1.5,125.0,125.0,125.0,"Industrial Part: Indicator Chip Slow Blow Movement 1.5A 125V SMD Solder Pad 2410 Ceramic T/R CSA/PSE/UL Electric Indicator, Time Lag Blow, 1.5A, 125VAC, 125VDC, 50A (IR), Surface Mount, NANO. Rated Current: 1.5A. Voltage: 125.0V. Material: CERAMIC. Physical Size: 6.1mm x 6.1mm."
A993,"Indicator Chip Slow Blow Movement 1.5A 125V SMD Solder Pad 2410 Ceramic T/R CSA/PSE/UL Electric Indicator, Slow Blow, 1.5A, 125VAC, 125VDC, 50A (IR), Surface Mount, NANO",SLOW,AUTOMOTIVE,SLOW,CERAMIC,6.1 X 2.69mm,Low,SURFACE MOUNT,SURFACE MOUNT,125.0,-55.0,6.1,6.1,50.0,1.5,125.0,125.0,125.0,"Industrial Part: Indicator Chip Slow Blow Movement 1.5A 125V SMD Solder Pad 2410 Ceramic T/R CSA/PSE/UL Electric Indicator, Slow Blow, 1.5A, 125VAC, 125VDC, 50A (IR), Surface Mount, NANO. Rated Current: 1.5A. Voltage: 125.0V. Material: CERAMIC. Physical Size: 6.1mm x 6.1mm."
A994,Indicator Chip Slow Blow Movement 1.5A 125V SMD Solder Pad 2410 Ceramic T/R CSA/PSE/UL Electric Indicator,SLOW,AUTOMOTIVE,UNKNOWN,CERAMIC,6.1 X 2.69mm,Low,SURFACE MOUNT,NOT SPECIFIED,55.0,-55.0,6.1,6.1,50.0,1.5,125.0,125.0,125.0,Industrial Part: Indicator Chip Slow Blow Movement 1.5A 125V SMD Solder Pad 2410 Ceramic T/R CSA/PSE/UL Electric Indicator. Rated Current: 1.5A. Voltage: 125.0V. Material: CERAMIC. Physical Size: 6.1mm x 6.1mm.
A995,"Indicator Chip Slow Blow Movement 1.5A 125V SMD Solder Pad 2410 Ceramic T/R CSA/PSE/UL Electric Indicator, Slow Blow, 1.5A, 125VAC, 125VDC, 50A (IR), Surface Mount, NANO",SLOW,AUTOMOTIVE,SLOW,CERAMIC,6.1 X 2.69mm,Low,SURFACE MOUNT,SURFACE MOUNT,125.0,-55.0,6.1,6.1,50.0,1.5,125.0,125.0,125.0,"Industrial Part: Indicator Chip Slow Blow Movement 1.5A 125V SMD Solder Pad 2410 Ceramic T/R CSA/PSE/UL Electric Indicator, Slow Blow, 1.5A, 125VAC, 125VDC, 50A (IR), Surface Mount, NANO. Rated Current: 1.5A. Voltage: 125.0V. Material: CERAMIC. Physical Size: 6.1mm x 6.1mm."
A996,"Indicator Chip Slow Blow Movement 2.5A 125V SMD Solder Pad 2410 Ceramic T/R CSA/PSE/UL Electric Indicator, Time Lag Blow, 2.5A, 125VAC, 125VDC, 50A (IR), Surface Mount",SLOW,AUTOMOTIVE,SLOW,CERAMIC,6.1 X 2.69mm,High,SURFACE MOUNT,SURFACE MOUNT,125.0,-55.0,6.1,6.1,50.0,2.5,125.0,125.0,125.0,"Industrial Part: Indicator Chip Slow Blow Movement 2.5A 125V SMD Solder Pad 2410 Ceramic T/R CSA/PSE/UL Electric Indicator, Time Lag Blow, 2.5A, 125VAC, 125VDC, 50A (IR), Surface Mount. Rated Current: 2.5A. Voltage: 125.0V. Material: CERAMIC. Physical Size: 6.1mm x 6.1mm."
A997,"Indicator Chip Slow Blow Movement 2.5A 125V SMD Solder Pad 2410 Ceramic T/R CSA/PSE/UL Electric Indicator, Slow Blow, 2.5A, 125VAC, 125VDC, 50A (IR), Surface Mount",SLOW,AUTOMOTIVE,SLOW,CERAMIC,6.1 X 2.69mm,Low,SURFACE MOUNT,SURFACE MOUNT,125.0,-55.0,6.1,6.1,50.0,2.5,125.0,125.0,125.0,"Industrial Part: Indicator Chip Slow Blow Movement 2.5A 125V SMD Solder Pad 2410 Ceramic T/R CSA/PSE/UL Electric Indicator, Slow Blow, 2.5A, 125VAC, 125VDC, 50A (IR), Surface Mount. Rated Current: 2.5A. Voltage: 125.0V. Material: CERAMIC. Physical Size: 6.1mm x 6.1mm."
A998,"Indicator Chip Slow Blow Movement 2.5A 125V SMD Solder Pad 2410 Ceramic T/R CSA/PSE/UL Electric Indicator, Slow Blow, 2.5A, 125VAC, 125VDC, 50A (IR), Surface Mount",SLOW,AUTOMOTIVE,SLOW,CERAMIC,6.1 X 2.69mm,Low,SURFACE MOUNT,SURFACE MOUNT,125.0,-55.0,6.1,6.1,50.0,2.5,125.0,125.0,125.0,"Industrial Part: Indicator Chip Slow Blow Movement 2.5A 125V SMD Solder Pad 2410 Ceramic T/R CSA/PSE/UL Electric Indicator, Slow Blow, 2.5A, 125VAC, 125VDC, 50A (IR), Surface Mount. Rated Current: 2.5A. Voltage: 125.0V. Material: CERAMIC. Physical Size: 6.1mm x 6.1mm."
